trial,stage,n_events,threshold,tie_acceptance,observed,expected_background,local_significance,expected_background_uncertainty
-1,pre_cut,199984.0,,,24157.0,24828.453478013635,0.0,159.15202800027006
-1,post_10pct,20027.553900233957,1.0,0.11755604933046475,2291.167401446317,2369.4332701125622,0.0,49.00623396271122
-1,post_1pct,2002.7553900233956,1.0,0.011755604933046475,229.11674014452774,236.9433284816009,0.0,15.49713199585936
0,pre_cut,200350.0,,,24398.0,24859.11796872744,0.0,159.3720246654386
0,post_10pct,20027.0,1.0,0.11755604933046475,2386.0,2354.805096294869,0.4522277548532631,48.70515697484563
0,post_1pct,2059.0,1.0,0.011755604933046475,226.0,253.20213563887847,0.0,16.359022244852557
1,pre_cut,199633.0,,,24224.0,24762.011359548498,0.0,159.0196613986806
1,post_10pct,20238.0,1.0,0.11755604933046475,2392.0,2440.0191867190415,0.0,49.928567760756806
1,post_1pct,2042.0,1.0,0.011755604933046475,255.0,257.58704626464015,0.0,16.270443143879973
2,pre_cut,200273.0,,,24161.0,24864.28998937468,0.0,159.45193192651496
2,post_10pct,20537.0,1.0,0.11755604933046475,2418.0,2410.269802146643,0.11087246465183047,49.42695386888973
2,post_1pct,1880.0,1.0,0.011755604933046475,233.0,216.95635278993933,0.7426854175835503,15.26319891235411
3,pre_cut,199700.0,,,24084.0,24661.2681854652,0.0,158.67865069710004
3,post_10pct,19951.0,1.0,0.11755604933046475,2242.0,2252.1376126989817,0.0,47.736409792764235
3,post_1pct,2045.0,1.0,0.011755604933046475,261.0,237.89341493254125,1.028176506000356,15.61560983989425
4,pre_cut,200358.0,,,24339.0,24793.206464895986,0.0,159.01678317059233
4,post_10pct,19929.0,1.0,0.11755604933046475,2269.0,2338.2170777268457,0.0,48.4945255765349
4,post_1pct,1975.0,1.0,0.011755604933046475,,,,
5,pre_cut,200223.0,,,24105.0,25102.91241265506,0.0,160.26834105111104
5,post_10pct,20113.0,1.0,0.11755604933046475,2313.0,2422.774678702881,0.0,49.18486420227588
5,post_1pct,2002.0,1.0,0.011755604933046475,212.0,229.61415528700968,0.0,15.812127199957528
6,pre_cut,200798.0,,,24061.0,25013.58487942496,0.0,159.70115983877872
6,post_10pct,20121.0,1.0,0.11755604933046475,2280.0,2411.192102904819,0.0,49.588903052782285
6,post_1pct,1993.0,1.0,0.011755604933046475,233.0,239.7306980472363,0.0,15.576261727734556
7,pre_cut,199644.0,,,24202.0,24774.86111417137,0.0,158.74880407384617
7,post_10pct,19684.0,1.0,0.11755604933046475,2213.0,2302.507389833603,0.0,47.90452930230737
7,post_1pct,2058.0,1.0,0.011755604933046475,241.0,244.36460358838954,0.0,16.302863356523666
8,pre_cut,199829.0,,,24030.0,24781.234003858495,0.0,158.8775667581444
8,post_10pct,19859.0,1.0,0.11755604933046475,2260.0,2349.807297715554,0.0,48.703330524002425
8,post_1pct,2153.0,1.0,0.011755604933046475,222.0,236.83885440635,0.0,15.108089789900879
9,pre_cut,199756.0,,,24005.0,24601.29478757327,0.0,158.3012096051887
9,post_10pct,19990.0,1.0,0.11755604933046475,2299.0,2335.8506694340244,0.0,48.711730659819466
9,post_1pct,1974.0,1.0,0.011755604933046475,,,,
10,pre_cut,200289.0,,,24357.0,25001.712258428444,0.0,159.70817875428884
10,post_10pct,19867.0,1.0,0.11755604933046475,2335.0,2344.259006532432,0.0,48.82216173517155
10,post_1pct,1962.0,1.0,0.011755604933046475,,,,
11,pre_cut,200170.0,,,24262.0,24954.448595298592,0.0,159.59470412757054
11,post_10pct,19766.0,1.0,0.11755604933046475,2255.0,2327.1934195561525,0.0,48.67358129732051
11,post_1pct,2075.0,1.0,0.011755604933046475,238.0,242.1623695738728,0.0,15.166348514908018
12,pre_cut,200309.0,,,24124.0,24759.663655809643,0.0,158.9064075693718
12,post_10pct,20205.0,1.0,0.11755604933046475,2310.0,2450.556698195949,0.0,50.26006203690565
12,post_1pct,1993.0,1.0,0.011755604933046475,229.0,243.15612285173322,0.0,16.01562725997037
13,pre_cut,200061.0,,,23860.0,24912.61127254789,0.0,159.71655671094635
13,post_10pct,20088.0,1.0,0.11755604933046475,2346.0,2351.197610809776,0.0,48.60573344946494
13,post_1pct,2002.0,1.0,0.011755604933046475,209.0,226.33834778795716,0.0,15.195331296325554
14,pre_cut,200274.0,,,24304.0,24828.36451304932,0.0,158.93814830029848
14,post_10pct,20028.0,1.0,0.11755604933046475,2268.0,2376.1987506523265,0.0,49.50877463098796
14,post_1pct,1962.0,1.0,0.011755604933046475,230.0,229.76910089481362,0.010627374368821937,15.557850985757202
15,pre_cut,200202.0,,,24216.0,24789.76286247247,0.0,159.09737284316196
15,post_10pct,19777.0,1.0,0.11755604933046475,2141.0,2357.705703312052,0.0,48.576531242480996
15,post_1pct,1954.0,1.0,0.011755604933046475,241.0,230.08090687145972,0.5047680234067288,15.069048434581768
16,pre_cut,200430.0,,,24438.0,24819.20007214346,0.0,158.8199602304794
16,post_10pct,20467.0,1.0,0.11755604933046475,2310.0,2401.7929054184597,0.0,49.484206726280846
16,post_1pct,2016.0,1.0,0.011755604933046475,222.0,240.7597665130126,0.0,15.630194404776677
17,pre_cut,199771.0,,,23960.0,24860.722858887188,0.0,159.25203028730337
17,post_10pct,19990.0,1.0,0.11755604933046475,2162.0,2367.2808143663606,0.0,48.841233132994624
17,post_1pct,2072.0,1.0,0.011755604933046475,211.0,261.8304909763259,0.0,16.49230240786314
18,pre_cut,200275.0,,,24158.0,24743.1337839121,0.0,158.76737916893094
18,post_10pct,19991.0,1.0,0.11755604933046475,2298.0,2352.0090335399705,0.0,48.67739539781819
18,post_1pct,2009.0,1.0,0.011755604933046475,226.0,228.45287588044664,0.0,14.738165461691619
19,pre_cut,200255.0,,,24009.0,24785.959878682042,0.0,158.99093513393325
19,post_10pct,19962.0,1.0,0.11755604933046475,2269.0,2282.7547040443264,0.0,48.080858067955454
19,post_1pct,2023.0,1.0,0.011755604933046475,201.0,253.7222711087647,0.0,15.839390562988964
20,pre_cut,200150.0,,,24045.0,25069.948154323105,0.0,160.15465991968702
20,post_10pct,20186.0,1.0,0.11755604933046475,2218.0,2401.8965184767017,0.0,48.99534137357706
20,post_1pct,2024.0,1.0,0.011755604933046475,232.0,232.39493283211524,0.0,15.232445520057869
21,pre_cut,199789.0,,,24036.0,24924.641172378728,0.0,159.8942961073265
21,post_10pct,19708.0,1.0,0.11755604933046475,2300.0,2320.746250735201,0.0,48.54559606687158
21,post_1pct,2058.0,1.0,0.011755604933046475,214.0,251.49812722822426,0.0,15.738951739521893
22,pre_cut,199767.0,,,24042.0,24755.41268953745,0.0,158.67679675742656
22,post_10pct,20035.0,1.0,0.11755604933046475,2336.0,2330.6653033179496,0.0776815882697686,48.785536556596746
22,post_1pct,1977.0,1.0,0.011755604933046475,236.0,256.34666733056144,0.0,16.390343860714626
23,pre_cut,199103.0,,,24034.0,24537.84232143947,0.0,158.10769236010913
23,post_10pct,19948.0,1.0,0.11755604933046475,2187.0,2353.786942879454,0.0,48.9240447296723
23,post_1pct,1829.0,1.0,0.011755604933046475,221.0,195.11006169486748,1.2737492097145746,13.878905043908118
24,pre_cut,200052.0,,,24269.0,24870.96771617337,0.0,159.22101727395167
24,post_10pct,19829.0,1.0,0.11755604933046475,2298.0,2333.033594433376,0.0,48.26783784240891
24,post_1pct,1958.0,1.0,0.011755604933046475,206.0,232.17600843323305,0.0,15.43235049078923
25,pre_cut,199656.0,,,24052.0,24690.82600330151,0.0,158.79176371887704
25,post_10pct,19950.0,1.0,0.11755604933046475,2244.0,2351.271094970906,0.0,49.061711856187394
25,post_1pct,1962.0,1.0,0.011755604933046475,204.0,248.77922685452182,0.0,16.243381193603298
26,pre_cut,200137.0,,,24162.0,24766.533339213973,0.0,158.7500249750658
26,post_10pct,20134.0,1.0,0.11755604933046475,2331.0,2337.8841110692338,0.0,48.701000771519915
26,post_1pct,1997.0,1.0,0.011755604933046475,228.0,256.23580859174524,0.0,15.97188711972399
27,pre_cut,200038.0,,,23979.0,24939.664097588942,0.0,159.28665484205163
27,post_10pct,19923.0,1.0,0.11755604933046475,2236.0,2349.513565000805,0.0,48.785922633737705
27,post_1pct,1992.0,1.0,0.011755604933046475,220.0,244.2707347613902,0.0,16.047805616171765
28,pre_cut,200251.0,,,24271.0,24814.297412106498,0.0,159.05750520035028
28,post_10pct,19849.0,1.0,0.11755604933046475,2380.0,2324.5976616170074,0.8027321388379515,48.81152878525376
28,post_1pct,2047.0,1.0,0.011755604933046475,232.0,240.74072734823653,0.0,15.690084370502985
29,pre_cut,200497.0,,,24426.0,25115.454092268916,0.0,160.25149475584914
29,post_10pct,19860.0,1.0,0.11755604933046475,2349.0,2307.6031726388915,0.6052717524290705,48.25475678404013
29,post_1pct,2000.0,1.0,0.011755604933046475,,,,
30,pre_cut,199609.0,,,24002.0,24735.10301459286,0.0,158.6931992669414
30,post_10pct,19807.0,1.0,0.11755604933046475,2324.0,2353.857368733972,0.0,49.350206030561836
30,post_1pct,1934.0,1.0,0.011755604933046475,208.0,229.80112322833156,0.0,15.211080169124514
31,pre_cut,199963.0,,,24116.0,24868.09192405126,0.0,159.3239908807613
31,post_10pct,20093.0,1.0,0.11755604933046475,2239.0,2448.778915193485,0.0,49.71370623402128
31,post_1pct,2011.0,1.0,0.011755604933046475,216.0,237.7604881765229,0.0,15.309604521009629
32,pre_cut,200780.0,,,24137.0,25060.590519168596,0.0,159.76421858353584
32,post_10pct,20000.0,1.0,0.11755604933046475,2183.0,2474.8210690933647,0.0,50.057223624940555
32,post_1pct,2129.0,1.0,0.011755604933046475,266.0,236.84842788558228,1.2885021929915772,15.66667116912576
33,pre_cut,199540.0,,,24059.0,24834.3858112784,0.0,159.40334758054343
33,post_10pct,20196.0,1.0,0.11755604933046475,2291.0,2322.1080647781273,0.0,48.48929807189939
33,post_1pct,1955.0,1.0,0.011755604933046475,208.0,259.6935503425368,0.0,15.894627259027779
34,pre_cut,199970.0,,,24215.0,24836.759745328898,0.0,159.1945967062965
34,post_10pct,20106.0,1.0,0.11755604933046475,2330.0,2313.289851668367,0.24396244904895817,48.593316660169755
34,post_1pct,1960.0,1.0,0.011755604933046475,237.0,220.674009266579,0.7618405590659666,14.908064518538357
35,pre_cut,200260.0,,,23961.0,24885.837495049098,0.0,159.25842059741908
35,post_10pct,20111.0,1.0,0.11755604933046475,2198.0,2423.3777827892472,0.0,49.98749205594441
35,post_1pct,2030.0,1.0,0.011755604933046475,212.0,237.77666670553623,0.0,15.575700178856902
36,pre_cut,199342.0,,,24366.0,24638.026345454593,0.0,158.66383818048587
36,post_10pct,19655.0,1.0,0.11755604933046475,2262.0,2309.467451745705,0.0,48.16451248172133
36,post_1pct,1948.0,1.0,0.011755604933046475,246.0,220.8162360544919,1.165409398819623,14.871622329393125
37,pre_cut,199625.0,,,24044.0,24759.70259538007,0.0,158.9590963847601
37,post_10pct,19915.0,1.0,0.11755604933046475,2357.0,2407.3443215589346,0.0,49.90414789142137
37,post_1pct,2037.0,1.0,0.011755604933046475,260.0,273.292378644603,0.0,16.551315935779368
38,pre_cut,199784.0,,,24282.0,24582.639694190973,0.0,157.97857833376943
38,post_10pct,19962.0,1.0,0.11755604933046475,2202.0,2378.1490572499333,0.0,48.614265678871476
38,post_1pct,1930.0,1.0,0.011755604933046475,204.0,252.7488042627598,0.0,16.652625714635402
39,pre_cut,199897.0,,,24038.0,24757.143403906062,0.0,158.75774752871524
39,post_10pct,19835.0,1.0,0.11755604933046475,2187.0,2329.3491372553617,0.0,48.83571435538857
39,post_1pct,2122.0,1.0,0.011755604933046475,216.0,257.97541086003577,0.0,15.900927741635506
40,pre_cut,200674.0,,,24512.0,24808.630246702698,0.0,158.96054442531062
40,post_10pct,19947.0,1.0,0.11755604933046475,2281.0,2369.7168159655575,0.0,49.009549077300136
40,post_1pct,1971.0,1.0,0.011755604933046475,242.0,258.6799318496695,0.0,16.573894526215337
41,pre_cut,200037.0,,,24169.0,24920.537315623762,0.0,159.7194256175024
41,post_10pct,20337.0,1.0,0.11755604933046475,2360.0,2423.0065679215995,0.0,49.61402278195836
41,post_1pct,1939.0,1.0,0.011755604933046475,241.0,211.4565959692539,1.3940156915044808,14.447106429742185
42,pre_cut,200671.0,,,24245.0,24991.210824847163,0.0,159.86179117008157
42,post_10pct,20181.0,1.0,0.11755604933046475,2352.0,2419.49803162075,0.0,50.03450187311521
42,post_1pct,2055.0,1.0,0.011755604933046475,,,,
43,pre_cut,199750.0,,,24251.0,24726.967098930385,0.0,158.6721933635163
43,post_10pct,20026.0,1.0,0.11755604933046475,2278.0,2371.4435558584773,0.0,48.878885513493
43,post_1pct,2088.0,1.0,0.011755604933046475,,,,
44,pre_cut,199853.0,,,24218.0,24674.936922674882,0.0,158.66228309995628
44,post_10pct,20114.0,1.0,0.11755604933046475,2300.0,2382.453247387409,0.0,49.24009323821749
44,post_1pct,2163.0,1.0,0.011755604933046475,251.0,265.98294840564677,0.0,16.397898939916303
45,pre_cut,199843.0,,,24134.0,24930.09975871222,0.0,159.76667473315842
45,post_10pct,19888.0,1.0,0.11755604933046475,2265.0,2365.2615790901446,0.0,49.35577100536976
45,post_1pct,2154.0,1.0,0.011755604933046475,241.0,250.41632560503436,0.0,16.417994874980288
46,pre_cut,200977.0,,,24049.0,24894.438375369435,0.0,159.5834358771251
46,post_10pct,19807.0,1.0,0.11755604933046475,2273.0,2290.6675345353706,0.0,47.9238424820034
46,post_1pct,2065.0,1.0,0.011755604933046475,215.0,259.0871165340254,0.0,16.4957972518839
47,pre_cut,200307.0,,,24085.0,24704.73346195617,0.0,158.63458747747268
47,post_10pct,19919.0,1.0,0.11755604933046475,2376.0,2261.833329180753,1.6741430358731186,47.69149786149798
47,post_1pct,2062.0,1.0,0.011755604933046475,215.0,246.91684960576424,0.0,15.893629480699278
48,pre_cut,199479.0,,,23903.0,24803.64855681582,0.0,159.06862664174503
48,post_10pct,20292.0,1.0,0.11755604933046475,2340.0,2367.5844618371957,0.0,49.089920955700016
48,post_1pct,1914.0,1.0,0.011755604933046475,201.0,225.04376653872941,0.0,14.896444365221985
49,pre_cut,199454.0,,,24280.0,24774.56037243853,0.0,159.14684386773257
49,post_10pct,19768.0,1.0,0.11755604933046475,2299.0,2289.594335789232,0.1381560952551159,48.32970615881192
49,post_1pct,2010.0,1.0,0.011755604933046475,,,,
50,pre_cut,199743.0,,,24010.0,25045.137955936814,0.0,160.31526328023244
50,post_10pct,20184.0,1.0,0.11755604933046475,2357.0,2496.1780806493643,0.0,50.799689647048055
50,post_1pct,2060.0,1.0,0.011755604933046475,216.0,256.79308789997424,0.0,16.44271498057528
51,pre_cut,200685.0,,,24358.0,24824.952121511807,0.0,158.96595828853407
51,post_10pct,20043.0,1.0,0.11755604933046475,2298.0,2315.687394069477,0.0,48.11601751756807
51,post_1pct,2003.0,1.0,0.011755604933046475,191.0,251.10579388750097,0.0,16.085894489731817
52,pre_cut,199670.0,,,24138.0,24841.956216224793,0.0,159.1647299442595
52,post_10pct,20198.0,1.0,0.11755604933046475,2262.0,2368.6878676799033,0.0,48.80137963425037
52,post_1pct,1935.0,1.0,0.011755604933046475,206.0,254.29882587484798,0.0,15.973185133025874
53,pre_cut,200271.0,,,24535.0,24752.6231025504,0.0,159.21980736621384
53,post_10pct,20040.0,1.0,0.11755604933046475,2329.0,2374.5333576971293,0.0,49.36993668392417
53,post_1pct,1963.0,1.0,0.011755604933046475,206.0,259.4308761056659,0.0,15.931100563073812
54,pre_cut,200048.0,,,24108.0,24775.60863552309,0.0,158.89905980756197
54,post_10pct,19717.0,1.0,0.11755604933046475,2228.0,2310.464763049462,0.0,48.36401293644625
54,post_1pct,2078.0,1.0,0.011755604933046475,206.0,259.14427752121793,0.0,16.72578945295414
55,pre_cut,199577.0,,,24110.0,24883.714540378372,0.0,159.31142892354185
55,post_10pct,20088.0,1.0,0.11755604933046475,2320.0,2446.7929551590564,0.0,49.956077887363136
55,post_1pct,1944.0,1.0,0.011755604933046475,204.0,211.74604127175,0.0,14.760313531283469
56,pre_cut,200107.0,,,23991.0,25006.447878382132,0.0,159.91206234235
56,post_10pct,20082.0,1.0,0.11755604933046475,2363.0,2442.4881383904512,0.0,49.967773739075014
56,post_1pct,2031.0,1.0,0.011755604933046475,212.0,249.1149129761638,0.0,15.4407112196574
57,pre_cut,199968.0,,,24263.0,24892.04986094357,0.0,159.5802653840275
57,post_10pct,20348.0,1.0,0.11755604933046475,2343.0,2408.0474559402237,0.0,50.20311637818067
57,post_1pct,2041.0,1.0,0.011755604933046475,220.0,231.97597437719415,0.0,15.265845599326347
58,pre_cut,200324.0,,,24253.0,24817.748844641552,0.0,159.06293606342064
58,post_10pct,19947.0,1.0,0.11755604933046475,2148.0,2348.5054038730464,0.0,48.86879168540474
58,post_1pct,2002.0,1.0,0.011755604933046475,215.0,224.942784061731,0.0,14.981266884255584
59,pre_cut,200010.0,,,24137.0,24792.095793711196,0.0,159.14505541371136
59,post_10pct,19938.0,1.0,0.11755604933046475,2319.0,2378.4033025124845,0.0,48.58000555114999
59,post_1pct,2035.0,1.0,0.011755604933046475,248.0,258.262118568642,0.0,16.310879996598548
60,pre_cut,201012.0,,,24137.0,25179.116932630386,0.0,160.6009281841286
60,post_10pct,19983.0,1.0,0.11755604933046475,2303.0,2381.4019282218087,0.0,48.78096751046645
60,post_1pct,2031.0,1.0,0.011755604933046475,216.0,242.0494207129261,0.0,15.803145116795207
61,pre_cut,199863.0,,,24440.0,24765.73644398879,0.0,158.9064619959536
61,post_10pct,19927.0,1.0,0.11755604933046475,2361.0,2363.984098602613,0.0,48.66684263287506
61,post_1pct,1931.0,1.0,0.011755604933046475,,,,
62,pre_cut,199854.0,,,24168.0,24668.27769355518,0.0,158.9263606550845
62,post_10pct,20070.0,1.0,0.11755604933046475,2302.0,2381.17354700533,0.0,49.02964176614428
62,post_1pct,2038.0,1.0,0.011755604933046475,272.0,232.8673137213002,1.7010122300804218,15.977330539572021
63,pre_cut,199798.0,,,24167.0,24781.33868399929,0.0,159.16258130398435
63,post_10pct,19683.0,1.0,0.11755604933046475,2182.0,2315.362323639831,0.0,48.57683726551851
63,post_1pct,1941.0,1.0,0.011755604933046475,195.0,235.79540140526558,0.0,15.491115211413195
64,pre_cut,200260.0,,,24164.0,24806.42560736571,0.0,158.91621770860567
64,post_10pct,19917.0,1.0,0.11755604933046475,2239.0,2347.3383318273873,0.0,49.00231115224568
64,post_1pct,1982.0,1.0,0.011755604933046475,237.0,243.70274766330593,0.0,15.77043400627082
65,pre_cut,200163.0,,,24167.0,24995.319923896488,0.0,159.55203597870334
65,post_10pct,19999.0,1.0,0.11755604933046475,2376.0,2329.001781156244,0.6822723190194593,48.66894644964543
65,post_1pct,1908.0,1.0,0.011755604933046475,250.0,225.57597487434543,1.102929689728281,15.478726861482388
66,pre_cut,199964.0,,,24062.0,24782.591071179635,0.0,159.17993284239907
66,post_10pct,20231.0,1.0,0.11755604933046475,2446.0,2433.7084060873094,0.17510703944926315,49.81111975327901
66,post_1pct,2054.0,1.0,0.011755604933046475,230.0,237.46406769629644,0.0,15.116887629380878
67,pre_cut,200007.0,,,24407.0,24857.653996549278,0.0,159.2212422305479
67,post_10pct,20000.0,1.0,0.11755604933046475,2402.0,2358.249747927514,0.6315275578981516,48.957884699135114
67,post_1pct,2020.0,1.0,0.011755604933046475,256.0,244.58800435233064,0.5042915611258989,15.99379522184844
68,pre_cut,200238.0,,,24383.0,24774.5535114176,0.0,158.7981531950298
68,post_10pct,20067.0,1.0,0.11755604933046475,2399.0,2372.660085101737,0.38076958782901515,48.8484376133538
68,post_1pct,2083.0,1.0,0.011755604933046475,251.0,256.0628845162615,0.0,15.844559676856402
69,pre_cut,199635.0,,,24537.0,24772.241994210515,0.0,159.15206230801192
69,post_10pct,20062.0,1.0,0.11755604933046475,2319.0,2395.0366090994803,0.0,49.821598932549456
69,post_1pct,1996.0,1.0,0.011755604933046475,213.0,235.69533613057456,0.0,15.3071603522493
70,pre_cut,199886.0,,,24200.0,24859.775091978045,0.0,159.30343857518255
70,post_10pct,20238.0,1.0,0.11755604933046475,2367.0,2402.6919914512437,0.0,49.39099855601887
70,post_1pct,1902.0,1.0,0.011755604933046475,198.0,237.89854542788362,0.0,15.874839153766686
71,pre_cut,200415.0,,,24339.0,24887.24690154722,0.0,158.9273805953176
71,post_10pct,20116.0,1.0,0.11755604933046475,2396.0,2437.7489031228884,0.0,49.97286045905488
71,post_1pct,2006.0,1.0,0.011755604933046475,207.0,224.52689103330013,0.0,14.578314000316043
72,pre_cut,199611.0,,,24327.0,24625.008405820474,0.0,158.55218848953467
72,post_10pct,19940.0,1.0,0.11755604933046475,2314.0,2395.0655802484657,0.0,49.590466720554005
72,post_1pct,2050.0,1.0,0.011755604933046475,226.0,242.2261214601499,0.0,16.232692597871846
73,pre_cut,199224.0,,,24180.0,24555.959713310258,0.0,158.0146652280156
73,post_10pct,19883.0,1.0,0.11755604933046475,2275.0,2353.652427271191,0.0,48.59295953955546
73,post_1pct,2007.0,1.0,0.011755604933046475,,,,
74,pre_cut,200005.0,,,24520.0,24685.73438570947,0.0,158.93704779922936
74,post_10pct,19972.0,1.0,0.11755604933046475,2283.0,2293.297669824218,0.0,47.86786619894947
74,post_1pct,1868.0,1.0,0.011755604933046475,232.0,233.88417445797035,0.0,14.808807144107455
75,pre_cut,199622.0,,,24180.0,24658.566874406457,0.0,158.7555097157721
75,post_10pct,19958.0,1.0,0.11755604933046475,2327.0,2376.6187059622494,0.0,48.99185145501798
75,post_1pct,2052.0,1.0,0.011755604933046475,254.0,235.8900281047156,0.8148118661071765,15.488718093753205
76,pre_cut,199963.0,,,24166.0,24714.50537633156,0.0,158.60465680894976
76,post_10pct,20080.0,1.0,0.11755604933046475,2224.0,2410.522113077042,0.0,49.16764214524348
76,post_1pct,1914.0,1.0,0.011755604933046475,217.0,223.5985343704617,0.0,14.859450786103636
77,pre_cut,200719.0,,,24451.0,24822.805919212522,0.0,158.82838044586094
77,post_10pct,20471.0,1.0,0.11755604933046475,2416.0,2313.0749951227235,1.4986709868334753,47.9721029241798
77,post_1pct,1993.0,1.0,0.011755604933046475,203.0,232.56690490406498,0.0,15.423244528827505
78,pre_cut,200356.0,,,24095.0,24888.851281916417,0.0,159.8729509420662
78,post_10pct,20112.0,1.0,0.11755604933046475,2273.0,2359.2097722895132,0.0,49.139487906908904
78,post_1pct,1942.0,1.0,0.011755604933046475,207.0,221.47248666801386,0.0,14.819130093883322
79,pre_cut,200077.0,,,24064.0,24955.430144717386,0.0,159.64298128005822
79,post_10pct,20081.0,1.0,0.11755604933046475,2295.0,2351.762772433619,0.0,49.27637308716642
79,post_1pct,1986.0,1.0,0.011755604933046475,258.0,218.24825421339176,1.8009252215114313,15.117329719020157
80,pre_cut,200443.0,,,24001.0,24955.73948373748,0.0,159.74424407962957
80,post_10pct,20192.0,1.0,0.11755604933046475,2153.0,2355.1025084021785,0.0,49.202079500066795
80,post_1pct,2035.0,1.0,0.011755604933046475,208.0,237.5163610593741,0.0,15.75902780568844
81,pre_cut,199890.0,,,24166.0,24692.356198077316,0.0,158.54895365932964
81,post_10pct,19988.0,1.0,0.11755604933046475,2238.0,2363.627698967117,0.0,48.83247073961579
81,post_1pct,1992.0,1.0,0.011755604933046475,260.0,218.57294624703786,1.8988835224239182,14.723568250966492
82,pre_cut,200377.0,,,24071.0,24854.70464166201,0.0,159.62289027196357
82,post_10pct,20103.0,1.0,0.11755604933046475,2219.0,2366.699950207714,0.0,49.05392311189722
82,post_1pct,1985.0,1.0,0.011755604933046475,237.0,248.1404066339839,0.0,15.955592639412627
83,pre_cut,199597.0,,,24033.0,24867.16989683393,0.0,159.03627660160504
83,post_10pct,20205.0,1.0,0.11755604933046475,2227.0,2430.293423127695,0.0,49.346117711455925
83,post_1pct,1944.0,1.0,0.011755604933046475,219.0,226.72426550212955,0.0,15.250758385455633
84,pre_cut,200082.0,,,24130.0,24837.70569502306,0.0,159.56637393386094
84,post_10pct,20517.0,1.0,0.11755604933046475,2216.0,2461.1614565672517,0.0,50.27954494541295
84,post_1pct,2069.0,1.0,0.011755604933046475,238.0,236.5957555796052,0.06379862337579577,15.698001215944647
85,pre_cut,199039.0,,,24147.0,24684.399288820845,0.0,158.57705007087034
85,post_10pct,19992.0,1.0,0.11755604933046475,2324.0,2340.9796140806416,0.0,48.6148409907258
85,post_1pct,1961.0,1.0,0.011755604933046475,239.0,227.27669566958292,0.5366392117253794,15.424736288420316
86,pre_cut,199576.0,,,24416.0,24818.239805619152,0.0,159.01937194022335
86,post_10pct,19911.0,1.0,0.11755604933046475,2335.0,2386.286372494582,0.0,49.36349401432533
86,post_1pct,1993.0,1.0,0.011755604933046475,238.0,246.53153943643315,0.0,15.30584004326813
87,pre_cut,199704.0,,,24106.0,24764.058097410085,0.0,159.1861867039555
87,post_10pct,19625.0,1.0,0.11755604933046475,2361.0,2318.2492210923174,0.6214947621319237,48.68350934024873
87,post_1pct,1955.0,1.0,0.011755604933046475,245.0,234.3014104109858,0.48847957504708645,15.320467547629901
88,pre_cut,199819.0,,,24157.0,24938.336497939177,0.0,159.49609570551
88,post_10pct,20277.0,1.0,0.11755604933046475,2330.0,2365.263316989437,0.0,48.452385940417045
88,post_1pct,2052.0,1.0,0.011755604933046475,216.0,242.6888120258092,0.0,15.83956358686747
89,pre_cut,200062.0,,,24142.0,24840.546672849,0.0,159.28230620133115
89,post_10pct,20220.0,1.0,0.11755604933046475,,,,
89,post_1pct,2136.0,1.0,0.011755604933046475,254.0,270.83012259510826,0.0,16.885569533095868
90,pre_cut,200070.0,,,24267.0,24625.279455294734,0.0,158.0580274738522
90,post_10pct,20027.0,1.0,0.11755604933046475,2322.0,2403.1722242607366,0.0,49.17883923431546
90,post_1pct,1914.0,1.0,0.011755604933046475,235.0,198.6015005654516,1.7222721258738036,14.515312141403598
91,pre_cut,200417.0,,,24394.0,25062.2951068557,0.0,160.01133422548915
91,post_10pct,20034.0,1.0,0.11755604933046475,2299.0,2430.4370881621326,0.0,50.126229509793305
91,post_1pct,2033.0,1.0,0.011755604933046475,217.0,247.405895738219,0.0,15.641524137444286
92,pre_cut,200315.0,,,24085.0,24912.7806533381,0.0,159.42966428733203
92,post_10pct,20303.0,1.0,0.11755604933046475,2305.0,2451.5848853448697,0.0,50.1157673079832
92,post_1pct,2082.0,1.0,0.011755604933046475,257.0,249.41816607036964,0.33641925325552485,15.839793749863395
93,pre_cut,200053.0,,,24218.0,24821.424551104345,0.0,158.71620372092764
93,post_10pct,20048.0,1.0,0.11755604933046475,2356.0,2336.311885881035,0.2873028713274933,48.373499046248945
93,post_1pct,1940.0,1.0,0.011755604933046475,198.0,248.47299294363637,0.0,15.719154150880668
94,pre_cut,200070.0,,,24118.0,24668.33551081818,0.0,158.37528382329788
94,post_10pct,20164.0,1.0,0.11755604933046475,2278.0,2484.1149108977606,0.0,50.09677668466382
94,post_1pct,2036.0,1.0,0.011755604933046475,228.0,259.17649714834545,0.0,16.4045724249042
95,pre_cut,199689.0,,,24133.0,24825.55754722751,0.0,159.28851176639336
95,post_10pct,19751.0,1.0,0.11755604933046475,2330.0,2425.723249470836,0.0,50.10782497195217
95,post_1pct,2076.0,1.0,0.011755604933046475,224.0,243.06073132799457,0.0,16.00338012677472
96,pre_cut,199594.0,,,24372.0,24814.740889363733,0.0,158.976163758369
96,post_10pct,19793.0,1.0,0.11755604933046475,2241.0,2332.3526708239183,0.0,48.454270995896614
96,post_1pct,2016.0,1.0,0.011755604933046475,222.0,227.81998431398,0.0,14.885938981806952
97,pre_cut,199561.0,,,24112.0,24652.004720964087,0.0,158.38829651335402
97,post_10pct,20178.0,1.0,0.11755604933046475,2307.0,2421.360141464146,0.0,49.88080317900372
97,post_1pct,2012.0,1.0,0.011755604933046475,240.0,242.81605093986033,0.0,15.63437278967392
98,pre_cut,199857.0,,,24243.0,24860.770354383494,0.0,159.03071833282448
98,post_10pct,20003.0,1.0,0.11755604933046475,2357.0,2353.857134903991,0.04582898580755706,48.43515401148316
98,post_1pct,1965.0,1.0,0.011755604933046475,241.0,231.96003117261242,0.4144366790783497,15.321517863119697
99,pre_cut,200646.0,,,24268.0,24789.490003793606,0.0,159.05189082543026
99,post_10pct,20149.0,1.0,0.11755604933046475,2370.0,2387.391075959038,0.0,49.22568946950028
99,post_1pct,2113.0,1.0,0.011755604933046475,241.0,256.0774304460583,0.0,16.050733167862447
100,pre_cut,200044.0,,,24078.0,24864.66453849087,0.0,159.37822575118966
100,post_10pct,20234.0,1.0,0.11755604933046475,2253.0,2424.5627936686274,0.0,49.82859496372983
100,post_1pct,2020.0,1.0,0.011755604933046475,191.0,243.51239454326526,0.0,15.285587704130064
101,pre_cut,200037.0,,,23994.0,24920.4372755914,0.0,159.5559247985699
101,post_10pct,19785.0,1.0,0.11755604933046475,2217.0,2398.8680881953014,0.0,49.45422123651767
101,post_1pct,2163.0,1.0,0.011755604933046475,,,,
102,pre_cut,199632.0,,,24090.0,24654.548501203128,0.0,158.60771666911873
102,post_10pct,20092.0,1.0,0.11755604933046475,2273.0,2399.895426720439,0.0,49.58849816327847
102,post_1pct,2087.0,1.0,0.011755604933046475,264.0,247.95540533707378,0.7046281047455336,15.946722075330397
103,pre_cut,199796.0,,,24238.0,24654.043186680443,0.0,158.2393311441271
103,post_10pct,20348.0,1.0,0.11755604933046475,2359.0,2357.3970990828934,0.023368597037637752,48.43428684234587
103,post_1pct,1959.0,1.0,0.011755604933046475,205.0,242.26248156352042,0.0,15.794382188493199
104,pre_cut,199784.0,,,24336.0,24690.39185888286,0.0,158.68718430762297
104,post_10pct,20199.0,1.0,0.11755604933046475,2258.0,2379.8505450518232,0.0,49.46134914985068
104,post_1pct,2000.0,1.0,0.011755604933046475,,,,
105,pre_cut,200160.0,,,24123.0,24800.946783112813,0.0,158.93104571513726
105,post_10pct,20367.0,1.0,0.11755604933046475,2303.0,2418.709052275772,0.0,49.684071543674776
105,post_1pct,1988.0,1.0,0.011755604933046475,190.0,262.02818045770175,0.0,16.753862436900576
106,pre_cut,199778.0,,,24123.0,24802.552045243327,0.0,159.0584452892537
106,post_10pct,20025.0,1.0,0.11755604933046475,2311.0,2321.4597982483647,0.0,48.30558386692339
106,post_1pct,1924.0,1.0,0.011755604933046475,234.0,218.77703335041804,0.7124944316667499,14.913484365311342
107,pre_cut,199783.0,,,24040.0,24761.493713790438,0.0,158.79300183420338
107,post_10pct,19976.0,1.0,0.11755604933046475,2210.0,2372.0457048565845,0.0,48.94271690917715
107,post_1pct,1934.0,1.0,0.011755604933046475,203.0,235.38102884810706,0.0,16.268889585181583
108,pre_cut,199436.0,,,24124.0,24576.07057745118,0.0,158.37129937702005
108,post_10pct,19979.0,1.0,0.11755604933046475,2190.0,2360.9509293236215,0.0,48.50509964408094
108,post_1pct,2038.0,1.0,0.011755604933046475,254.0,264.40657486778036,0.0,16.828994403192898
109,pre_cut,199349.0,,,24278.0,24849.79851501981,0.0,159.5394043419707
109,post_10pct,20100.0,1.0,0.11755604933046475,2289.0,2352.5057313934103,0.0,48.497422696692425
109,post_1pct,2002.0,1.0,0.011755604933046475,252.0,215.20898393951146,1.6991955596831732,14.73370825663857
110,pre_cut,200257.0,,,24064.0,24669.039189869472,0.0,158.5508137287231
110,post_10pct,19931.0,1.0,0.11755604933046475,2291.0,2347.534320019938,0.0,48.61127972730294
110,post_1pct,2043.0,1.0,0.011755604933046475,228.0,244.00089311098435,0.0,15.51761956678162
111,pre_cut,199537.0,,,24035.0,24809.39949405476,0.0,159.07713436311474
111,post_10pct,19907.0,1.0,0.11755604933046475,2316.0,2343.8549128400914,0.0,48.683964372665905
111,post_1pct,1972.0,1.0,0.011755604933046475,223.0,248.84803018844195,0.0,16.000647208821345
112,pre_cut,200658.0,,,24166.0,24986.39572420175,0.0,159.750062339465
112,post_10pct,20100.0,1.0,0.11755604933046475,2368.0,2435.8980234884066,0.0,49.99462080104804
112,post_1pct,1972.0,1.0,0.011755604933046475,206.0,245.82910405151964,0.0,16.363008651134706
113,pre_cut,200420.0,,,24246.0,24754.978436203644,0.0,158.77431130365295
113,post_10pct,19639.0,1.0,0.11755604933046475,2238.0,2277.559434282246,0.0,48.00138982102806
113,post_1pct,1975.0,1.0,0.011755604933046475,254.0,229.07107401172127,1.1315248591325813,15.212554538813505
114,pre_cut,200460.0,,,24161.0,24828.723830158597,0.0,158.8942480278852
114,post_10pct,20077.0,1.0,0.11755604933046475,2400.0,2377.104702157991,0.3303622825239064,49.018803358688146
114,post_1pct,2093.0,1.0,0.011755604933046475,236.0,257.91716848467695,0.0,16.895011753567292
115,pre_cut,200271.0,,,24048.0,24971.056449513424,0.0,159.90147076562747
115,post_10pct,20305.0,1.0,0.11755604933046475,2351.0,2432.2571046689827,0.0,49.89130140532752
115,post_1pct,1882.0,1.0,0.011755604933046475,216.0,245.00271844528348,0.0,15.460718918477253
116,pre_cut,199514.0,,,24112.0,24742.797916357984,0.0,159.0015628746245
116,post_10pct,20094.0,1.0,0.11755604933046475,2184.0,2411.859551472133,0.0,49.90343079358816
116,post_1pct,1959.0,1.0,0.011755604933046475,222.0,233.50034414576905,0.0,14.917166657039902
117,pre_cut,200368.0,,,24083.0,24981.400776579474,0.0,159.7271825330775
117,post_10pct,19817.0,1.0,0.11755604933046475,2245.0,2333.961164804379,0.0,48.78285475820277
117,post_1pct,2133.0,1.0,0.011755604933046475,239.0,236.13028597985837,0.12940158549861663,15.89590157713054
118,pre_cut,199905.0,,,24191.0,24841.670889963192,0.0,159.55354442622945
118,post_10pct,20042.0,1.0,0.11755604933046475,2400.0,2346.375093883161,0.7773142356797414,48.57129658819131
118,post_1pct,2125.0,1.0,0.011755604933046475,267.0,237.47706933766588,1.3074560048430692,15.579861834716816
119,pre_cut,200870.0,,,24244.0,24793.191704349254,0.0,158.89838294450018
119,post_10pct,20436.0,1.0,0.11755604933046475,2325.0,2365.171992132439,0.0,49.0869480665177
119,post_1pct,1981.0,1.0,0.011755604933046475,242.0,276.1326012981434,0.0,17.40471355404709
120,pre_cut,199848.0,,,24079.0,24895.720982442428,0.0,159.19078829141162
120,post_10pct,19797.0,1.0,0.11755604933046475,2281.0,2376.047676466675,0.0,49.54368941050796
120,post_1pct,2019.0,1.0,0.011755604933046475,,,,
121,pre_cut,200722.0,,,24176.0,24928.30844248883,0.0,159.69450728371916
121,post_10pct,20044.0,1.0,0.11755604933046475,2337.0,2398.0370530965083,0.0,49.90016725042117
121,post_1pct,2021.0,1.0,0.011755604933046475,272.0,238.08551508589545,1.5008672529948217,15.456552085564173
122,pre_cut,200196.0,,,24139.0,24995.40854934527,0.0,159.7371409320832
122,post_10pct,20182.0,1.0,0.11755604933046475,2269.0,2447.6736056730433,0.0,49.80870160814691
122,post_1pct,1970.0,1.0,0.011755604933046475,,,,
123,pre_cut,200377.0,,,24332.0,24881.951401720202,0.0,159.13494588525936
123,post_10pct,20305.0,1.0,0.11755604933046475,2283.0,2405.232960909792,0.0,49.0874626338672
123,post_1pct,1994.0,1.0,0.011755604933046475,247.0,248.87822601859963,0.0,15.919929735951534
124,pre_cut,200237.0,,,24197.0,24774.090990984394,0.0,158.91455291639133
124,post_10pct,19826.0,1.0,0.11755604933046475,2144.0,2353.407277042716,0.0,48.44524851269306
124,post_1pct,2003.0,1.0,0.011755604933046475,221.0,243.72856916232217,0.0,16.24458025235201
125,pre_cut,200049.0,,,24284.0,24643.08730980346,0.0,158.35917962715143
125,post_10pct,19748.0,1.0,0.11755604933046475,2278.0,2232.5976018191345,0.6757957653757696,47.28289125843061
125,post_1pct,2001.0,1.0,0.011755604933046475,,,,
126,pre_cut,199447.0,,,24214.0,24740.903666838305,0.0,158.89774470301572
126,post_10pct,19946.0,1.0,0.11755604933046475,2312.0,2346.776907891454,0.0,48.82581334349273
126,post_1pct,2009.0,1.0,0.011755604933046475,237.0,228.92361563684037,0.36764451372489215,15.659822854834454
127,pre_cut,199942.0,,,23881.0,24726.209289640905,0.0,158.97589320725288
127,post_10pct,19978.0,1.0,0.11755604933046475,2277.0,2410.910430851447,0.0,49.168541056531446
127,post_1pct,2080.0,1.0,0.011755604933046475,,,,
128,pre_cut,199425.0,,,24325.0,24762.699300374006,0.0,158.81437514814573
128,post_10pct,19925.0,1.0,0.11755604933046475,2357.0,2314.9360244367645,0.6147446931931282,48.21761385531093
128,post_1pct,2018.0,1.0,0.011755604933046475,231.0,236.8358872295664,0.0,14.953892198602995
129,pre_cut,200076.0,,,24067.0,24747.271733815443,0.0,158.68807696395137
129,post_10pct,19787.0,1.0,0.11755604933046475,2262.0,2350.3524209449915,0.0,49.11088979425758
129,post_1pct,1995.0,1.0,0.011755604933046475,240.0,240.93411735092258,0.0,15.550607001843135
130,pre_cut,199830.0,,,24275.0,24666.749918258254,0.0,158.62947033679902
130,post_10pct,20196.0,1.0,0.11755604933046475,2254.0,2396.6249383880377,0.0,49.28649939299914
130,post_1pct,2143.0,1.0,0.011755604933046475,235.0,277.8293837351594,0.0,17.183475800847678
131,pre_cut,199818.0,,,24245.0,24853.941381661425,0.0,159.40872000816324
131,post_10pct,20121.0,1.0,0.11755604933046475,2361.0,2428.737017766791,0.0,49.91670647584702
131,post_1pct,2046.0,1.0,0.011755604933046475,255.0,262.2041833326433,0.0,16.4738706287176
132,pre_cut,200334.0,,,24146.0,24822.682947199377,0.0,159.16900972754095
132,post_10pct,19947.0,1.0,0.11755604933046475,2327.0,2396.298621244457,0.0,49.094269383192184
132,post_1pct,2068.0,1.0,0.011755604933046475,,,,
133,pre_cut,199558.0,,,24066.0,24694.61685071844,0.0,158.64969943300267
133,post_10pct,20060.0,1.0,0.11755604933046475,2349.0,2322.577329070662,0.3857471110549175,48.40211326322526
133,post_1pct,2039.0,1.0,0.011755604933046475,199.0,237.35941883002073,0.0,15.234289941261315
134,pre_cut,199801.0,,,24290.0,24717.48871208012,0.0,158.68696506005313
134,post_10pct,19722.0,1.0,0.11755604933046475,2353.0,2343.3171711750056,0.14075930739744036,48.774638995934744
134,post_1pct,2014.0,1.0,0.011755604933046475,250.0,243.60440913525326,0.28653594068123733,15.752269383764563
135,pre_cut,199696.0,,,24324.0,24833.580253410884,0.0,159.45121110678565
135,post_10pct,20244.0,1.0,0.11755604933046475,2313.0,2347.010619158477,0.0,48.94926496339437
135,post_1pct,2030.0,1.0,0.011755604933046475,205.0,242.72111126516182,0.0,15.970355686806077
136,pre_cut,201033.0,,,24265.0,25055.282454990418,0.0,159.77150681313245
136,post_10pct,19942.0,1.0,0.11755604933046475,,,,
136,post_1pct,1954.0,1.0,0.011755604933046475,218.0,260.4641199918049,0.0,16.37248446330227
137,pre_cut,199768.0,,,24000.0,24692.431518819274,0.0,158.3562097566712
137,post_10pct,19751.0,1.0,0.11755604933046475,2240.0,2305.45174415309,0.0,48.388519213965644
137,post_1pct,2052.0,1.0,0.011755604933046475,215.0,265.14438308353965,0.0,16.366211283153987
138,pre_cut,199787.0,,,24214.0,24770.327308076747,0.0,158.95445694515226
138,post_10pct,20210.0,1.0,0.11755604933046475,2375.0,2440.0243604249426,0.0,49.9061356106338
138,post_1pct,1967.0,1.0,0.011755604933046475,225.0,232.83948909873956,0.0,15.181616550119823
139,pre_cut,199474.0,,,24490.0,24729.733085337783,0.0,159.1546385134973
139,post_10pct,19997.0,1.0,0.11755604933046475,2272.0,2351.9346799357118,0.0,48.31734922800204
139,post_1pct,1936.0,1.0,0.011755604933046475,221.0,259.2301601521527,0.0,16.948657419599957
140,pre_cut,200077.0,,,24296.0,24764.412891312873,0.0,159.02351974753932
140,post_10pct,20139.0,1.0,0.11755604933046475,2396.0,2409.862464177199,0.0,49.82492535068046
140,post_1pct,2039.0,1.0,0.011755604933046475,257.0,237.991448976527,0.8592376870752633,15.257945934139585
141,pre_cut,199452.0,,,24121.0,24736.929394619718,0.0,158.81963503170223
141,post_10pct,19872.0,1.0,0.11755604933046475,,,,
141,post_1pct,2016.0,1.0,0.011755604933046475,207.0,228.17367521489138,0.0,15.111056905889596
142,pre_cut,200168.0,,,24273.0,24788.268993739715,0.0,159.25802496705165
142,post_10pct,20073.0,1.0,0.11755604933046475,2348.0,774.7293758809462,27.880119545976324,29.401594844452873
142,post_1pct,1984.0,1.0,0.011755604933046475,191.0,235.4939992108733,0.0,15.730586918323883
143,pre_cut,200373.0,,,24206.0,24940.75476691618,0.0,159.70459984412886
143,post_10pct,19815.0,1.0,0.11755604933046475,2245.0,2382.3619796234893,0.0,49.40836101912933
143,post_1pct,2028.0,1.0,0.011755604933046475,204.0,229.5905093693001,0.0,15.090753787062532
144,pre_cut,200072.0,,,24130.0,25047.901790152944,0.0,159.70195185386532
144,post_10pct,19888.0,1.0,0.11755604933046475,2289.0,2366.4451130262273,0.0,49.02090990538876
144,post_1pct,1926.0,1.0,0.011755604933046475,221.0,247.13270649761938,0.0,16.028674411270416
145,pre_cut,200175.0,,,24496.0,24702.210108060728,0.0,158.67718248405563
145,post_10pct,20276.0,1.0,0.11755604933046475,2381.0,2399.1959209377255,0.0,49.584161692017595
145,post_1pct,1978.0,1.0,0.011755604933046475,234.0,272.8538110790907,0.0,17.32120435604433
146,pre_cut,199851.0,,,24207.0,24691.70977229217,0.0,158.78638209640798
146,post_10pct,19980.0,1.0,0.11755604933046475,2224.0,2354.5610120369965,0.0,49.03250145538508
146,post_1pct,2085.0,1.0,0.011755604933046475,204.0,251.69780445271155,0.0,15.966513578224745
147,pre_cut,200839.0,,,24247.0,25043.55235790194,0.0,160.04250870557505
147,post_10pct,20004.0,1.0,0.11755604933046475,2220.0,2355.8271991425772,0.0,49.03117262048879
147,post_1pct,2024.0,1.0,0.011755604933046475,221.0,243.98992355496333,0.0,15.711661646870517
148,pre_cut,199534.0,,,24114.0,24874.3641804347,0.0,159.47020406198106
148,post_10pct,19887.0,1.0,0.11755604933046475,2322.0,2359.232857320366,0.0,49.37119412538953
148,post_1pct,1962.0,1.0,0.011755604933046475,238.0,275.2177045083969,0.0,18.01967858843216
149,pre_cut,199926.0,,,24213.0,24807.73192720476,0.0,158.61788028700758
149,post_10pct,19943.0,1.0,0.11755604933046475,2231.0,2430.62645532268,0.0,49.81577522055835
149,post_1pct,2064.0,1.0,0.011755604933046475,220.0,237.5756830793276,0.0,15.14301043727149
150,pre_cut,199847.0,,,24222.0,24926.844430990466,0.0,159.43203501622548
150,post_10pct,19958.0,1.0,0.11755604933046475,2359.0,2363.1764827269553,0.0,48.82416761073009
150,post_1pct,1950.0,1.0,0.011755604933046475,236.0,208.6284867850975,1.2957487218103214,14.503729366845825
151,pre_cut,199707.0,,,24260.0,24767.42188738624,0.0,159.2666415185771
151,post_10pct,20148.0,1.0,0.11755604933046475,2341.0,2388.1305412075126,0.0,49.29059469365253
151,post_1pct,1983.0,1.0,0.011755604933046475,227.0,231.63566620399322,0.0,14.656126687117043
152,pre_cut,199515.0,,,24242.0,24899.21703175256,0.0,159.25549675732898
152,post_10pct,19624.0,1.0,0.11755604933046475,2135.0,2345.4547295779885,0.0,49.148152124515605
152,post_1pct,1974.0,1.0,0.011755604933046475,,,,
153,pre_cut,200406.0,,,24216.0,24752.355269592612,0.0,158.63563243766149
153,post_10pct,20119.0,1.0,0.11755604933046475,2331.0,2399.4661881881602,0.0,48.91814178646725
153,post_1pct,1901.0,1.0,0.011755604933046475,239.0,213.27677424933813,1.1989818036174509,14.86330468852927
154,pre_cut,200480.0,,,24208.0,24972.289643352087,0.0,159.53185742941653
154,post_10pct,20153.0,1.0,0.11755604933046475,2382.0,2405.4875144970365,0.0,49.970196852243824
154,post_1pct,2019.0,1.0,0.011755604933046475,229.0,244.9686716803043,0.0,15.915008626028529
155,pre_cut,199054.0,,,24198.0,24764.48941154822,0.0,158.77372831857056
155,post_10pct,19862.0,1.0,0.11755604933046475,2286.0,2318.4266019461456,0.0,48.04508947381631
155,post_1pct,2083.0,1.0,0.011755604933046475,300.0,209.46427891275437,4.002580070728306,14.60361661231688
156,pre_cut,199802.0,,,24073.0,24866.335292669915,0.0,159.21040356263885
156,post_10pct,20146.0,1.0,0.11755604933046475,2349.0,2330.7368648058855,0.2670177019931523,48.261078181973566
156,post_1pct,1978.0,1.0,0.011755604933046475,231.0,247.3533835386329,0.0,15.769103261311272
157,pre_cut,199544.0,,,24051.0,24903.314495875755,0.0,159.66990562536628
157,post_10pct,20021.0,1.0,0.11755604933046475,2184.0,2381.4613650207034,0.0,49.10448129488065
157,post_1pct,1937.0,1.0,0.011755604933046475,221.0,235.79733568487254,0.0,15.279935437767962
158,pre_cut,199367.0,,,23883.0,24662.577040829034,0.0,158.3119819237423
158,post_10pct,19913.0,1.0,0.11755604933046475,2209.0,2425.785984850214,0.0,49.90616644343916
158,post_1pct,1958.0,1.0,0.011755604933046475,219.0,235.09796720697543,0.0,15.349054610975127
159,pre_cut,199986.0,,,24292.0,24590.35614614816,0.0,158.03633056283246
159,post_10pct,20198.0,1.0,0.11755604933046475,2322.0,2365.6596864565117,0.0,48.876585742928434
159,post_1pct,1987.0,1.0,0.011755604933046475,207.0,250.14152110122095,0.0,16.387431456248272
160,pre_cut,199631.0,,,24342.0,24679.970062485863,0.0,158.83408616304538
160,post_10pct,20029.0,1.0,0.11755604933046475,2271.0,2370.9033947074417,0.0,49.09170876755023
160,post_1pct,2001.0,1.0,0.011755604933046475,225.0,245.17468784665323,0.0,15.657320660857943
161,pre_cut,199862.0,,,24206.0,24856.174875911325,0.0,159.36124762646588
161,post_10pct,20208.0,1.0,0.11755604933046475,2250.0,2399.5168533777914,0.0,49.509122339985886
161,post_1pct,1897.0,1.0,0.011755604933046475,206.0,228.2313644557831,0.0,15.670513705983938
162,pre_cut,199806.0,,,24265.0,24709.113623371653,0.0,158.87097838375317
162,post_10pct,19947.0,1.0,0.11755604933046475,2256.0,2304.883641846344,0.0,48.33071396318965
162,post_1pct,1974.0,1.0,0.011755604933046475,250.0,225.92375775959593,1.1269733360993492,14.418100494358885
163,pre_cut,199901.0,,,24084.0,24922.005332708883,0.0,159.66891209382888
163,post_10pct,20108.0,1.0,0.11755604933046475,2327.0,2442.4327229873543,0.0,50.04267459067213
163,post_1pct,1952.0,1.0,0.011755604933046475,247.0,224.61922042280912,1.0375024371822024,14.795163941207454
164,pre_cut,200404.0,,,24268.0,24791.041770519023,0.0,159.38382743122307
164,post_10pct,20240.0,1.0,0.11755604933046475,2296.0,2352.7690257803706,0.0,48.6737087896538
164,post_1pct,1856.0,1.0,0.011755604933046475,194.0,217.15553403140603,0.0,15.092226853189718
165,pre_cut,199558.0,,,24159.0,24777.9819119226,0.0,158.777843028121
165,post_10pct,20114.0,1.0,0.11755604933046475,2267.0,2443.1805150170517,0.0,50.045381619930666
165,post_1pct,1997.0,1.0,0.011755604933046475,233.0,229.61242193716367,0.15572558160799538,15.495681165218963
166,pre_cut,199724.0,,,24347.0,24753.22680978961,0.0,158.99283794887234
166,post_10pct,20075.0,1.0,0.11755604933046475,2469.0,2326.8727274408147,2.0528797779199315,48.21828429246705
166,post_1pct,1961.0,1.0,0.011755604933046475,274.0,235.67234907435432,1.6636915768942542,15.972729699921114
167,pre_cut,200744.0,,,24184.0,25146.412836383337,0.0,160.42086821115453
167,post_10pct,20456.0,1.0,0.11755604933046475,2339.0,2339.6064753812457,0.0,48.365648679496395
167,post_1pct,2051.0,1.0,0.011755604933046475,223.0,224.4661886419155,0.0,14.400719712370897
168,pre_cut,200104.0,,,24231.0,24757.628241131213,0.0,158.86440854564688
168,post_10pct,20435.0,1.0,0.11755604933046475,2353.0,2391.4789532615396,0.0,49.03102822078972
168,post_1pct,1920.0,1.0,0.011755604933046475,,,,
169,pre_cut,199403.0,,,23813.0,24923.7332288139,0.0,159.84702033416045
169,post_10pct,19953.0,1.0,0.11755604933046475,2316.0,2346.141869699858,0.0,49.10647207310183
169,post_1pct,2054.0,1.0,0.011755604933046475,204.0,268.7857387202979,0.0,16.9727889608269
170,pre_cut,200253.0,,,24053.0,24952.845779106225,0.0,159.16461978821673
170,post_10pct,19887.0,1.0,0.11755604933046475,2232.0,2381.787311675779,0.0,49.42932772667519
170,post_1pct,1995.0,1.0,0.011755604933046475,219.0,265.9278068278569,0.0,16.51249337141783
171,pre_cut,200790.0,,,24224.0,24969.354359913694,0.0,159.82289781847362
171,post_10pct,20294.0,1.0,0.11755604933046475,2252.0,2418.614220369996,0.0,50.02195803360551
171,post_1pct,1883.0,1.0,0.011755604933046475,217.0,226.13910612940208,0.0,15.244231664024214
172,pre_cut,200128.0,,,24311.0,24757.884227102102,0.0,158.68132726967454
172,post_10pct,20115.0,1.0,0.11755604933046475,2296.0,2388.82998649245,0.0,49.2935079632601
172,post_1pct,2079.0,1.0,0.011755604933046475,,,,
173,pre_cut,199626.0,,,23956.0,24894.128650544677,0.0,159.38077607800173
173,post_10pct,20097.0,1.0,0.11755604933046475,2253.0,2384.81344727587,0.0,49.16260424952847
173,post_1pct,1985.0,1.0,0.011755604933046475,212.0,202.66491434547385,0.4542266316405229,14.497362503071638
174,pre_cut,200787.0,,,24278.0,24938.986737792453,0.0,159.87443256502334
174,post_10pct,19962.0,1.0,0.11755604933046475,2250.0,2346.1795775945757,0.0,48.909058786727606
174,post_1pct,2047.0,1.0,0.011755604933046475,250.0,250.27781502144722,0.0,15.67156840235345
175,pre_cut,200044.0,,,24187.0,24886.895400570003,0.0,159.392335226278
175,post_10pct,20032.0,1.0,0.11755604933046475,2282.0,2369.32641778325,0.0,48.852038806406775
175,post_1pct,2001.0,1.0,0.011755604933046475,240.0,242.25690951037777,0.0,15.440181678409088
176,pre_cut,199906.0,,,24272.0,24707.08940167736,0.0,158.6188899840568
176,post_10pct,20017.0,1.0,0.11755604933046475,2268.0,2339.8971929834943,0.0,48.617305778949124
176,post_1pct,2025.0,1.0,0.011755604933046475,214.0,259.9900394424611,0.0,16.744897159975906
177,pre_cut,200620.0,,,24264.0,24894.074877321164,0.0,159.38996592726602
177,post_10pct,20387.0,1.0,0.11755604933046475,2337.0,2396.2854464997527,0.0,49.10605642564234
177,post_1pct,1896.0,1.0,0.011755604933046475,162.0,279.90490368863766,0.0,17.391501374422315
178,pre_cut,199964.0,,,24302.0,24913.60744533055,0.0,159.50758695954895
178,post_10pct,19989.0,1.0,0.11755604933046475,2399.0,2385.268319649721,0.19751366173813845,49.33784214865969
178,post_1pct,2026.0,1.0,0.011755604933046475,224.0,238.8246080825413,0.0,15.406584038265589
179,pre_cut,199137.0,,,23955.0,24648.75521955528,0.0,158.50923081541373
179,post_10pct,20369.0,1.0,0.11755604933046475,2232.0,2388.139561372438,0.0,49.13695622464175
179,post_1pct,2043.0,1.0,0.011755604933046475,238.0,261.3250525704276,0.0,16.51756926086582
180,pre_cut,200049.0,,,24257.0,24765.164765082758,0.0,158.8628672118199
180,post_10pct,19912.0,1.0,0.11755604933046475,2218.0,2337.853715958945,0.0,48.90061129315807
180,post_1pct,1991.0,1.0,0.011755604933046475,203.0,241.66695911937907,0.0,15.507003747381612
181,pre_cut,199713.0,,,24036.0,24942.850358070962,0.0,159.4311842088209
181,post_10pct,20014.0,1.0,0.11755604933046475,2248.0,2383.9449640915345,0.0,49.30141446292765
181,post_1pct,1956.0,1.0,0.011755604933046475,223.0,255.7706804853089,0.0,16.432001240220032
182,pre_cut,199606.0,,,23936.0,24683.113198486775,0.0,158.24971981630773
182,post_10pct,19508.0,1.0,0.11755604933046475,2086.0,2279.768913420943,0.0,47.55451789526041
182,post_1pct,1965.0,1.0,0.011755604933046475,212.0,231.90549387688122,0.0,15.18743182055956
183,pre_cut,199670.0,,,24186.0,24818.41205868924,0.0,158.96416003648432
183,post_10pct,20168.0,1.0,0.11755604933046475,2264.0,2354.7613765597735,0.0,48.84148372162272
183,post_1pct,1969.0,1.0,0.011755604933046475,215.0,237.1829830178309,0.0,15.33829959013933
184,pre_cut,199242.0,,,24094.0,24655.44546608466,0.0,158.54165894131873
184,post_10pct,19661.0,1.0,0.11755604933046475,2236.0,2335.9904929987724,0.0,48.54620117222548
184,post_1pct,2060.0,1.0,0.011755604933046475,,,,
185,pre_cut,200420.0,,,24129.0,25002.03885710043,0.0,159.75530911104022
185,post_10pct,20003.0,1.0,0.11755604933046475,2294.0,2408.1548285126964,0.0,49.837730998868935
185,post_1pct,2035.0,1.0,0.011755604933046475,242.0,235.25419415742178,0.3078720489417205,15.429107712062887
186,pre_cut,198990.0,,,24186.0,24926.713103361733,0.0,159.48987823473672
186,post_10pct,19965.0,1.0,0.11755604933046475,2303.0,2354.6295096068557,0.0,48.72372449091245
186,post_1pct,1938.0,1.0,0.011755604933046475,196.0,238.15382349357057,0.0,15.299398851400122
187,pre_cut,200173.0,,,24288.0,24729.546427824644,0.0,158.78926641339996
187,post_10pct,19961.0,1.0,0.11755604933046475,2246.0,2323.4248511981286,0.0,48.32833223264331
187,post_1pct,1958.0,1.0,0.011755604933046475,205.0,238.14248821770315,0.0,15.613233126889524
188,pre_cut,199563.0,,,24034.0,24874.04024589999,0.0,159.75743555604498
188,post_10pct,20100.0,1.0,0.11755604933046475,2307.0,2399.78182886979,0.0,49.50874095723228
188,post_1pct,2001.0,1.0,0.011755604933046475,,,,
189,pre_cut,200059.0,,,24267.0,24661.875988605396,0.0,158.26917871394107
189,post_10pct,20159.0,1.0,0.11755604933046475,2274.0,2365.047785139324,0.0,48.692023112310025
189,post_1pct,1915.0,1.0,0.011755604933046475,216.0,250.9536269709651,0.0,16.1272284602429
190,pre_cut,200084.0,,,24130.0,24617.456375667665,0.0,158.4347828346261
190,post_10pct,19502.0,1.0,0.11755604933046475,2277.0,2329.5614385250938,0.0,48.28094020764806
190,post_1pct,2049.0,1.0,0.011755604933046475,191.0,274.4736616517417,0.0,17.046679608948512
191,pre_cut,199706.0,,,24321.0,24727.242386877737,0.0,158.40028508255637
191,post_10pct,20013.0,1.0,0.11755604933046475,2342.0,2364.6163390905904,0.0,48.40346479236615
191,post_1pct,2052.0,1.0,0.011755604933046475,237.0,257.6056131275504,0.0,16.055562432074424
192,pre_cut,199831.0,,,24046.0,24831.220273835806,0.0,159.22268469495242
192,post_10pct,19813.0,1.0,0.11755604933046475,2292.0,2341.0851027117733,0.0,48.876147050988116
192,post_1pct,1940.0,1.0,0.011755604933046475,216.0,243.30572103152423,0.0,16.231750866195775
193,pre_cut,199958.0,,,24144.0,24755.473872256698,0.0,158.91954620237976
193,post_10pct,20012.0,1.0,0.11755604933046475,2196.0,2432.0376547440114,0.0,49.96591585839444
193,post_1pct,2005.0,1.0,0.011755604933046475,254.0,232.17941521982522,0.9780344140223577,15.596135276911877
194,pre_cut,199830.0,,,24064.0,24959.326862537127,0.0,159.8580189034312
194,post_10pct,19944.0,1.0,0.11755604933046475,2213.0,2346.3703445035053,0.0,48.262879585057405
194,post_1pct,2061.0,1.0,0.011755604933046475,238.0,220.418276539355,0.8129804283333486,15.143827416039066
195,pre_cut,200216.0,,,24115.0,24830.9826939914,0.0,158.88228223402922
195,post_10pct,20213.0,1.0,0.11755604933046475,2212.0,2355.0033833765942,0.0,49.02373506353601
195,post_1pct,1934.0,1.0,0.011755604933046475,188.0,246.1822337418231,0.0,15.428148382688843
196,pre_cut,200318.0,,,24409.0,24798.356564318452,0.0,158.7724152776908
196,post_10pct,20057.0,1.0,0.11755604933046475,2269.0,2368.065419019776,0.0,48.815079064758216
196,post_1pct,2150.0,1.0,0.011755604933046475,230.0,245.22179331193828,0.0,15.825616987689116
197,pre_cut,199440.0,,,24348.0,24718.20218216441,0.0,158.72942650632817
197,post_10pct,19831.0,1.0,0.11755604933046475,2246.0,2349.2015087075997,0.0,48.712855314979116
197,post_1pct,1960.0,1.0,0.011755604933046475,217.0,256.79001030375457,0.0,17.161385762562553
198,pre_cut,199639.0,,,24133.0,24685.486102262483,0.0,158.51808649361237
198,post_10pct,19698.0,1.0,0.11755604933046475,2333.0,2354.3011994742074,0.0,48.93761584470384
198,post_1pct,2032.0,1.0,0.011755604933046475,247.0,220.33499380564712,1.251615773184497,14.426126314502948
199,pre_cut,200336.0,,,24263.0,24924.031376889554,0.0,159.44297180036386
199,post_10pct,20249.0,1.0,0.11755604933046475,2250.0,2360.128814476005,0.0,48.3975568038294
199,post_1pct,1888.0,1.0,0.011755604933046475,206.0,230.79551013869087,0.0,15.269107337193832
200,pre_cut,199989.0,,,24345.0,24748.23427498299,0.0,158.6148273109096
200,post_10pct,20159.0,1.0,0.11755604933046475,2298.0,2398.5263843522825,0.0,48.932140102244276
200,post_1pct,1979.0,1.0,0.011755604933046475,213.0,240.56403500937188,0.0,15.574102875975056
201,pre_cut,200165.0,,,23868.0,24936.680024288882,0.0,159.44295251620574
201,post_10pct,20017.0,1.0,0.11755604933046475,2236.0,2328.197300816626,0.0,48.391105781978915
201,post_1pct,1944.0,1.0,0.011755604933046475,237.0,233.95220848165718,0.1389529257451248,15.621001779793811
202,pre_cut,200195.0,,,24001.0,24962.853544496964,0.0,159.44519825284016
202,post_10pct,20116.0,1.0,0.11755604933046475,2172.0,2389.0164004690178,0.0,49.52509381404351
202,post_1pct,2009.0,1.0,0.011755604933046475,213.0,240.1456421978467,0.0,15.955680046104835
203,pre_cut,200042.0,,,24217.0,24865.728052344344,0.0,159.25709816669786
203,post_10pct,20038.0,1.0,0.11755604933046475,2261.0,2348.5982994297347,0.0,48.60612500352443
203,post_1pct,1948.0,1.0,0.011755604933046475,215.0,233.53894070332916,0.0,15.3596245907328
204,pre_cut,200284.0,,,24233.0,24836.42766507293,0.0,159.78196827594311
204,post_10pct,20382.0,1.0,0.11755604933046475,2327.0,2378.5780465625994,0.0,49.14168329665831
204,post_1pct,1867.0,1.0,0.011755604933046475,226.0,194.3686174100396,1.5419336730346098,13.969337535611967
205,pre_cut,200638.0,,,24191.0,25012.249047693986,0.0,160.0433246151593
205,post_10pct,19861.0,1.0,0.11755604933046475,2350.0,2333.9252343988487,0.23456227738422655,48.44003483561475
205,post_1pct,1981.0,1.0,0.011755604933046475,224.0,246.71734458184386,0.0,15.758581551077713
206,pre_cut,199139.0,,,24069.0,24894.813943226924,0.0,159.61475325589237
206,post_10pct,20142.0,1.0,0.11755604933046475,2346.0,2341.759247890076,0.06199837448890512,48.29814927196661
206,post_1pct,1969.0,1.0,0.011755604933046475,223.0,253.56492758770088,0.0,16.448684199469362
207,pre_cut,200499.0,,,24281.0,24944.849184810802,0.0,159.72769263125835
207,post_10pct,20072.0,1.0,0.11755604933046475,2343.0,2426.882431420738,0.0,49.840751947171675
207,post_1pct,2003.0,1.0,0.011755604933046475,,,,
208,pre_cut,199999.0,,,24005.0,25016.71142768064,0.0,159.99790861134113
208,post_10pct,19443.0,1.0,0.11755604933046475,2220.0,2279.898461955061,0.0,47.98648902651054
208,post_1pct,2035.0,1.0,0.011755604933046475,269.0,266.3594464474444,0.1134025428588635,16.52690215111093
209,pre_cut,200118.0,,,24309.0,24857.16794902894,0.0,159.17298846389792
209,post_10pct,20054.0,1.0,0.11755604933046475,2200.0,2370.480701859668,0.0,48.61896927633169
209,post_1pct,2017.0,1.0,0.011755604933046475,234.0,243.64735455841839,0.0,16.203533244136942
210,pre_cut,200305.0,,,24332.0,25015.910967389696,0.0,160.2331051406209
210,post_10pct,20306.0,1.0,0.11755604933046475,2376.0,2393.0539941890047,0.0,49.74568348817628
210,post_1pct,2002.0,1.0,0.011755604933046475,,,,
211,pre_cut,200812.0,,,24096.0,24962.78475977487,0.0,159.46785227520948
211,post_10pct,19934.0,1.0,0.11755604933046475,2407.0,2380.792579532232,0.3761631271069508,49.46211773297476
211,post_1pct,2028.0,1.0,0.011755604933046475,240.0,242.92749502715935,0.0,15.680373720910127
212,pre_cut,200096.0,,,24036.0,24919.393977956046,0.0,159.37962284689257
212,post_10pct,20378.0,1.0,0.11755604933046475,2358.0,2388.7222616178806,0.0,49.05215715633287
212,post_1pct,1986.0,1.0,0.011755604933046475,216.0,235.27873433623392,0.0,15.261592505953955
213,pre_cut,199199.0,,,24399.0,24565.832512800123,0.0,157.50391881053903
213,post_10pct,20072.0,1.0,0.11755604933046475,2321.0,2471.4029467533974,0.0,50.26099840763689
213,post_1pct,2029.0,1.0,0.011755604933046475,220.0,224.07907868809667,0.0,14.577661528217696
214,pre_cut,199765.0,,,23939.0,24796.196559911903,0.0,158.76188504143389
214,post_10pct,19783.0,1.0,0.11755604933046475,2363.0,2308.128882085865,0.7978871788251484,48.63725859158907
214,post_1pct,2078.0,1.0,0.011755604933046475,264.0,216.2669382061052,2.171121603228178,14.820903499288246
215,pre_cut,198967.0,,,23987.0,24712.199394578456,0.0,158.7791763903724
215,post_10pct,19914.0,1.0,0.11755604933046475,2255.0,2348.645839035329,0.0,48.981101585546476
215,post_1pct,1858.0,1.0,0.011755604933046475,243.0,216.90478636385052,1.2041031900401395,15.039281307426192
216,pre_cut,199549.0,,,24036.0,24790.8899327559,0.0,159.15843862498696
216,post_10pct,19915.0,1.0,0.11755604933046475,2312.0,2414.662789644597,0.0,49.62329794296298
216,post_1pct,1964.0,1.0,0.011755604933046475,199.0,240.0623613560399,0.0,15.77610113749609
217,pre_cut,200313.0,,,24041.0,24924.249462014937,0.0,159.78957053309176
217,post_10pct,19944.0,1.0,0.11755604933046475,2206.0,2394.4014166470834,0.0,48.97953216919081
217,post_1pct,2004.0,1.0,0.011755604933046475,250.0,225.56496691160956,1.1051237666263534,15.433269968289036
218,pre_cut,199942.0,,,24048.0,24749.94279054455,0.0,159.1546907200381
218,post_10pct,19791.0,1.0,0.11755604933046475,2322.0,2380.9346009150267,0.0,49.4957374130878
218,post_1pct,1955.0,1.0,0.011755604933046475,,,,
219,pre_cut,199806.0,,,24183.0,24752.998480252987,0.0,158.79388617930024
219,post_10pct,19939.0,1.0,0.11755604933046475,2293.0,2304.0534208671215,0.0,48.22448265149929
219,post_1pct,1976.0,1.0,0.011755604933046475,228.0,244.41339247647173,0.0,15.752041662324503
220,pre_cut,199927.0,,,24013.0,24792.408045685483,0.0,159.0879755337824
220,post_10pct,20119.0,1.0,0.11755604933046475,2354.0,1244.6623148410863,17.56594938359867,39.115904420245876
220,post_1pct,2030.0,1.0,0.011755604933046475,211.0,246.58835121869268,0.0,15.792922758603558
221,pre_cut,200518.0,,,24254.0,24799.353057180102,0.0,158.62510324910832
221,post_10pct,20156.0,1.0,0.11755604933046475,2264.0,2336.9026786946315,0.0,48.72003588380421
221,post_1pct,2039.0,1.0,0.011755604933046475,246.0,223.69620363473007,1.0202682426650966,15.21672656730754
222,pre_cut,200225.0,,,24059.0,24804.84781709402,0.0,158.96552678762762
222,post_10pct,20289.0,1.0,0.11755604933046475,2280.0,2355.6687268158607,0.0,48.540019206381615
222,post_1pct,1979.0,1.0,0.011755604933046475,210.0,240.91427459323754,0.0,15.580253809826123
223,pre_cut,200275.0,,,24181.0,24575.52189547827,0.0,158.1961764711761
223,post_10pct,20224.0,1.0,0.11755604933046475,2312.0,2364.068451811473,0.0,48.92887030017336
223,post_1pct,1977.0,1.0,0.011755604933046475,243.0,241.13191081567302,0.08409320132654922,15.82521963894994
224,pre_cut,200281.0,,,24266.0,24973.5339751471,0.0,159.40084614736895
224,post_10pct,20166.0,1.0,0.11755604933046475,2202.0,2409.1025560285298,0.0,48.810613220143026
224,post_1pct,2010.0,1.0,0.011755604933046475,226.0,255.12447808208918,0.0,15.916461048609317
225,pre_cut,199465.0,,,24020.0,24705.191445098335,0.0,158.51694268627924
225,post_10pct,20022.0,1.0,0.11755604933046475,2182.0,2426.389541042872,0.0,49.79803071236466
225,post_1pct,2036.0,1.0,0.011755604933046475,216.0,231.4483689116432,0.0,15.288282976059431
226,pre_cut,200454.0,,,24221.0,24764.463279408494,0.0,159.117595676421
226,post_10pct,19874.0,1.0,0.11755604933046475,2245.0,2371.3036220486156,0.0,48.958441759979316
226,post_1pct,1968.0,1.0,0.011755604933046475,221.0,251.29414847113307,0.0,16.5814015421547
227,pre_cut,200410.0,,,24167.0,24846.863443466325,0.0,159.12655506509094
227,post_10pct,19836.0,1.0,0.11755604933046475,2434.0,2305.6812391578183,1.860210096388946,48.21039403172228
227,post_1pct,2124.0,1.0,0.011755604933046475,238.0,231.72976197544642,0.29356457639798356,14.780348498663347
228,pre_cut,200090.0,,,24374.0,24747.71697210677,0.0,158.63583014226063
228,post_10pct,20114.0,1.0,0.11755604933046475,2237.0,2350.485630267955,0.0,48.78217240346411
228,post_1pct,2006.0,1.0,0.011755604933046475,250.0,244.95620983346998,0.22539248828535727,15.833389782581209
229,pre_cut,199833.0,,,24131.0,24881.91961827583,0.0,159.27068790365018
229,post_10pct,19981.0,1.0,0.11755604933046475,2322.0,2379.0286591573636,0.0,49.317408144751965
229,post_1pct,1957.0,1.0,0.011755604933046475,208.0,222.14830216665933,0.0,14.220374696006608
230,pre_cut,200285.0,,,24366.0,24910.501509071488,0.0,159.36327448958806
230,post_10pct,20049.0,1.0,0.11755604933046475,2263.0,2381.380870490211,0.0,49.12709959236852
230,post_1pct,1864.0,1.0,0.011755604933046475,211.0,227.93877879890385,0.0,15.282710501260881
231,pre_cut,200170.0,,,24077.0,24804.65793699751,0.0,159.05668834338076
231,post_10pct,20363.0,1.0,0.11755604933046475,2310.0,2399.1652195143797,0.0,49.2580516523351
231,post_1pct,2002.0,1.0,0.011755604933046475,214.0,241.90228028025726,0.0,15.967693815466703
232,pre_cut,200349.0,,,24167.0,24844.522718411834,0.0,159.18270303221567
232,post_10pct,20039.0,1.0,0.11755604933046475,2325.0,2316.1069487032755,0.13022841026994764,48.35505656266968
232,post_1pct,1982.0,1.0,0.011755604933046475,248.0,240.28343470276232,0.35188350506106114,15.26661260344243
233,pre_cut,199038.0,,,24260.0,24756.95314509651,0.0,159.27079414485888
233,post_10pct,19829.0,1.0,0.11755604933046475,2224.0,2377.190366870842,0.0,49.279126237306876
233,post_1pct,1970.0,1.0,0.011755604933046475,165.0,252.6559737723557,0.0,15.928061040444693
234,pre_cut,199852.0,,,24201.0,24960.204786433533,0.0,159.41475233175228
234,post_10pct,20041.0,1.0,0.11755604933046475,2295.0,2353.804316216363,0.0,48.585655757440215
234,post_1pct,2061.0,1.0,0.011755604933046475,225.0,238.48060464037232,0.0,15.481802590334535
235,pre_cut,199533.0,,,24126.0,24838.93005243886,0.0,159.36304882635048
235,post_10pct,19881.0,1.0,0.11755604933046475,2417.0,2311.751807768583,1.517916962552444,48.87448887120501
235,post_1pct,2010.0,1.0,0.011755604933046475,,,,
236,pre_cut,200078.0,,,24217.0,24944.873028961538,0.0,159.54410400249523
236,post_10pct,20276.0,1.0,0.11755604933046475,2280.0,2442.3416403609344,0.0,49.35839843265313
236,post_1pct,2128.0,1.0,0.011755604933046475,245.0,262.04644340196154,0.0,16.529523202188475
237,pre_cut,200791.0,,,24028.0,24932.104001479493,0.0,159.39314515087025
237,post_10pct,20594.0,1.0,0.11755604933046475,2303.0,2420.286391642855,0.0,49.6851223256793
237,post_1pct,2094.0,1.0,0.011755604933046475,276.0,242.09446794929792,1.4827138899082433,15.711146055712184
238,pre_cut,199589.0,,,24185.0,24787.49108469679,0.0,159.13600728329303
238,post_10pct,20072.0,1.0,0.11755604933046475,2302.0,2381.724423025332,0.0,49.31202153721356
238,post_1pct,2132.0,1.0,0.011755604933046475,272.0,237.82606054109255,1.4830269197293142,16.04710661827382
239,pre_cut,199953.0,,,24074.0,24736.971901620815,0.0,158.89608471520185
239,post_10pct,20087.0,1.0,0.11755604933046475,2222.0,2380.5768306986442,0.0,49.039344034890966
239,post_1pct,1933.0,1.0,0.011755604933046475,223.0,246.0963742581427,0.0,16.019642398330696
240,pre_cut,199954.0,,,24177.0,24965.199718335585,0.0,159.74134727470752
240,post_10pct,19964.0,1.0,0.11755604933046475,2310.0,2336.4380766079357,0.0,49.24757033252405
240,post_1pct,2006.0,1.0,0.011755604933046475,236.0,243.97299679614517,0.0,15.815248616460662
241,pre_cut,200061.0,,,24035.0,24927.012761736543,0.0,159.47963447164196
241,post_10pct,19799.0,1.0,0.11755604933046475,2316.0,2386.544905246454,0.0,49.99787123222766
241,post_1pct,2086.0,1.0,0.011755604933046475,250.0,214.09757826133534,1.6811463167188339,14.39764536493594
242,pre_cut,200410.0,,,24393.0,24723.966231485807,0.0,158.84132924085756
242,post_10pct,20236.0,1.0,0.11755604933046475,2452.0,2413.565391334813,0.5467226471981329,49.89327269040065
242,post_1pct,2017.0,1.0,0.011755604933046475,207.0,240.81785667205253,0.0,16.125652163801803
243,pre_cut,199791.0,,,24159.0,24880.40426978552,0.0,159.385388671966
243,post_10pct,19986.0,1.0,0.11755604933046475,2297.0,2409.5736886250215,0.0,49.5039403518277
243,post_1pct,1957.0,1.0,0.011755604933046475,,,,
244,pre_cut,200336.0,,,24051.0,25041.89693222028,0.0,160.0090931020508
244,post_10pct,19755.0,1.0,0.11755604933046475,2156.0,2389.3900385055354,0.0,49.064979690437504
244,post_1pct,1895.0,1.0,0.011755604933046475,185.0,233.21241859008478,0.0,15.150656695636796
245,pre_cut,199504.0,,,24193.0,24899.496672868325,0.0,159.60973619020143
245,post_10pct,19828.0,1.0,0.11755604933046475,2363.0,2332.883177633764,0.435466936432661,49.187107005772326
245,post_1pct,2075.0,1.0,0.011755604933046475,256.0,241.863363869203,0.6268584819806015,15.881969780960361
246,pre_cut,200234.0,,,24059.0,24725.885863383402,0.0,158.89090484164117
246,post_10pct,19967.0,1.0,0.11755604933046475,2199.0,2335.340066327918,0.0,48.623979342443
246,post_1pct,1875.0,1.0,0.011755604933046475,218.0,196.40445237512074,1.0639705841927627,13.93963373089551
247,pre_cut,199838.0,,,24250.0,24866.526084043348,0.0,158.97540360795765
247,post_10pct,20218.0,1.0,0.11755604933046475,2274.0,2439.486039808304,0.0,49.49678806347889
247,post_1pct,2058.0,1.0,0.011755604933046475,247.0,249.26781299061298,0.0,15.89524564672539
248,pre_cut,199953.0,,,24129.0,24883.614592155092,0.0,159.40555330253522
248,post_10pct,19879.0,1.0,0.11755604933046475,2229.0,2398.9565552944896,0.0,49.97057918409065
248,post_1pct,2067.0,1.0,0.011755604933046475,196.0,252.5090669627831,0.0,16.25457641190687
249,pre_cut,199163.0,,,23966.0,24713.34593480805,0.0,158.64282227883965
249,post_10pct,19726.0,1.0,0.11755604933046475,2229.0,2358.3442462925464,0.0,48.45298702618833
249,post_1pct,1895.0,1.0,0.011755604933046475,,,,
250,pre_cut,200458.0,,,24268.0,24895.295847235262,0.0,159.06337989887135
250,post_10pct,19924.0,1.0,0.11755604933046475,2261.0,2347.645043544231,0.0,49.07831353127956
250,post_1pct,2032.0,1.0,0.011755604933046475,,,,
251,pre_cut,200186.0,,,24260.0,24733.147342033335,0.0,158.72695318547864
251,post_10pct,20292.0,1.0,0.11755604933046475,2323.0,2361.672324480266,0.0,48.78710455381403
251,post_1pct,2082.0,1.0,0.011755604933046475,217.0,459.6793264091197,0.0,22.638940426147453
252,pre_cut,199986.0,,,24219.0,24809.80237291263,0.0,159.12979439373777
252,post_10pct,20247.0,1.0,0.11755604933046475,2337.0,2309.141988150085,0.4105799434099907,47.613469266311945
252,post_1pct,2038.0,1.0,0.011755604933046475,232.0,228.87426642669945,0.1474474029112957,14.74799807305664
253,pre_cut,199768.0,,,24160.0,24916.797809592434,0.0,159.6012347752196
253,post_10pct,19910.0,1.0,0.11755604933046475,2196.0,2394.6827688025614,0.0,48.94719094879909
253,post_1pct,1960.0,1.0,0.011755604933046475,260.0,234.8200096340855,1.1327491459554746,15.30940352192896
254,pre_cut,201643.0,,,24647.0,24919.096519188766,0.0,159.18508375169935
254,post_10pct,20356.0,1.0,0.11755604933046475,2299.0,2402.3447209895694,0.0,49.27223660676159
254,post_1pct,2056.0,1.0,0.011755604933046475,230.0,217.32125897147486,0.602643917611959,14.589474117984299
255,pre_cut,199575.0,,,24332.0,24885.556188286013,0.0,159.8704743555391
255,post_10pct,19980.0,1.0,0.11755604933046475,2378.0,2337.583076731018,0.5857449616649204,48.81251291656772
255,post_1pct,1998.0,1.0,0.011755604933046475,221.0,234.47641866576782,0.0,15.501713613760616
256,pre_cut,200206.0,,,24599.0,24850.61514108487,0.0,159.32670627088476
256,post_10pct,20384.0,1.0,0.11755604933046475,2488.0,2399.480856589219,1.2617227231702026,49.330404363913026
256,post_1pct,2114.0,1.0,0.011755604933046475,192.0,275.0291141225341,0.0,16.713102902553988
257,pre_cut,200534.0,,,24406.0,25080.84785141849,0.0,160.53780468117154
257,post_10pct,20110.0,1.0,0.11755604933046475,2386.0,2423.2993337511703,0.0,50.04168961916648
257,post_1pct,2000.0,1.0,0.011755604933046475,203.0,239.5198604428167,0.0,15.651480779590946
258,pre_cut,199685.0,,,24220.0,24714.91960062435,0.0,158.8930485473623
258,post_10pct,19909.0,1.0,0.11755604933046475,2239.0,2327.003336115609,0.0,48.62240871972304
258,post_1pct,2019.0,1.0,0.011755604933046475,236.0,257.6064482876111,0.0,16.2148214571823
259,pre_cut,199609.0,,,24118.0,24868.82614028023,0.0,159.17476935106444
259,post_10pct,19868.0,1.0,0.11755604933046475,2385.0,2326.951004471608,0.8443320174867339,48.39037506626761
259,post_1pct,1902.0,1.0,0.011755604933046475,211.0,235.35463669594347,0.0,15.670122465873508
260,pre_cut,199738.0,,,24487.0,24867.392392472415,0.0,159.5051532483807
260,post_10pct,20219.0,1.0,0.11755604933046475,2292.0,2484.155481559262,0.0,50.29023364902308
260,post_1pct,2060.0,1.0,0.011755604933046475,222.0,257.07340827546733,0.0,16.323585525301844
261,pre_cut,200377.0,,,23875.0,24937.434183917358,0.0,159.49346077288953
261,post_10pct,20163.0,1.0,0.11755604933046475,2235.0,2392.028042550468,0.0,49.27326511230275
261,post_1pct,2017.0,1.0,0.011755604933046475,256.0,251.86812188135707,0.1806734508535773,16.33546847961303
262,pre_cut,199604.0,,,24041.0,24964.553306969785,0.0,159.54637528539845
262,post_10pct,19967.0,1.0,0.11755604933046475,2230.0,2423.654901739869,0.0,49.620386797942
262,post_1pct,1891.0,1.0,0.011755604933046475,251.0,238.58624762796507,0.5560954739147859,15.718710107098223
263,pre_cut,200212.0,,,24455.0,24713.5407198641,0.0,158.7089504581483
263,post_10pct,20116.0,1.0,0.11755604933046475,2301.0,2329.468163856469,0.0,48.14348889249812
263,post_1pct,2032.0,1.0,0.011755604933046475,233.0,217.40804729598182,0.7308715029176824,14.899154974326331
264,pre_cut,200210.0,,,24308.0,24827.806126305648,0.0,158.7817381167893
264,post_10pct,19911.0,1.0,0.11755604933046475,2246.0,2348.5382846559146,0.0,48.8426796792144
264,post_1pct,1897.0,1.0,0.011755604933046475,219.0,210.0979393842622,0.42360797838630915,14.910092979805187
265,pre_cut,200234.0,,,24661.0,24735.793283759398,0.0,158.94134083703767
265,post_10pct,20048.0,1.0,0.11755604933046475,2358.0,2365.809377518479,0.0,48.941938348326126
265,post_1pct,2011.0,1.0,0.011755604933046475,243.0,247.69865337766757,0.0,16.28639519271262
266,pre_cut,199807.0,,,24227.0,24825.723969857958,0.0,159.25410446292472
266,post_10pct,20121.0,1.0,0.11755604933046475,2286.0,2348.8216553738234,0.0,48.62837319734125
266,post_1pct,2068.0,1.0,0.011755604933046475,260.0,256.0403855261376,0.1755076390991605,15.782018890624682
267,pre_cut,199692.0,,,23907.0,24703.097190206252,0.0,158.6689885646563
267,post_10pct,20175.0,1.0,0.11755604933046475,2281.0,2403.1582419150636,0.0,49.117176995763394
267,post_1pct,1943.0,1.0,0.011755604933046475,161.0,262.9059013314291,0.0,16.595153760623077
268,pre_cut,200160.0,,,23955.0,24824.198821081278,0.0,159.0200304825903
268,post_10pct,20102.0,1.0,0.11755604933046475,2219.0,2418.926298074388,0.0,50.159826429597274
268,post_1pct,1968.0,1.0,0.011755604933046475,242.0,274.92267347673686,0.0,17.25190948033734
269,pre_cut,200270.0,,,24123.0,24996.898119496705,0.0,159.3097498796916
269,post_10pct,19901.0,1.0,0.11755604933046475,2236.0,2396.8573554753366,0.0,49.353547863720415
269,post_1pct,2014.0,1.0,0.011755604933046475,201.0,219.54575648469495,0.0,15.29108698128077
270,pre_cut,198780.0,,,24099.0,24642.503181863438,0.0,158.98721026242364
270,post_10pct,19834.0,1.0,0.11755604933046475,2373.0,2284.6354932398954,1.2924279844131559,47.97324052020195
270,post_1pct,1924.0,1.0,0.011755604933046475,175.0,231.0349374178336,0.0,15.372679762917848
271,pre_cut,200437.0,,,24250.0,24831.066058684377,0.0,159.26042444472532
271,post_10pct,20296.0,1.0,0.11755604933046475,2260.0,2475.3884779209543,0.0,50.52391322325204
271,post_1pct,2022.0,1.0,0.011755604933046475,235.0,265.61952074654977,0.0,16.99390195124617
272,pre_cut,199575.0,,,24043.0,24781.97338307804,0.0,158.87678129956956
272,post_10pct,19762.0,1.0,0.11755604933046475,2203.0,2396.4655301053363,0.0,49.12639401821305
272,post_1pct,2096.0,1.0,0.011755604933046475,226.0,262.58663058841034,0.0,16.555226167663562
273,pre_cut,200691.0,,,24387.0,25079.810008223758,0.0,160.20225716881077
273,post_10pct,19865.0,1.0,0.11755604933046475,2364.0,2391.4439113977387,0.0,49.04915171730222
273,post_1pct,2066.0,1.0,0.011755604933046475,193.0,239.15574608363139,0.0,15.516130435060383
274,pre_cut,199738.0,,,24048.0,24688.906282769498,0.0,158.70934944750528
274,post_10pct,20064.0,1.0,0.11755604933046475,2245.0,2352.8850520647384,0.0,48.574088826987655
274,post_1pct,1955.0,1.0,0.011755604933046475,,,,
275,pre_cut,200265.0,,,24173.0,24859.329291438153,0.0,159.66302430507432
275,post_10pct,20111.0,1.0,0.11755604933046475,2321.0,2428.840345821496,0.0,49.70104250921231
275,post_1pct,1977.0,1.0,0.011755604933046475,,,,
276,pre_cut,200137.0,,,24221.0,24799.110280623918,0.0,159.2532518630166
276,post_10pct,20056.0,1.0,0.11755604933046475,2303.0,2383.8903586068654,0.0,49.50579056164022
276,post_1pct,2085.0,1.0,0.011755604933046475,256.0,257.16597773090155,0.0,16.135087222344843
277,pre_cut,199700.0,,,24083.0,24867.119635415722,0.0,159.28107503309448
277,post_10pct,19930.0,1.0,0.11755604933046475,2248.0,2461.562566842612,0.0,49.75002527026515
277,post_1pct,1934.0,1.0,0.011755604933046475,233.0,245.54234187570512,0.0,15.681401711573463
278,pre_cut,200270.0,,,24097.0,24901.04690717343,0.0,159.54299347424933
278,post_10pct,20506.0,1.0,0.11755604933046475,2304.0,2435.7850944344164,0.0,49.8502412203501
278,post_1pct,1916.0,1.0,0.011755604933046475,189.0,220.15872556722178,0.0,14.52743919441813
279,pre_cut,200121.0,,,24116.0,24744.804539577966,0.0,159.06366716530874
279,post_10pct,19906.0,1.0,0.11755604933046475,2308.0,2349.375349896745,0.0,49.02568809651924
279,post_1pct,2084.0,1.0,0.011755604933046475,228.0,251.61847364393677,0.0,15.977342704689292
280,pre_cut,199605.0,,,24266.0,25000.963239333767,0.0,160.09369581867645
280,post_10pct,19968.0,1.0,0.11755604933046475,2330.0,2421.797102208416,0.0,49.43269133180323
280,post_1pct,2047.0,1.0,0.011755604933046475,253.0,232.78340870982356,0.9267873494575741,14.950207424677032
281,pre_cut,200531.0,,,24255.0,24819.00105496098,0.0,159.2637672708374
281,post_10pct,19461.0,1.0,0.11755604933046475,2137.0,2337.0498068046136,0.0,49.07597906623117
281,post_1pct,1942.0,1.0,0.011755604933046475,196.0,235.10085975549853,0.0,15.260233875115503
282,pre_cut,199644.0,,,24044.0,24725.865248067144,0.0,158.6231222501051
282,post_10pct,20419.0,1.0,0.11755604933046475,2331.0,2459.925690732276,0.0,49.80853067067324
282,post_1pct,2044.0,1.0,0.011755604933046475,211.0,256.0315067317916,0.0,16.535292861401466
283,pre_cut,199138.0,,,24182.0,24659.99079125222,0.0,158.40124687655018
283,post_10pct,19870.0,1.0,0.11755604933046475,2266.0,2290.7091791977764,0.0,48.35592728662603
283,post_1pct,2071.0,1.0,0.011755604933046475,257.0,225.84630101322665,1.4272972559619255,14.841323952715257
284,pre_cut,198881.0,,,24193.0,24650.190084114314,0.0,158.50692084058497
284,post_10pct,19988.0,1.0,0.11755604933046475,2350.0,752.6069359683338,28.49242249821989,28.87236356980889
284,post_1pct,2038.0,1.0,0.011755604933046475,221.0,250.28843379407294,0.0,15.782342749496559
285,pre_cut,200672.0,,,24191.0,24756.98235420065,0.0,159.05160852572664
285,post_10pct,19703.0,1.0,0.11755604933046475,2217.0,2283.855748658241,0.0,47.922324642838184
285,post_1pct,2006.0,1.0,0.011755604933046475,254.0,217.2489458662646,1.6948796992746307,14.72125812588569
286,pre_cut,200462.0,,,24150.0,25014.94769091157,0.0,160.07774218918246
286,post_10pct,20182.0,1.0,0.11755604933046475,2297.0,2352.4101645772885,0.0,48.68283387285752
286,post_1pct,1913.0,1.0,0.011755604933046475,215.0,233.4261841306918,0.0,15.518199569322622
287,pre_cut,199683.0,,,24182.0,25023.631717171127,0.0,159.89860332100557
287,post_10pct,20164.0,1.0,0.11755604933046475,2359.0,2423.1928504406415,0.0,49.69529024345691
287,post_1pct,1929.0,1.0,0.011755604933046475,204.0,221.99110825791558,0.0,14.905058577216959
288,pre_cut,200005.0,,,24403.0,24799.02928954482,0.0,159.01684317467343
288,post_10pct,20158.0,1.0,0.11755604933046475,2215.0,2380.169746759818,0.0,49.262853682484916
288,post_1pct,1948.0,1.0,0.011755604933046475,229.0,229.40670445676852,0.0,15.201541744594467
289,pre_cut,199803.0,,,24063.0,24896.23432372063,0.0,159.359646343664
289,post_10pct,20166.0,1.0,0.11755604933046475,2288.0,2397.0819443718096,0.0,49.30199713647525
289,post_1pct,2026.0,1.0,0.011755604933046475,248.0,244.90909240792053,0.13918107556602985,15.658478144028354
290,pre_cut,199052.0,,,24020.0,24524.713934531886,0.0,157.71303097997594
290,post_10pct,19841.0,1.0,0.11755604933046475,2273.0,2306.6557185958204,0.0,48.06985468656509
290,post_1pct,1969.0,1.0,0.011755604933046475,215.0,243.68850396805323,0.0,16.15386673638299
291,pre_cut,199614.0,,,24118.0,24744.710785629693,0.0,159.0243788456616
291,post_10pct,19928.0,1.0,0.11755604933046475,2225.0,2368.226274256879,0.0,49.05604130023874
291,post_1pct,1960.0,1.0,0.011755604933046475,197.0,230.74710182722814,0.0,15.34186292033391
292,pre_cut,199773.0,,,24226.0,24648.44960082243,0.0,158.52229616124615
292,post_10pct,19823.0,1.0,0.11755604933046475,2394.0,2279.0564451585656,1.6752629696173393,48.09339510940352
292,post_1pct,2055.0,1.0,0.011755604933046475,214.0,239.7971494275617,0.0,15.939025302738429
293,pre_cut,200015.0,,,24421.0,24807.88856453423,0.0,159.0858617721359
293,post_10pct,19926.0,1.0,0.11755604933046475,2245.0,2397.924730779955,0.0,49.05414001542769
293,post_1pct,1849.0,1.0,0.011755604933046475,230.0,241.79522062560352,0.0,15.951248354706957
294,pre_cut,200367.0,,,24042.0,25094.56679442049,0.0,160.2019590544766
294,post_10pct,19998.0,1.0,0.11755604933046475,2293.0,2321.3514162124147,0.0,48.63286006275019
294,post_1pct,2033.0,1.0,0.011755604933046475,182.0,221.09635382475824,0.0,14.820438236951844
295,pre_cut,199879.0,,,24108.0,24843.015298624603,0.0,158.95612618663358
295,post_10pct,19969.0,1.0,0.11755604933046475,2274.0,804.3601417000627,26.105150107893458,30.081810235005147
295,post_1pct,2116.0,1.0,0.011755604933046475,257.0,233.14395288414093,1.0781195619114907,15.259055882428246
296,pre_cut,199699.0,,,23948.0,25004.760729551166,0.0,159.82379787225443
296,post_10pct,19738.0,1.0,0.11755604933046475,2277.0,2342.735401709154,0.0,48.76368742812137
296,post_1pct,1928.0,1.0,0.011755604933046475,228.0,222.70730966049567,0.24913840999022782,14.943472538931678
297,pre_cut,199234.0,,,24341.0,24844.04814328689,0.0,159.71861942767762
297,post_10pct,19731.0,1.0,0.11755604933046475,2200.0,2344.273376995625,0.0,48.87658425526687
297,post_1pct,2054.0,1.0,0.011755604933046475,252.0,229.08933714758547,1.0426476870777688,15.19534759363584
298,pre_cut,199978.0,,,24155.0,24791.22164294313,0.0,159.34500981252398
298,post_10pct,20341.0,1.0,0.11755604933046475,2333.0,2356.7904917421265,0.0,48.51362340062135
298,post_1pct,1943.0,1.0,0.011755604933046475,211.0,231.56814338945853,0.0,15.596371708262918
299,pre_cut,199125.0,,,24124.0,24869.252028264724,0.0,159.43819852930966
299,post_10pct,19621.0,1.0,0.11755604933046475,2293.0,2317.3830325249432,0.0,48.876291207142344
299,post_1pct,1919.0,1.0,0.011755604933046475,221.0,223.84708179986396,0.0,14.76699186301485
300,pre_cut,199627.0,,,24113.0,24788.38332224588,0.0,159.25008477806963
300,post_10pct,20014.0,1.0,0.11755604933046475,2268.0,2437.5399556527245,0.0,49.962903144381926
300,post_1pct,2061.0,1.0,0.011755604933046475,231.0,242.21522104723442,0.0,16.11504145577404
301,pre_cut,199539.0,,,24240.0,24728.39192460873,0.0,158.7680153927594
301,post_10pct,20149.0,1.0,0.11755604933046475,2235.0,2369.557421402853,0.0,48.62115269687368
301,post_1pct,2014.0,1.0,0.011755604933046475,242.0,256.2338713507434,0.0,16.235800138756172
302,pre_cut,199455.0,,,24078.0,24701.301832252455,0.0,158.90469426650512
302,post_10pct,19811.0,1.0,0.11755604933046475,2363.0,2340.2553424543034,0.32866862506731204,49.24874475798595
302,post_1pct,1899.0,1.0,0.011755604933046475,226.0,231.20377798529756,0.0,15.777442207463949
303,pre_cut,199558.0,,,24254.0,24813.705279111287,0.0,159.2107123094975
303,post_10pct,19882.0,1.0,0.11755604933046475,2251.0,2358.6906250983707,0.0,49.13548595426302
303,post_1pct,1939.0,1.0,0.011755604933046475,205.0,254.89287610452394,0.0,16.361499097053823
304,pre_cut,199993.0,,,24241.0,24556.888200632784,0.0,158.30540814557142
304,post_10pct,19777.0,1.0,0.11755604933046475,2328.0,2268.3242101444816,0.8770538778580188,47.97038456902415
304,post_1pct,1997.0,1.0,0.011755604933046475,215.0,224.99471036077364,0.0,15.284818302118182
305,pre_cut,199660.0,,,23997.0,24831.991059974247,0.0,158.96973727810868
305,post_10pct,20091.0,1.0,0.11755604933046475,2294.0,2350.948229916182,0.0,48.634907907221695
305,post_1pct,1998.0,1.0,0.011755604933046475,195.0,224.0175745412691,0.0,15.237789537919
306,pre_cut,199915.0,,,24304.0,24854.19721121637,0.0,159.1197705133538
306,post_10pct,20089.0,1.0,0.11755604933046475,2426.0,2341.917560134386,1.2118666639571598,48.858066918967516
306,post_1pct,2079.0,1.0,0.011755604933046475,240.0,236.9168206879154,0.14010492547092265,15.627335949535558
307,pre_cut,199803.0,,,24344.0,24770.593410053087,0.0,159.01730802325937
307,post_10pct,20004.0,1.0,0.11755604933046475,2256.0,2377.766159873925,0.0,49.18939052430573
307,post_1pct,1983.0,1.0,0.011755604933046475,226.0,241.7199303053463,0.0,15.614694200028591
308,pre_cut,199845.0,,,24015.0,24741.087104032493,0.0,158.66352171995382
308,post_10pct,20406.0,1.0,0.11755604933046475,2244.0,2412.600351425987,0.0,49.619059739764154
308,post_1pct,2076.0,1.0,0.011755604933046475,215.0,223.5467942363113,0.0,14.519909229897827
309,pre_cut,200007.0,,,23971.0,24887.999645775664,0.0,159.44806022955203
309,post_10pct,20308.0,1.0,0.11755604933046475,2239.0,2375.983232218985,0.0,48.632604493213755
309,post_1pct,1911.0,1.0,0.011755604933046475,180.0,237.3472051640734,0.0,15.593569471104622
310,pre_cut,199981.0,,,24204.0,24726.708238709598,0.0,158.89273330923956
310,post_10pct,20137.0,1.0,0.11755604933046475,2370.0,2276.1037678153016,1.3757599850328277,47.83419564293462
310,post_1pct,2073.0,1.0,0.011755604933046475,224.0,267.1670859946068,0.0,16.60953782717192
311,pre_cut,200477.0,,,24278.0,24825.802429685544,0.0,159.37925297402396
311,post_10pct,19754.0,1.0,0.11755604933046475,,,,
311,post_1pct,2067.0,1.0,0.011755604933046475,261.0,259.43633796790664,0.0681598463434271,16.287158640779783
312,pre_cut,199439.0,,,24092.0,24741.958440980474,0.0,158.59479121034056
312,post_10pct,19837.0,1.0,0.11755604933046475,2298.0,2297.8089425930216,0.0028106821916068963,48.19399871886595
312,post_1pct,2005.0,1.0,0.011755604933046475,224.0,243.11929163164555,0.0,15.772770361723108
313,pre_cut,199560.0,,,24128.0,24681.37824572686,0.0,158.6365821336942
313,post_10pct,19721.0,1.0,0.11755604933046475,2245.0,2301.742295945446,0.0,48.046719528423175
313,post_1pct,1978.0,1.0,0.011755604933046475,224.0,234.71411849686973,0.0,15.491018088158969
314,pre_cut,201114.0,,,24330.0,24881.28364057189,0.0,159.07333251546868
314,post_10pct,20108.0,1.0,0.11755604933046475,2365.0,2449.062466080938,0.0,50.10643086474163
314,post_1pct,1991.0,1.0,0.011755604933046475,233.0,219.35543163054382,0.6422096877955948,14.782020413479204
315,pre_cut,199728.0,,,24324.0,24641.923554740308,0.0,158.32830529631266
315,post_10pct,19972.0,1.0,0.11755604933046475,2249.0,2318.785942347681,0.0,48.49379365254111
315,post_1pct,2038.0,1.0,0.011755604933046475,217.0,253.66336131055175,0.0,16.481693889527584
316,pre_cut,200474.0,,,24259.0,24785.59432184872,0.0,158.57168064143556
316,post_10pct,20173.0,1.0,0.11755604933046475,2334.0,2427.3246181210607,0.0,49.55677760626116
316,post_1pct,2090.0,1.0,0.011755604933046475,249.0,247.34418915530588,0.07363940225455252,16.017262741521414
317,pre_cut,199619.0,,,24076.0,25028.34134397185,0.0,160.1405794069939
317,post_10pct,20243.0,1.0,0.11755604933046475,2274.0,2461.4100491916943,0.0,50.31139000388061
317,post_1pct,1941.0,1.0,0.011755604933046475,204.0,236.57682270480416,0.0,16.42459151185547
318,pre_cut,200341.0,,,24072.0,25009.50309219475,0.0,159.86416518458097
318,post_10pct,20166.0,1.0,0.11755604933046475,2371.0,2398.6924552248156,0.0,49.28797287930409
318,post_1pct,2029.0,1.0,0.011755604933046475,221.0,269.01228408596353,0.0,16.188779405142515
319,pre_cut,199385.0,,,24082.0,24556.54115448639,0.0,158.08004788001097
319,post_10pct,19993.0,1.0,0.11755604933046475,2316.0,2345.844436438185,0.0,48.88902307749401
319,post_1pct,1976.0,1.0,0.011755604933046475,225.0,215.95029143743136,0.4324923998947321,14.59285075854779
320,pre_cut,200319.0,,,24266.0,25047.233796917517,0.0,160.27158120102993
320,post_10pct,20003.0,1.0,0.11755604933046475,2314.0,2436.80136940368,0.0,50.46133512799168
320,post_1pct,1953.0,1.0,0.011755604933046475,190.0,227.6333387410677,0.0,15.733459169381428
321,pre_cut,199475.0,,,24031.0,24975.427524098348,0.0,159.9906053736882
321,post_10pct,19976.0,1.0,0.11755604933046475,2265.0,2344.4446958440953,0.0,48.588929185300294
321,post_1pct,2027.0,1.0,0.011755604933046475,242.0,244.84948432373898,0.0,15.628514393251853
322,pre_cut,200806.0,,,24302.0,25173.549217356773,0.0,160.53455064299214
322,post_10pct,20326.0,1.0,0.11755604933046475,2354.0,2497.870606770369,0.0,50.23532130800932
322,post_1pct,1979.0,1.0,0.011755604933046475,210.0,251.87416833830943,0.0,16.702775307421195
323,pre_cut,200426.0,,,24211.0,25027.852857264756,0.0,160.16132141593943
323,post_10pct,19949.0,1.0,0.11755604933046475,2220.0,2341.802091791977,0.0,48.29002124452836
323,post_1pct,2075.0,1.0,0.011755604933046475,244.0,253.47262447244614,0.0,16.194707480635653
324,pre_cut,199634.0,,,24207.0,24670.38029861344,0.0,158.60906668017776
324,post_10pct,20223.0,1.0,0.11755604933046475,2311.0,2432.4421025436322,0.0,49.37304537181005
324,post_1pct,1847.0,1.0,0.011755604933046475,186.0,239.77329270712744,0.0,15.76595190125399
325,pre_cut,199200.0,,,23984.0,24841.848617089636,0.0,158.86171194821875
325,post_10pct,19995.0,1.0,0.11755604933046475,2206.0,2404.604036491123,0.0,49.29556879164999
325,post_1pct,2061.0,1.0,0.011755604933046475,251.0,254.17451044195457,0.0,16.58099725873077
326,pre_cut,199696.0,,,24183.0,24841.902538095223,0.0,159.30863209323383
326,post_10pct,19998.0,1.0,0.11755604933046475,2295.0,2352.9751497447023,0.0,48.745979762972055
326,post_1pct,2068.0,1.0,0.011755604933046475,,,,
327,pre_cut,199564.0,,,24139.0,24719.9515906722,0.0,158.6656291479216
327,post_10pct,19902.0,1.0,0.11755604933046475,2246.0,2346.3468054396985,0.0,48.74768463605792
327,post_1pct,1933.0,1.0,0.011755604933046475,236.0,246.1199627958415,0.0,16.15707777892144
328,pre_cut,199578.0,,,24113.0,24903.185565785883,0.0,159.61039294221615
328,post_10pct,20174.0,1.0,0.11755604933046475,2340.0,2414.1553909253817,0.0,49.55004619656211
328,post_1pct,2036.0,1.0,0.011755604933046475,228.0,250.4864557448837,0.0,15.652353330640226
329,pre_cut,199661.0,,,24078.0,24629.7112739283,0.0,158.03795639579968
329,post_10pct,20016.0,1.0,0.11755604933046475,2316.0,2230.4462578085045,1.2747431801074682,46.79384494849319
329,post_1pct,2110.0,1.0,0.011755604933046475,235.0,264.525120002404,0.0,15.931194737110356
330,pre_cut,200379.0,,,24084.0,24966.74312124718,0.0,159.7366405636819
330,post_10pct,19871.0,1.0,0.11755604933046475,2235.0,2326.099751433645,0.0,48.54701938269407
330,post_1pct,1975.0,1.0,0.011755604933046475,231.0,236.0136171363493,0.0,15.372950729183957
331,pre_cut,200621.0,,,24172.0,24957.357304504978,0.0,159.9202291054709
331,post_10pct,19970.0,1.0,0.11755604933046475,2335.0,2362.8760037246175,0.0,49.26174671970085
331,post_1pct,1955.0,1.0,0.011755604933046475,226.0,256.19985999740976,0.0,16.527690137809238
332,pre_cut,200184.0,,,24230.0,24798.1876355863,0.0,159.17998027657865
332,post_10pct,20318.0,1.0,0.11755604933046475,2345.0,2487.112846185785,0.0,50.35516028852794
332,post_1pct,2066.0,1.0,0.011755604933046475,211.0,225.92000410823408,0.0,15.17022639922035
333,pre_cut,200075.0,,,24040.0,24911.536994697162,0.0,159.66226318522396
333,post_10pct,19994.0,1.0,0.11755604933046475,2321.0,2350.0362508918847,0.0,49.294222464540795
333,post_1pct,1994.0,1.0,0.011755604933046475,198.0,255.27961166074485,0.0,16.14085363048338
334,pre_cut,200105.0,,,24214.0,24891.18505180857,0.0,159.3509134514805
334,post_10pct,19976.0,1.0,0.11755604933046475,2311.0,2379.3316390176633,0.0,49.172680433973326
334,post_1pct,2031.0,1.0,0.011755604933046475,228.0,221.1070231902945,0.3280360658005478,14.618872821502247
335,pre_cut,199948.0,,,24011.0,24843.19233198854,0.0,159.37900534527904
335,post_10pct,19863.0,1.0,0.11755604933046475,2334.0,2364.720616782456,0.0,49.22757918176122
335,post_1pct,1987.0,1.0,0.011755604933046475,221.0,225.2025969630283,0.0,15.09145500860033
336,pre_cut,200416.0,,,24395.0,24654.843684074243,0.0,158.35097305742852
336,post_10pct,20172.0,1.0,0.11755604933046475,2359.0,2309.6082842104547,0.7189229473688952,48.58375121202482
336,post_1pct,2080.0,1.0,0.011755604933046475,227.0,220.4711173787078,0.3091050687244845,14.804578952953168
337,pre_cut,200691.0,,,24339.0,24925.687873362927,0.0,159.5021239832383
337,post_10pct,20120.0,1.0,0.11755604933046475,2320.0,2387.159811220303,0.0,49.283902044161266
337,post_1pct,2018.0,1.0,0.011755604933046475,206.0,240.2367117718157,0.0,15.930642724029502
338,pre_cut,200428.0,,,24137.0,24842.860297857667,0.0,159.06334674828574
338,post_10pct,19912.0,1.0,0.11755604933046475,2197.0,2403.9290567024364,0.0,49.466918778437794
338,post_1pct,2071.0,1.0,0.011755604933046475,,,,
339,pre_cut,199846.0,,,24395.0,24915.2379301984,0.0,160.07499754345304
339,post_10pct,19957.0,1.0,0.11755604933046475,2290.0,2349.134461500323,0.0,48.91425846442846
339,post_1pct,1991.0,1.0,0.011755604933046475,,,,
340,pre_cut,199393.0,,,24120.0,24710.60137356227,0.0,158.67480204847456
340,post_10pct,19950.0,1.0,0.11755604933046475,2334.0,2392.601189583731,0.0,49.12556821824669
340,post_1pct,2024.0,1.0,0.011755604933046475,251.0,223.2407931885011,1.2867316232423656,14.674273011550333
341,pre_cut,200242.0,,,24029.0,24898.48638901276,0.0,159.62854495461545
341,post_10pct,19996.0,1.0,0.11755604933046475,2375.0,2374.259800968913,0.01066760306639006,49.392520192869206
341,post_1pct,1920.0,1.0,0.011755604933046475,243.0,247.82753669683686,0.0,15.688563952494675
342,pre_cut,199363.0,,,24281.0,24603.9298272878,0.0,158.34081632388495
342,post_10pct,19825.0,1.0,0.11755604933046475,2302.0,2297.703261406402,0.06322738774826518,48.12609293449691
342,post_1pct,2075.0,1.0,0.011755604933046475,205.0,256.3440863686195,0.0,17.753493535402168
343,pre_cut,200020.0,,,23946.0,24972.72022585926,0.0,159.6414562863643
343,post_10pct,20163.0,1.0,0.11755604933046475,2219.0,2470.9572143101077,0.0,50.46360744664386
343,post_1pct,1963.0,1.0,0.011755604933046475,293.0,245.9282339338817,2.01539075672578,15.88652722737513
344,pre_cut,199652.0,,,24117.0,24734.797620533936,0.0,158.98603172609745
344,post_10pct,20019.0,1.0,0.11755604933046475,2357.0,2379.4129115363003,0.0,48.86619166031193
344,post_1pct,1940.0,1.0,0.011755604933046475,205.0,236.05630938331262,0.0,15.573796739989842
345,pre_cut,200850.0,,,24067.0,24732.950860130746,0.0,158.9879176035721
345,post_10pct,19940.0,1.0,0.11755604933046475,2156.0,2430.5079396126303,0.0,49.499993087011354
345,post_1pct,2008.0,1.0,0.011755604933046475,250.0,211.4204285012608,1.7994759454879006,14.502294440574985
346,pre_cut,200398.0,,,24130.0,24740.739107178786,0.0,158.97637954412153
346,post_10pct,20010.0,1.0,0.11755604933046475,2412.0,2329.8623400418187,1.1883293484785378,48.63153209065906
346,post_1pct,2036.0,1.0,0.011755604933046475,238.0,232.19735839074605,0.26813009072396216,15.178313868688196
347,pre_cut,199615.0,,,24448.0,24735.474818868708,0.0,158.6239449768972
347,post_10pct,20310.0,1.0,0.11755604933046475,2271.0,2444.4762307966785,0.0,49.93479837098359
347,post_1pct,2078.0,1.0,0.011755604933046475,222.0,230.3293553265807,0.0,14.691510006829322
348,pre_cut,199747.0,,,24154.0,24796.96001143084,0.0,159.04534840498792
348,post_10pct,19893.0,1.0,0.11755604933046475,2301.0,2335.91393963316,0.0,48.02669322506616
348,post_1pct,1919.0,1.0,0.011755604933046475,212.0,226.99753715209806,0.0,14.696081299780195
349,pre_cut,198847.0,,,24148.0,24565.558682556424,0.0,158.59868973020173
349,post_10pct,19503.0,1.0,0.11755604933046475,2204.0,2308.1669255077586,0.0,48.6137046478328
349,post_1pct,1980.0,1.0,0.011755604933046475,215.0,272.1997689526233,0.0,16.8892065779976
350,pre_cut,200163.0,,,24373.0,24773.681078412974,0.0,159.51418954847017
350,post_10pct,20259.0,1.0,0.11755604933046475,2441.0,2484.08602787826,0.0,50.90995741533677
350,post_1pct,1953.0,1.0,0.011755604933046475,,,,
351,pre_cut,200715.0,,,24233.0,24878.236809072463,0.0,159.2263042005458
351,post_10pct,20337.0,1.0,0.11755604933046475,2214.0,2370.3574207870356,0.0,49.04657777138639
351,post_1pct,2062.0,1.0,0.011755604933046475,230.0,239.13347372024023,0.0,15.938283784380452
352,pre_cut,199846.0,,,24030.0,24778.415504007655,0.0,159.01028814948657
352,post_10pct,19989.0,1.0,0.11755604933046475,2291.0,2386.973789664258,0.0,49.31494300865809
352,post_1pct,1976.0,1.0,0.011755604933046475,240.0,211.67526068006646,1.3417099046784098,14.367729130406001
353,pre_cut,200635.0,,,24130.0,25019.936297202003,0.0,159.9034206654011
353,post_10pct,19782.0,1.0,0.11755604933046475,2210.0,2380.6086616783973,0.0,49.30567283536345
353,post_1pct,2011.0,1.0,0.011755604933046475,228.0,245.4330798681871,0.0,16.53616650624637
354,pre_cut,199685.0,,,24218.0,24914.152291133112,0.0,159.46126255758654
354,post_10pct,19900.0,1.0,0.11755604933046475,2369.0,2314.1352839252995,0.802108474248893,48.0605857811949
354,post_1pct,2030.0,1.0,0.011755604933046475,202.0,274.2614960230415,0.0,16.981640587851196
355,pre_cut,200279.0,,,24124.0,24858.142730391366,0.0,158.93908984835775
355,post_10pct,20131.0,1.0,0.11755604933046475,2228.0,2435.11809857844,0.0,50.0688112855466
355,post_1pct,2080.0,1.0,0.011755604933046475,204.0,257.06613478880263,0.0,16.39449413078799
356,pre_cut,199113.0,,,23941.0,24809.745806105566,0.0,158.98627305947505
356,post_10pct,19724.0,1.0,0.11755604933046475,2130.0,2286.077782116312,0.0,48.153508508137314
356,post_1pct,2110.0,1.0,0.011755604933046475,242.0,264.36664560354023,0.0,16.24186786103249
357,pre_cut,199870.0,,,24293.0,24530.01444782019,0.0,157.9761384676844
357,post_10pct,20378.0,1.0,0.11755604933046475,2329.0,2335.594931258274,0.0,48.22588861062795
357,post_1pct,2047.0,1.0,0.011755604933046475,222.0,251.1653026136618,0.0,16.163796362254715
358,pre_cut,199674.0,,,24125.0,24760.168983504787,0.0,159.23246163947195
358,post_10pct,20279.0,1.0,0.11755604933046475,2337.0,2470.5285305694892,0.0,50.39012586973894
358,post_1pct,1823.0,1.0,0.011755604933046475,255.0,212.69407417662165,1.9290291259488204,15.00010542811102
359,pre_cut,199678.0,,,24095.0,24787.53814871409,0.0,159.17723439279365
359,post_10pct,19967.0,1.0,0.11755604933046475,2267.0,2293.4512649577127,0.0,48.26965268722156
359,post_1pct,1955.0,1.0,0.011755604933046475,211.0,244.15247143166584,0.0,16.654754485042712
360,pre_cut,200169.0,,,24039.0,24951.061841547373,0.0,159.76912421291667
360,post_10pct,19873.0,1.0,0.11755604933046475,2269.0,2367.837700897398,0.0,49.045109470990376
360,post_1pct,2011.0,1.0,0.011755604933046475,221.0,265.43061800787757,0.0,16.412397552939776
361,pre_cut,199662.0,,,24146.0,24784.869569080052,0.0,159.09499371834485
361,post_10pct,20282.0,1.0,0.11755604933046475,2321.0,2463.895893370713,0.0,50.35126627967359
361,post_1pct,2132.0,1.0,0.011755604933046475,243.0,255.14725586783254,0.0,15.616401362332104
362,pre_cut,199999.0,,,24169.0,24831.64009107397,0.0,159.2297304032471
362,post_10pct,20039.0,1.0,0.11755604933046475,2381.0,2307.8052707109464,1.072307214457816,47.73993517150577
362,post_1pct,1928.0,1.0,0.011755604933046475,235.0,232.26912687828369,0.12608990912606713,15.29914072354006
363,pre_cut,200429.0,,,24116.0,24727.11760753428,0.0,159.0846893473898
363,post_10pct,19986.0,1.0,0.11755604933046475,2359.0,2378.6477221660243,0.0,49.083762584450575
363,post_1pct,2020.0,1.0,0.011755604933046475,,,,
364,pre_cut,200006.0,,,24141.0,24897.192249255197,0.0,159.251149609521
364,post_10pct,19894.0,1.0,0.11755604933046475,2178.0,2342.4737692199706,0.0,48.65733596724919
364,post_1pct,2011.0,1.0,0.011755604933046475,226.0,239.02968035231837,0.0,15.616017310711456
365,pre_cut,200169.0,,,24204.0,24945.362521245017,0.0,159.60489152157035
365,post_10pct,19682.0,1.0,0.11755604933046475,2344.0,2328.4876224278787,0.22627038536716948,48.53786192180346
365,post_1pct,1931.0,1.0,0.011755604933046475,221.0,219.2530439702638,0.08382619806337978,14.606405861627195
366,pre_cut,199956.0,,,24313.0,24767.605065268537,0.0,158.54722954659877
366,post_10pct,19820.0,1.0,0.11755604933046475,2221.0,2373.1129799120217,0.0,48.50952333881062
366,post_1pct,1903.0,1.0,0.011755604933046475,216.0,228.6283916279697,0.0,15.028807130544399
367,pre_cut,200381.0,,,24345.0,24954.76031291689,0.0,159.7106254426053
367,post_10pct,20200.0,1.0,0.11755604933046475,2292.0,2275.1955321673126,0.23554086516100078,52.871926718519795
367,post_1pct,1956.0,1.0,0.011755604933046475,233.0,243.3864144844826,0.0,15.90695692867859
368,pre_cut,200570.0,,,23957.0,24775.55772567994,0.0,159.14747936697844
368,post_10pct,20058.0,1.0,0.11755604933046475,2299.0,2331.3569812903515,0.0,48.57916149364349
368,post_1pct,1959.0,1.0,0.011755604933046475,185.0,233.2140139481229,0.0,14.802950059840063
369,pre_cut,199263.0,,,23842.0,24764.193350117144,0.0,158.82542753749428
369,post_10pct,20286.0,1.0,0.11755604933046475,2286.0,2365.437879098387,0.0,49.12305240043747
369,post_1pct,1953.0,1.0,0.011755604933046475,188.0,259.60742885540236,0.0,16.34110381873494
370,pre_cut,200161.0,,,24219.0,25007.959292304535,0.0,160.2174165155043
370,post_10pct,20267.0,1.0,0.11755604933046475,2366.0,2417.750291488096,0.0,49.89009564517617
370,post_1pct,2001.0,1.0,0.011755604933046475,246.0,237.74413663126552,0.3702380987810551,15.841545441948455
371,pre_cut,200378.0,,,24298.0,24859.971600396304,0.0,159.27411687527143
371,post_10pct,20303.0,1.0,0.11755604933046475,2423.0,2284.3652144793377,2.0221321456305117,47.73076340135747
371,post_1pct,2097.0,1.0,0.011755604933046475,,,,
372,pre_cut,200009.0,,,24385.0,24779.3004877996,0.0,159.34662849128995
372,post_10pct,20287.0,1.0,0.11755604933046475,2333.0,2330.1621554335434,0.041393237209528595,48.65380567943852
372,post_1pct,1976.0,1.0,0.011755604933046475,243.0,265.2412714711359,0.0,16.870679132043517
373,pre_cut,199334.0,,,23980.0,24818.47250991378,0.0,159.28646111810437
373,post_10pct,20247.0,1.0,0.11755604933046475,2314.0,2382.4454734302954,0.0,49.023609170174396
373,post_1pct,2110.0,1.0,0.011755604933046475,211.0,262.9330677221619,0.0,16.3404758499645
374,pre_cut,200206.0,,,24105.0,24828.077520069823,0.0,158.7157871642296
374,post_10pct,20326.0,1.0,0.11755604933046475,2301.0,2512.388698246853,0.0,50.71164750734761
374,post_1pct,2086.0,1.0,0.011755604933046475,264.0,271.89869669776516,0.0,16.802056833515568
375,pre_cut,200465.0,,,24275.0,24989.97739755534,0.0,159.84467958104446
375,post_10pct,20124.0,1.0,0.11755604933046475,2333.0,2362.486272427306,0.0,48.844911880839895
375,post_1pct,1950.0,1.0,0.011755604933046475,206.0,236.50985937616093,0.0,15.71089690368822
376,pre_cut,199795.0,,,23992.0,24855.741072358032,0.0,158.87234696112586
376,post_10pct,20201.0,1.0,0.11755604933046475,2377.0,2462.269324829399,0.0,50.721920918281455
376,post_1pct,2028.0,1.0,0.011755604933046475,252.0,257.7934776734222,0.0,16.20105604481597
377,pre_cut,200030.0,,,24089.0,24853.676697952164,0.0,159.5399691056672
377,post_10pct,20115.0,1.0,0.11755604933046475,2328.0,2313.8949882851634,0.20672453041465752,48.24329139640808
377,post_1pct,1981.0,1.0,0.011755604933046475,206.0,253.50393850932835,0.0,16.774033253672563
378,pre_cut,199802.0,,,23989.0,24724.613669050286,0.0,158.77820243442716
378,post_10pct,19996.0,1.0,0.11755604933046475,2371.0,2398.267892656136,0.0,49.28807615079391
378,post_1pct,1910.0,1.0,0.011755604933046475,249.0,198.17605430098104,2.432333878095054,13.78250546528909
379,pre_cut,199754.0,,,24087.0,24887.236184365323,0.0,159.3031565332473
379,post_10pct,19980.0,1.0,0.11755604933046475,2174.0,2389.141761248094,0.0,49.0173899996918
379,post_1pct,1948.0,1.0,0.011755604933046475,245.0,230.47885409344696,0.6646484681667771,15.242230589986987
380,pre_cut,200567.0,,,24344.0,24769.427948460012,0.0,159.2166986632678
380,post_10pct,19937.0,1.0,0.11755604933046475,2322.0,2341.3720663920367,0.0,49.01508635226608
380,post_1pct,2017.0,1.0,0.011755604933046475,223.0,250.50170693760185,0.0,16.16701886394788
381,pre_cut,200200.0,,,24188.0,24985.186845341268,0.0,159.59713804449802
381,post_10pct,20038.0,1.0,0.11755604933046475,2233.0,2342.2068221093177,0.0,48.52098220156687
381,post_1pct,2079.0,1.0,0.011755604933046475,245.0,255.62320112806634,0.0,16.107108232301286
382,pre_cut,199909.0,,,24441.0,24884.560072086184,0.0,159.23053467997903
382,post_10pct,20012.0,1.0,0.11755604933046475,2335.0,2260.45238813771,1.1004117436962648,47.48409028520554
382,post_1pct,1871.0,1.0,0.011755604933046475,228.0,229.96647936770006,0.0,15.325774371605577
383,pre_cut,199570.0,,,23974.0,24750.48617572466,0.0,158.82997669338766
383,post_10pct,20100.0,1.0,0.11755604933046475,2310.0,2393.2661326070265,0.0,49.21574425574481
383,post_1pct,1986.0,1.0,0.011755604933046475,233.0,221.61077676905836,0.5363834479553594,14.765690616572032
384,pre_cut,200195.0,,,23998.0,24929.746720426538,0.0,159.2416145929116
384,post_10pct,20347.0,1.0,0.11755604933046475,2309.0,2399.263691562189,0.0,48.719050705619594
384,post_1pct,2020.0,1.0,0.011755604933046475,227.0,206.88472639032847,0.9820423991355924,13.912978084539269
385,pre_cut,199709.0,,,24043.0,24872.418534011307,0.0,159.26788519881404
385,post_10pct,19712.0,1.0,0.11755604933046475,2205.0,2355.9410200052343,0.0,48.676271768144005
385,post_1pct,2013.0,1.0,0.011755604933046475,214.0,227.92555814049115,0.0,15.360083536840929
386,pre_cut,199612.0,,,23930.0,24816.466506549572,0.0,159.19119955639383
386,post_10pct,19962.0,1.0,0.11755604933046475,2207.0,2437.643035210848,0.0,49.958574774269394
386,post_1pct,2014.0,1.0,0.011755604933046475,238.0,268.48205740527067,0.0,16.611756860037712
387,pre_cut,200009.0,,,24028.0,24940.259150364105,0.0,159.53124955654087
387,post_10pct,20083.0,1.0,0.11755604933046475,2366.0,2408.4719118306616,0.0,49.40834620560065
387,post_1pct,2014.0,1.0,0.011755604933046475,243.0,249.2228124050725,0.0,15.660985274218026
388,pre_cut,199899.0,,,24252.0,24758.146478286708,0.0,159.02496759131094
388,post_10pct,19809.0,1.0,0.11755604933046475,2310.0,2344.308677852172,0.0,49.379020525306345
388,post_1pct,2011.0,1.0,0.011755604933046475,244.0,214.41968085318572,1.3662348554007397,14.973036489424851
389,pre_cut,199903.0,,,23967.0,25034.720200757365,0.0,159.93536122966455
389,post_10pct,20466.0,1.0,0.11755604933046475,2317.0,2420.295719453467,0.0,49.61766297804372
389,post_1pct,2098.0,1.0,0.011755604933046475,,,,
390,pre_cut,200205.0,,,24149.0,24999.78772740467,0.0,159.82362371779365
390,post_10pct,19932.0,1.0,0.11755604933046475,2318.0,2382.4131847985227,0.0,49.28601060687828
390,post_1pct,1973.0,1.0,0.011755604933046475,210.0,241.09556112539798,0.0,15.375038210029853
391,pre_cut,199606.0,,,24238.0,24747.118419443366,0.0,158.82418665288307
391,post_10pct,19759.0,1.0,0.11755604933046475,2285.0,2386.9492538434065,0.0,48.91009947980852
391,post_1pct,2024.0,1.0,0.011755604933046475,227.0,252.35681834643535,0.0,15.948772412035652
392,pre_cut,199931.0,,,24018.0,24741.234744164933,0.0,158.55937598105564
392,post_10pct,19896.0,1.0,0.11755604933046475,2305.0,2365.959641486458,0.0,48.820256913468555
392,post_1pct,1995.0,1.0,0.011755604933046475,205.0,257.74959163605797,0.0,16.113155624586067
393,pre_cut,200782.0,,,24136.0,24999.66275620801,0.0,159.9315169350879
393,post_10pct,20132.0,1.0,0.11755604933046475,2282.0,2424.722004233533,0.0,49.95255604175574
393,post_1pct,1974.0,1.0,0.011755604933046475,208.0,230.0414478765433,0.0,14.875587662506542
394,pre_cut,200275.0,,,24079.0,24960.741052750047,0.0,159.70617410513574
394,post_10pct,20006.0,1.0,0.11755604933046475,2288.0,2389.653792233886,0.0,48.86792053128821
394,post_1pct,2069.0,1.0,0.011755604933046475,211.0,264.9106698440122,0.0,15.981057694502454
395,pre_cut,199347.0,,,24095.0,24703.66124361639,0.0,158.8288709512103
395,post_10pct,19899.0,1.0,0.11755604933046475,2203.0,2326.27037144728,0.0,48.57582609166234
395,post_1pct,1951.0,1.0,0.011755604933046475,190.0,212.90245994253513,0.0,14.40622257075233
396,pre_cut,201345.0,,,24344.0,25059.405062594044,0.0,160.13155537403756
396,post_10pct,20356.0,1.0,0.11755604933046475,2440.0,2401.0691911306535,0.5567008627690533,49.49656499547649
396,post_1pct,2041.0,1.0,0.011755604933046475,240.0,257.0095598404421,0.0,16.611082972360787
397,pre_cut,199265.0,,,24172.0,24606.853522122547,0.0,158.47204065458365
397,post_10pct,19884.0,1.0,0.11755604933046475,2221.0,2354.6660624295937,0.0,48.77481530293576
397,post_1pct,2052.0,1.0,0.011755604933046475,285.0,248.30999165581997,1.5926210208738154,15.695221901260476
398,pre_cut,199668.0,,,24303.0,24960.569096455627,0.0,159.88166119146763
398,post_10pct,19781.0,1.0,0.11755604933046475,2193.0,2415.3471649812054,0.0,49.577130678625934
398,post_1pct,2044.0,1.0,0.011755604933046475,218.0,257.86437426698507,0.0,16.284143656605405
399,pre_cut,200011.0,,,24032.0,24873.811488718413,0.0,159.3820611348387
399,post_10pct,20004.0,1.0,0.11755604933046475,2235.0,2325.666333390964,0.0,48.595807800193505
399,post_1pct,2076.0,1.0,0.011755604933046475,209.0,239.83485302927477,0.0,14.983774825060241
400,pre_cut,200326.0,,,24244.0,24847.982703823473,0.0,159.251512110505
400,post_10pct,20081.0,1.0,0.11755604933046475,2239.0,2359.0962994973042,0.0,48.54195064531595
400,post_1pct,2070.0,1.0,0.011755604933046475,206.0,256.81330177638847,0.0,16.0047716347168
401,pre_cut,199477.0,,,24218.0,24723.046470384277,0.0,158.65298441454408
401,post_10pct,19972.0,1.0,0.11755604933046475,2175.0,2474.589542001511,0.0,50.55822153608305
401,post_1pct,2103.0,1.0,0.011755604933046475,222.0,224.0638096796443,0.0,15.148130338933193
402,pre_cut,200293.0,,,23875.0,24948.553999553238,0.0,159.79507388269317
402,post_10pct,20161.0,1.0,0.11755604933046475,2258.0,2434.2205089596464,0.0,50.20146231014239
402,post_1pct,1926.0,1.0,0.011755604933046475,225.0,216.093622329822,0.42722750588057384,14.484358404294404
403,pre_cut,200232.0,,,24211.0,24785.09268781057,0.0,158.90286057112493
403,post_10pct,20108.0,1.0,0.11755604933046475,,,,
403,post_1pct,2007.0,1.0,0.011755604933046475,219.0,247.15580211396025,0.0,15.757971929301902
404,pre_cut,200204.0,,,24052.0,24971.224138930018,0.0,159.75377518797933
404,post_10pct,20402.0,1.0,0.11755604933046475,2341.0,2366.5039354033834,0.0,48.80349167275932
404,post_1pct,1969.0,1.0,0.011755604933046475,251.0,249.94361276713232,0.04649929875609245,16.28130979358631
405,pre_cut,199538.0,,,24097.0,24809.79913692498,0.0,159.18299086949887
405,post_10pct,20043.0,1.0,0.11755604933046475,2236.0,2406.8565518028463,0.0,49.21913227122246
405,post_1pct,2122.0,1.0,0.011755604933046475,219.0,261.0661740915045,0.0,16.485942025368168
406,pre_cut,200116.0,,,24105.0,24708.168529911745,0.0,158.66981212931324
406,post_10pct,20096.0,1.0,0.11755604933046475,2262.0,2329.714023356415,0.0,48.3016970652368
406,post_1pct,1971.0,1.0,0.011755604933046475,204.0,221.96562111754764,0.0,15.047956867081483
407,pre_cut,200565.0,,,24329.0,24888.746320455975,0.0,159.57615189338694
407,post_10pct,19973.0,1.0,0.11755604933046475,2224.0,2389.7450535099533,0.0,49.495102240594925
407,post_1pct,1978.0,1.0,0.011755604933046475,191.0,235.6525120866055,0.0,15.29511720326545
408,pre_cut,199584.0,,,23905.0,24780.928911890674,0.0,159.26544370170078
408,post_10pct,19932.0,1.0,0.11755604933046475,2322.0,2340.6013466751665,0.0,48.7232840264798
408,post_1pct,2029.0,1.0,0.011755604933046475,242.0,248.57337367284399,0.0,15.818953333568894
409,pre_cut,199676.0,,,24211.0,24826.263795684892,0.0,159.16035851407386
409,post_10pct,19998.0,1.0,0.11755604933046475,2340.0,2422.433419777189,0.0,50.41661821243914
409,post_1pct,2005.0,1.0,0.011755604933046475,260.0,238.42260713942844,0.958308743650415,15.704723772357694
410,pre_cut,199735.0,,,24113.0,24619.97655916743,0.0,158.3948111397499
410,post_10pct,19890.0,1.0,0.11755604933046475,2274.0,2412.2186737986294,0.0,49.298765412112935
410,post_1pct,1933.0,1.0,0.011755604933046475,259.0,257.50781108575916,0.06434840633757935,16.69307187696123
411,pre_cut,200106.0,,,24288.0,24787.05670122158,0.0,158.86561965238496
411,post_10pct,20196.0,1.0,0.11755604933046475,2344.0,2386.901474850053,0.0,48.99003185616346
411,post_1pct,1995.0,1.0,0.011755604933046475,225.0,225.66434408760387,0.0,15.236582265806778
412,pre_cut,200445.0,,,24175.0,24861.013169469697,0.0,159.1742086180478
412,post_10pct,19915.0,1.0,0.11755604933046475,2269.0,2396.6375472156574,0.0,48.999759838066474
412,post_1pct,1968.0,1.0,0.011755604933046475,252.0,230.6154894139251,0.960350642026843,15.595518605493526
413,pre_cut,199589.0,,,24199.0,24694.537485446344,0.0,158.65194819010816
413,post_10pct,20389.0,1.0,0.11755604933046475,2399.0,2354.0702229672197,0.6514063053659324,48.56295764569947
413,post_1pct,1927.0,1.0,0.011755604933046475,252.0,222.32832092597243,1.36517048214514,14.860737251563535
414,pre_cut,199536.0,,,24388.0,24855.294363624485,0.0,159.49369786073726
414,post_10pct,20097.0,1.0,0.11755604933046475,2351.0,2345.2817898079734,0.08278166514462026,49.19701268777443
414,post_1pct,1920.0,1.0,0.011755604933046475,216.0,214.57635199682846,0.06873789962751098,14.593282646869444
415,pre_cut,199470.0,,,24401.0,24683.32995012728,0.0,159.16494059916712
415,post_10pct,20080.0,1.0,0.11755604933046475,2322.0,2279.3543478330485,0.6246499315411467,48.35596726234921
415,post_1pct,2014.0,1.0,0.011755604933046475,234.0,229.10927714098216,0.22614512779999407,15.285571215654405
416,pre_cut,200443.0,,,24147.0,24736.73186139639,0.0,159.01493117466
416,post_10pct,20122.0,1.0,0.11755604933046475,2401.0,2346.996743076411,0.7844381947640151,48.359286802377234
416,post_1pct,1937.0,1.0,0.011755604933046475,197.0,253.10969588967987,0.0,16.32577042356697
417,pre_cut,199750.0,,,24376.0,24723.854640251087,0.0,158.49741583461372
417,post_10pct,20270.0,1.0,0.11755604933046475,2368.0,2427.358430338377,0.0,49.43539690948923
417,post_1pct,1943.0,1.0,0.011755604933046475,230.0,237.05411198278097,0.0,15.756822285312944
418,pre_cut,199446.0,,,24052.0,24759.197298562773,0.0,158.9729985622333
418,post_10pct,19966.0,1.0,0.11755604933046475,2255.0,2446.0263519545965,0.0,50.011115001742084
418,post_1pct,1876.0,1.0,0.011755604933046475,178.0,235.65896557722772,0.0,15.711477693988863
419,pre_cut,200366.0,,,24250.0,24862.04412787866,0.0,159.8419851642686
419,post_10pct,20048.0,1.0,0.11755604933046475,2293.0,2359.312179696013,0.0,48.417679984955605
419,post_1pct,1963.0,1.0,0.011755604933046475,227.0,247.17621393146345,0.0,15.973987648357582
420,pre_cut,199428.0,,,24379.0,24864.427396079063,0.0,159.1224615288238
420,post_10pct,19723.0,1.0,0.11755604933046475,2176.0,2268.011885530449,0.0,47.72057448859887
420,post_1pct,1952.0,1.0,0.011755604933046475,238.0,240.95763045871968,0.0,15.452128515760963
421,pre_cut,199441.0,,,24056.0,24899.50038830178,0.0,159.62952610819613
421,post_10pct,20090.0,1.0,0.11755604933046475,2289.0,2449.7543288735997,0.0,49.966801049858674
421,post_1pct,1909.0,1.0,0.011755604933046475,211.0,242.45624583176897,0.0,15.945971342289965
422,pre_cut,199390.0,,,24095.0,24448.418964863602,0.0,157.01565145963485
422,post_10pct,20151.0,1.0,0.11755604933046475,2241.0,2372.1863230678414,0.0,48.85479947302964
422,post_1pct,2100.0,1.0,0.011755604933046475,257.0,240.32085354263336,0.7525696336923899,15.315166327938087
423,pre_cut,201035.0,,,24256.0,24845.173734043932,0.0,159.1557897413288
423,post_10pct,20171.0,1.0,0.11755604933046475,2336.0,2382.3766391165987,0.0,49.060855361993845
423,post_1pct,2016.0,1.0,0.011755604933046475,205.0,263.55473700381367,0.0,16.50411325655999
424,pre_cut,200061.0,,,24139.0,24914.430605639733,0.0,159.27417037419812
424,post_10pct,19935.0,1.0,0.11755604933046475,2231.0,2405.251997135974,0.0,49.38913332909422
424,post_1pct,1994.0,1.0,0.011755604933046475,251.0,222.42340028804125,1.2967354835925,15.295494090345498
425,pre_cut,199782.0,,,23960.0,24873.272038804665,0.0,159.25200165968118
425,post_10pct,19893.0,1.0,0.11755604933046475,,,,
425,post_1pct,2086.0,1.0,0.011755604933046475,,,,
426,pre_cut,199766.0,,,24136.0,24990.298449733258,0.0,159.74477902630585
426,post_10pct,19905.0,1.0,0.11755604933046475,2373.0,2364.2693958415057,0.12610236397518546,49.196016064267724
426,post_1pct,1884.0,1.0,0.011755604933046475,211.0,220.56894324765983,0.0,15.025450043148979
427,pre_cut,199969.0,,,24458.0,24803.546116527483,0.0,159.44581746967498
427,post_10pct,19894.0,1.0,0.11755604933046475,2231.0,2417.0193370290635,0.0,49.6511027767805
427,post_1pct,1905.0,1.0,0.011755604933046475,268.0,219.79950798343944,2.190751459174054,14.739202636542082
428,pre_cut,200193.0,,,24307.0,24939.067585938843,0.0,159.7259444532952
428,post_10pct,20250.0,1.0,0.11755604933046475,2414.0,2411.5038744189455,0.03593541461063152,49.10083535576857
428,post_1pct,1881.0,1.0,0.011755604933046475,,,,
429,pre_cut,200445.0,,,24412.0,24797.632444613777,0.0,159.21720292123965
429,post_10pct,20045.0,1.0,0.11755604933046475,2336.0,2363.3934599422137,0.0,49.07435997425677
429,post_1pct,2066.0,1.0,0.011755604933046475,251.0,255.07142796724145,0.0,16.221923338268688
430,pre_cut,199076.0,,,23694.0,24710.647870801564,0.0,158.85521393361483
430,post_10pct,20002.0,1.0,0.11755604933046475,2314.0,2372.6650260212846,0.0,49.147792504692575
430,post_1pct,2059.0,1.0,0.011755604933046475,,,,
431,pre_cut,199562.0,,,23918.0,24928.190153869837,0.0,159.1633707768284
431,post_10pct,19556.0,1.0,0.11755604933046475,2325.0,2328.133971501188,0.0,48.32868210247375
431,post_1pct,2139.0,1.0,0.011755604933046475,252.0,268.97821971374856,0.0,16.08654164386562
432,pre_cut,199275.0,,,24091.0,24750.26889225465,0.0,159.09152937294323
432,post_10pct,19837.0,1.0,0.11755604933046475,2298.0,2427.9048694373914,0.0,49.354480854057435
432,post_1pct,1979.0,1.0,0.011755604933046475,218.0,246.33903296991355,0.0,16.093333380537675
433,pre_cut,199793.0,,,24359.0,24969.00471294473,0.0,159.549743133645
433,post_10pct,19925.0,1.0,0.11755604933046475,2326.0,2366.433217792398,0.0,49.00982162477646
433,post_1pct,1889.0,1.0,0.011755604933046475,185.0,246.8648377525326,0.0,15.606155163222402
434,pre_cut,199959.0,,,24181.0,24959.230018403385,0.0,159.29926332552878
434,post_10pct,19767.0,1.0,0.11755604933046475,2257.0,2398.14335665038,0.0,49.45477611801094
434,post_1pct,2113.0,1.0,0.011755604933046475,255.0,375.6550049269209,0.0,20.78844214272417
435,pre_cut,200455.0,,,24169.0,24735.77098701121,0.0,158.62479938671424
435,post_10pct,19953.0,1.0,0.11755604933046475,2344.0,2318.506345356256,0.37223293944228575,48.440532289523446
435,post_1pct,2163.0,1.0,0.011755604933046475,191.0,239.47755558329615,0.0,15.011425978691552
436,pre_cut,200123.0,,,24292.0,24912.7565144547,0.0,159.3369399868291
436,post_10pct,19945.0,1.0,0.11755604933046475,2281.0,2328.3888944504774,0.0,48.50976294464118
436,post_1pct,2042.0,1.0,0.011755604933046475,264.0,270.3000251158603,0.0,16.340611394892896
437,pre_cut,200445.0,,,24235.0,24924.678482784235,0.0,159.39393269727756
437,post_10pct,20287.0,1.0,0.11755604933046475,2446.0,2473.83821770353,0.0,50.62329239267903
437,post_1pct,2049.0,1.0,0.011755604933046475,,,,
438,pre_cut,200218.0,,,24307.0,24981.27901068634,0.0,159.78654545018765
438,post_10pct,20076.0,1.0,0.11755604933046475,2303.0,2429.269828879531,0.0,50.03566678198881
438,post_1pct,2066.0,1.0,0.011755604933046475,271.0,256.51204435766664,0.6311692046086402,15.999360462614359
439,pre_cut,199717.0,,,23957.0,24795.22353957921,0.0,158.85710865638163
439,post_10pct,20345.0,1.0,0.11755604933046475,2353.0,2346.391857090213,0.09668699220276135,48.14761755019213
439,post_1pct,2010.0,1.0,0.011755604933046475,208.0,248.8693754834723,0.0,15.909881899306008
440,pre_cut,199787.0,,,24123.0,24971.22421978253,0.0,159.57083279988268
440,post_10pct,19667.0,1.0,0.11755604933046475,2244.0,2315.803887279263,0.0,48.621610621313955
440,post_1pct,2070.0,1.0,0.011755604933046475,245.0,244.47716129370394,0.023693551068846977,15.554528893837551
441,pre_cut,199860.0,,,24186.0,24989.589279547465,0.0,160.08438868015074
441,post_10pct,20038.0,1.0,0.11755604933046475,2127.0,2476.9929586494814,0.0,49.90064100264545
441,post_1pct,1987.0,1.0,0.011755604933046475,244.0,220.32430815550163,1.091437612201977,15.044135904241884
442,pre_cut,200577.0,,,24242.0,24851.415804706863,0.0,159.432173439873
442,post_10pct,20102.0,1.0,0.11755604933046475,2203.0,2371.515831940997,0.0,48.68982672116802
442,post_1pct,2060.0,1.0,0.011755604933046475,228.0,265.87497437430756,0.0,16.526064105953786
443,pre_cut,199694.0,,,24474.0,24646.633732687613,0.0,158.48610704927694
443,post_10pct,20224.0,1.0,0.11755604933046475,2424.0,2370.635589729675,0.770962322459097,48.65460122521567
443,post_1pct,2014.0,1.0,0.011755604933046475,224.0,236.1364990123423,0.0,15.279563264332937
444,pre_cut,199484.0,,,24040.0,24772.535336726738,0.0,158.85274741141217
444,post_10pct,19735.0,1.0,0.11755604933046475,2262.0,2361.5343660585436,0.0,49.116480546184285
444,post_1pct,2044.0,1.0,0.011755604933046475,234.0,242.65828049109035,0.0,15.65340099558153
445,pre_cut,199584.0,,,24242.0,24700.713105453076,0.0,158.6069496545651
445,post_10pct,19809.0,1.0,0.11755604933046475,2422.0,2245.107567295491,2.5839384027123184,47.588402251794335
445,post_1pct,2029.0,1.0,0.011755604933046475,263.0,260.6781195362922,0.0996819852056507,16.716714721953974
446,pre_cut,200208.0,,,24283.0,24629.33540331081,0.0,158.3303692125035
446,post_10pct,19648.0,1.0,0.11755604933046475,2306.0,2373.158727647291,0.0,48.97002673375073
446,post_1pct,1988.0,1.0,0.011755604933046475,209.0,247.6373497267793,0.0,15.739890117247375
447,pre_cut,200250.0,,,24301.0,24834.12581836016,0.0,159.36774015211597
447,post_10pct,20055.0,1.0,0.11755604933046475,2246.0,2477.8501135269576,0.0,50.59893761269476
447,post_1pct,2101.0,1.0,0.011755604933046475,236.0,242.34044163925572,0.0,16.375994581272067
448,pre_cut,200177.0,,,24313.0,24757.29470273039,0.0,158.55697727328277
448,post_10pct,19912.0,1.0,0.11755604933046475,2372.0,2317.2970159458837,0.7968453233014859,48.37858354982211
448,post_1pct,1955.0,1.0,0.011755604933046475,201.0,242.19471556455494,0.0,15.49902857277603
449,pre_cut,200187.0,,,24166.0,24922.071473266104,0.0,159.71578004529974
449,post_10pct,19856.0,1.0,0.11755604933046475,2194.0,2402.7482708103034,0.0,50.09363341383218
449,post_1pct,1876.0,1.0,0.011755604933046475,209.0,243.12430307011593,0.0,16.036999599717486
450,pre_cut,199973.0,,,24260.0,24806.12403575479,0.0,158.82152537120388
450,post_10pct,20315.0,1.0,0.11755604933046475,2367.0,2393.5522260273337,0.0,49.468584471757715
450,post_1pct,2021.0,1.0,0.011755604933046475,207.0,254.9513267017537,0.0,16.255916367319436
451,pre_cut,199204.0,,,23841.0,24954.367851300365,0.0,159.88745906406388
451,post_10pct,19890.0,1.0,0.11755604933046475,2235.0,2354.496411343604,0.0,49.150443935524066
451,post_1pct,2030.0,1.0,0.011755604933046475,210.0,247.00598244453136,0.0,15.530601628096974
452,pre_cut,200038.0,,,24391.0,24746.18488489278,0.0,158.75498573202034
452,post_10pct,19807.0,1.0,0.11755604933046475,2207.0,2363.0877099599534,0.0,48.72499336836267
452,post_1pct,1986.0,1.0,0.011755604933046475,255.0,222.37276781685802,1.4518965484679491,15.74467622212094
453,pre_cut,200265.0,,,24137.0,24658.672513694848,0.0,158.76647050890463
453,post_10pct,19891.0,1.0,0.11755604933046475,2250.0,2319.314546401724,0.0,48.83404864082493
453,post_1pct,2056.0,1.0,0.011755604933046475,261.0,221.8139754324382,1.7787891485212979,14.983961537609188
454,pre_cut,199946.0,,,24021.0,24940.81717960477,0.0,159.42785028277794
454,post_10pct,19982.0,1.0,0.11755604933046475,2218.0,2381.340721606834,0.0,49.05826634328291
454,post_1pct,1990.0,1.0,0.011755604933046475,239.0,221.16626656529112,0.8224017497039338,15.193245177128762
455,pre_cut,199728.0,,,24261.0,24907.845222096978,0.0,159.67150655815274
455,post_10pct,20261.0,1.0,0.11755604933046475,2385.0,2485.1810893709653,0.0,50.64499863515287
455,post_1pct,2141.0,1.0,0.011755604933046475,,,,
456,pre_cut,200316.0,,,24154.0,25196.034531824072,0.0,160.3340713226695
456,post_10pct,20099.0,1.0,0.11755604933046475,2324.0,2409.3375568192623,0.0,49.44727337777862
456,post_1pct,1918.0,1.0,0.011755604933046475,223.0,189.98954942818656,1.5999298305071006,14.205118396640245
457,pre_cut,199694.0,,,24113.0,24931.01435862426,0.0,159.6331168620436
457,post_10pct,19937.0,1.0,0.11755604933046475,2261.0,2420.394381781707,0.0,49.47476464466893
457,post_1pct,2145.0,1.0,0.011755604933046475,261.0,254.26566514692618,0.2983071786331813,15.77181460749434
458,pre_cut,200426.0,,,24396.0,24640.84008594587,0.0,158.14873177203862
458,post_10pct,19896.0,1.0,0.11755604933046475,2412.0,2290.7655669907485,1.7546203510130327,48.581041158785176
458,post_1pct,1953.0,1.0,0.011755604933046475,236.0,235.8365373472023,0.00744293875445256,15.694888163490912
459,pre_cut,199509.0,,,24046.0,24863.652931127657,0.0,159.09839884424755
459,post_10pct,20412.0,1.0,0.11755604933046475,2195.0,2358.712377794712,0.0,48.285831103577884
459,post_1pct,2095.0,1.0,0.011755604933046475,226.0,248.32718093329476,0.0,15.758860436965929
460,pre_cut,200841.0,,,24263.0,25069.90112932401,0.0,160.06675330809662
460,post_10pct,20446.0,1.0,0.11755604933046475,2290.0,2457.787282814466,0.0,49.292305119105315
460,post_1pct,2097.0,1.0,0.011755604933046475,260.0,225.8638188065861,1.5621871788474853,14.785590058188287
461,pre_cut,200104.0,,,24280.0,24814.36076534674,0.0,159.23215366744776
461,post_10pct,20097.0,1.0,0.11755604933046475,2345.0,2411.3268772671454,0.0,49.79175423075678
461,post_1pct,1930.0,1.0,0.011755604933046475,268.0,219.8079069496094,2.1768993554957836,14.916306731834393
462,pre_cut,199591.0,,,23993.0,24905.046420076666,0.0,159.58812981600397
462,post_10pct,19736.0,1.0,0.11755604933046475,2350.0,2330.145539122951,0.28802380912623454,49.00431824383941
462,post_1pct,1977.0,1.0,0.011755604933046475,197.0,259.2786513216057,0.0,16.223829265080177
463,pre_cut,200844.0,,,24242.0,25041.610462077508,0.0,160.53235811763375
463,post_10pct,20059.0,1.0,0.11755604933046475,2282.0,2452.520027765663,0.0,49.8234602897466
463,post_1pct,1962.0,1.0,0.011755604933046475,251.0,225.75654473939295,1.1636892803443053,14.83925097567248
464,pre_cut,200266.0,,,24138.0,24826.63427377387,0.0,158.94656999634446
464,post_10pct,19843.0,1.0,0.11755604933046475,2274.0,2300.17455936583,0.0,48.24279927806396
464,post_1pct,2059.0,1.0,0.011755604933046475,,,,
465,pre_cut,199963.0,,,24066.0,24926.569322139156,0.0,159.59462831475201
465,post_10pct,19752.0,1.0,0.11755604933046475,2295.0,2332.582785097138,0.0,48.35622004756304
465,post_1pct,2062.0,1.0,0.011755604933046475,205.0,263.3122775506637,0.0,16.531527968859137
466,pre_cut,199874.0,,,23986.0,24845.76260555855,0.0,159.09634053490018
466,post_10pct,19759.0,1.0,0.11755604933046475,2167.0,2298.784019098442,0.0,48.478730953616235
466,post_1pct,2053.0,1.0,0.011755604933046475,221.0,240.2932267872317,0.0,15.805433493865847
467,pre_cut,199760.0,,,24366.0,24916.86171122492,0.0,159.45605805051855
467,post_10pct,19980.0,1.0,0.11755604933046475,2286.0,2436.6476422432434,0.0,49.92090697059928
467,post_1pct,2029.0,1.0,0.011755604933046475,237.0,263.64053933872185,0.0,17.12614570288506
468,pre_cut,200138.0,,,24138.0,24771.663526269927,0.0,159.34504620454115
468,post_10pct,20212.0,1.0,0.11755604933046475,2319.0,2363.7385741635153,0.0,49.13413468309796
468,post_1pct,2052.0,1.0,0.011755604933046475,220.0,248.7640566694597,0.0,16.029272235058574
469,pre_cut,199987.0,,,23969.0,24798.46418081227,0.0,159.36551698228584
469,post_10pct,19920.0,1.0,0.11755604933046475,2232.0,2346.07358479582,0.0,49.05426573037541
469,post_1pct,1984.0,1.0,0.011755604933046475,210.0,241.3803571697534,0.0,15.267291404690603
470,pre_cut,199257.0,,,23805.0,24722.128120450092,0.0,158.8310160047885
470,post_10pct,19869.0,1.0,0.11755604933046475,2254.0,2346.293135664931,0.0,49.00182275802636
470,post_1pct,2056.0,1.0,0.011755604933046475,230.0,239.43077332827812,0.0,15.918166480671749
471,pre_cut,200142.0,,,24174.0,24866.728980010033,0.0,158.9982100458482
471,post_10pct,19931.0,1.0,0.11755604933046475,2263.0,2361.787253081562,0.0,49.01550537440905
471,post_1pct,1930.0,1.0,0.011755604933046475,216.0,214.62393570734554,0.06636238979647326,14.627673804501587
472,pre_cut,200048.0,,,24294.0,24796.065169457317,0.0,159.05223661906555
472,post_10pct,20465.0,1.0,0.11755604933046475,2327.0,2435.4017050741104,0.0,49.63471809611083
472,post_1pct,1988.0,1.0,0.011755604933046475,225.0,249.99265441473634,0.0,16.029175470253318
473,pre_cut,199777.0,,,24476.0,24871.14890132336,0.0,159.38903898768802
473,post_10pct,19557.0,1.0,0.11755604933046475,2151.0,2341.3851174577158,0.0,48.36285216191518
473,post_1pct,2030.0,1.0,0.011755604933046475,225.0,254.64206575245038,0.0,16.008360664466075
474,pre_cut,199872.0,,,24248.0,24885.454034582308,0.0,159.3692871248703
474,post_10pct,20191.0,1.0,0.11755604933046475,2356.0,2446.4826316799918,0.0,49.940209314596096
474,post_1pct,1968.0,1.0,0.011755604933046475,236.0,234.4812200841686,0.06942837424185552,15.572520192901612
475,pre_cut,200738.0,,,24253.0,24983.812906015213,0.0,159.9272733993548
475,post_10pct,20565.0,1.0,0.11755604933046475,2300.0,2466.6996844791897,0.0,50.23353802270282
475,post_1pct,2008.0,1.0,0.011755604933046475,192.0,242.59659211578185,0.0,15.993209731071785
476,pre_cut,199727.0,,,23887.0,24680.616069285294,0.0,158.40738152295958
476,post_10pct,20033.0,1.0,0.11755604933046475,2228.0,2348.139191185356,0.0,48.62298317102949
476,post_1pct,1976.0,1.0,0.011755604933046475,215.0,260.85009852638757,0.0,16.719157783165894
477,pre_cut,200074.0,,,24067.0,24822.655632533293,0.0,159.31781354337338
477,post_10pct,20075.0,1.0,0.11755604933046475,2271.0,2367.469448428945,0.0,48.88678531242551
477,post_1pct,1987.0,1.0,0.011755604933046475,248.0,231.16713715382193,0.7570358256070749,15.677909138649529
478,pre_cut,199807.0,,,23990.0,24727.370989421,0.0,158.70940484671047
478,post_10pct,20316.0,1.0,0.11755604933046475,2207.0,2450.0424456821993,0.0,50.20273639789828
478,post_1pct,1974.0,1.0,0.011755604933046475,257.0,232.63714358215287,1.1020753495623394,15.229605721578498
479,pre_cut,200058.0,,,24187.0,24806.834320907754,0.0,158.85906072325122
479,post_10pct,20216.0,1.0,0.11755604933046475,2310.0,2402.170847882928,0.0,49.20241574419098
479,post_1pct,2006.0,1.0,0.011755604933046475,237.0,226.49888195489723,0.49137933156817526,14.830650093553507
480,pre_cut,199503.0,,,24103.0,24994.341291354332,0.0,159.77840920902676
480,post_10pct,19869.0,1.0,0.11755604933046475,2390.0,2442.285359519351,0.0,49.88974964246616
480,post_1pct,1944.0,1.0,0.011755604933046475,208.0,248.86453303818246,0.0,16.24117353838643
481,pre_cut,200215.0,,,24199.0,24741.11047164788,0.0,159.24188333587963
481,post_10pct,20205.0,1.0,0.11755604933046475,2284.0,2426.8570720679345,0.0,49.777014913876165
481,post_1pct,1965.0,1.0,0.011755604933046475,205.0,220.045388897493,0.0,15.002961580472423
482,pre_cut,199438.0,,,24096.0,24639.21662616529,0.0,158.48581247858144
482,post_10pct,19796.0,1.0,0.11755604933046475,2355.0,2398.4981404926066,0.0,49.870822039363546
482,post_1pct,1999.0,1.0,0.011755604933046475,228.0,223.96416184944854,0.1891463436402786,15.074461045718744
483,pre_cut,199937.0,,,23942.0,25022.27251904003,0.0,159.66606411369526
483,post_10pct,19936.0,1.0,0.11755604933046475,2159.0,2430.7782533435966,0.0,49.95381849206333
483,post_1pct,1855.0,1.0,0.011755604933046475,197.0,232.55825938359436,0.0,15.962168364274659
484,pre_cut,200413.0,,,24309.0,24906.170725102405,0.0,159.10291069251485
484,post_10pct,20152.0,1.0,0.11755604933046475,2353.0,2381.125466911121,0.0,49.15115072717151
484,post_1pct,1915.0,1.0,0.011755604933046475,205.0,225.59891030226333,0.0,14.810537853176603
485,pre_cut,199300.0,,,24273.0,24925.917013295206,0.0,159.89453822000826
485,post_10pct,19858.0,1.0,0.11755604933046475,2344.0,2339.2252887264804,0.06966130424489535,48.51761833883721
485,post_1pct,1950.0,1.0,0.011755604933046475,207.0,253.61672866263078,0.0,15.992077372748932
486,pre_cut,199710.0,,,23901.0,24703.65568947269,0.0,158.91166053752036
486,post_10pct,19870.0,1.0,0.11755604933046475,2168.0,2412.4461096812347,0.0,49.945245811133645
486,post_1pct,2018.0,1.0,0.011755604933046475,226.0,242.60986343979823,0.0,15.40561977496716
487,pre_cut,200334.0,,,24417.0,24883.74234641937,0.0,159.41386838078336
487,post_10pct,20210.0,1.0,0.11755604933046475,2318.0,2441.47665139169,0.0,49.80362797479769
487,post_1pct,2126.0,1.0,0.011755604933046475,249.0,267.7070710370134,0.0,16.73415248747353
488,pre_cut,200433.0,,,24106.0,24932.79345137911,0.0,159.27886347001242
488,post_10pct,19869.0,1.0,0.11755604933046475,2281.0,2347.8232361317223,0.0,48.50414741449866
488,post_1pct,2124.0,1.0,0.011755604933046475,286.0,258.9047999406658,1.154883686125842,16.25697227885789
489,pre_cut,200497.0,,,24084.0,24726.40661130685,0.0,158.51022388432975
489,post_10pct,20185.0,1.0,0.11755604933046475,2322.0,2394.9558817576276,0.0,49.359182645294254
489,post_1pct,1902.0,1.0,0.011755604933046475,211.0,238.11883140909106,0.0,15.917878990730692
490,pre_cut,199773.0,,,24379.0,24736.809403282587,0.0,158.94253176005205
490,post_10pct,20199.0,1.0,0.11755604933046475,2400.0,2339.2118969850444,0.8807573552153547,48.61273626998464
490,post_1pct,1980.0,1.0,0.011755604933046475,261.0,361.61071301078664,0.0,20.34975009244894
491,pre_cut,200172.0,,,24275.0,24747.308267792578,0.0,159.11257019629318
491,post_10pct,20148.0,1.0,0.11755604933046475,2362.0,2445.819132542442,0.0,50.25254938110892
491,post_1pct,1970.0,1.0,0.011755604933046475,215.0,248.4614645345427,0.0,15.508346920486904
492,pre_cut,198915.0,,,24217.0,24588.09694552121,0.0,158.5030217288903
492,post_10pct,19802.0,1.0,0.11755604933046475,2226.0,2305.5394405601214,0.0,48.412024767743944
492,post_1pct,1965.0,1.0,0.011755604933046475,259.0,243.04313914111282,0.7160440614118416,15.424588869238123
493,pre_cut,200220.0,,,24125.0,24991.304826724263,0.0,160.0975351385573
493,post_10pct,19907.0,1.0,0.11755604933046475,2277.0,2361.721857365633,0.0,48.75609487398552
493,post_1pct,2060.0,1.0,0.011755604933046475,,,,
494,pre_cut,200156.0,,,24115.0,24898.135103158427,0.0,159.49266333657644
494,post_10pct,20054.0,1.0,0.11755604933046475,2202.0,2387.618549136316,0.0,49.06332536313461
494,post_1pct,1886.0,1.0,0.011755604933046475,236.0,193.49661272517469,2.0646128925937948,13.752860308058375
495,pre_cut,200440.0,,,24016.0,24754.225804252892,0.0,159.00328007149994
495,post_10pct,20123.0,1.0,0.11755604933046475,2280.0,2382.0128221249997,0.0,48.85753366351623
495,post_1pct,2030.0,1.0,0.011755604933046475,200.0,257.73543982074915,0.0,15.937598225633675
496,pre_cut,199820.0,,,24210.0,24813.41205157886,0.0,158.9216872934323
496,post_10pct,20112.0,1.0,0.11755604933046475,2307.0,2407.2657287303928,0.0,49.15401848689689
496,post_1pct,2027.0,1.0,0.011755604933046475,243.0,238.38963280383157,0.21216272022955324,15.143695382501496
497,pre_cut,199803.0,,,24368.0,24706.32926731839,0.0,158.49137218199422
497,post_10pct,20145.0,1.0,0.11755604933046475,2374.0,2339.4498794813426,0.5020194762229605,48.603726509661335
497,post_1pct,1974.0,1.0,0.011755604933046475,277.0,232.0654844323586,2.0087607682084734,14.998478840123484
498,pre_cut,200385.0,,,24170.0,24866.9852487932,0.0,159.17916303725522
498,post_10pct,19824.0,1.0,0.11755604933046475,2310.0,2412.1362391641846,0.0,49.925939898004124
498,post_1pct,2031.0,1.0,0.011755604933046475,198.0,250.2288748648173,0.0,16.137791795039096
499,pre_cut,199984.0,,,24155.0,24820.511520797794,0.0,159.41296420967484
499,post_10pct,20008.0,1.0,0.11755604933046475,2370.0,2429.2407404656497,0.0,49.78683791826733
499,post_1pct,2063.0,1.0,0.011755604933046475,237.0,230.90833765849933,0.2784777895027139,15.535105759723493
