trial,stage,n_events,threshold,tie_acceptance,observed,expected_background,local_significance,expected_background_uncertainty
-1,pre_cut,199984.0,,,24157.0,24828.453478013635,0.0,159.15202800027006
-1,post_10pct,19900.0,1.7812855730880983e-05,0.4000000000014552,2720.0,2708.936296858581,0.1585164689364248,46.39935393608181
-1,post_1pct,1993.0,7.048434054013342e-05,0.8400000000001455,157.0,150.5600385732199,0.394426779008977,10.52325840072245
0,pre_cut,200350.0,,,24398.0,24859.11796872744,0.0,159.3720246654386
0,post_10pct,19830.0,1.7812855730880983e-05,0.4000000000014552,2769.0,2650.1861714236934,1.7063580528612932,45.78528036191929
0,post_1pct,1956.0,7.048434054013342e-05,0.8400000000001455,174.0,131.48637654285793,2.661146212121189,9.530540258000023
1,pre_cut,200372.0,,,24186.0,24970.93526804402,0.0,159.95724613732915
1,post_10pct,20151.0,1.7812855730880983e-05,0.4000000000014552,2731.0,2801.461353662745,0.0,47.549776273360365
1,post_1pct,2057.0,7.048434054013342e-05,0.8400000000001455,,,,
2,pre_cut,200071.0,,,24230.0,24952.810530178172,0.0,160.0510825843184
2,post_10pct,19843.0,1.7812855730880983e-05,0.4000000000014552,2732.0,2668.346265916706,0.9158250954880283,45.911506013899746
2,post_1pct,1957.0,7.048434054013342e-05,0.8400000000001455,150.0,154.16248918199756,0.0,10.738423892042528
3,pre_cut,200339.0,,,24367.0,24749.657313874886,0.0,158.39745862877663
3,post_10pct,20079.0,1.7812855730880983e-05,0.4000000000014552,2789.0,2775.610134555028,0.18905114619785024,47.21420469816981
3,post_1pct,1975.0,7.048434054013342e-05,0.8400000000001455,168.0,149.86356785430564,1.0979197077685645,10.41017291378862
4,pre_cut,199367.0,,,23892.0,24643.892422802466,0.0,158.301059234741
4,post_10pct,19776.0,1.7812855730880983e-05,0.4000000000014552,2663.0,2699.7760867970737,0.0,46.267373001086106
4,post_1pct,1920.0,7.048434054013342e-05,0.8400000000001455,161.0,142.79391881979922,1.1274423189208944,10.162618513528024
5,pre_cut,199956.0,,,24094.0,24896.871036650205,0.0,159.70126733455496
5,post_10pct,19878.0,1.7812855730880983e-05,0.4000000000014552,2725.0,2690.5520164846744,0.49506261311905053,46.06184903013836
5,post_1pct,1983.0,7.048434054013342e-05,0.8400000000001455,166.0,150.21701531554248,0.9535181293347896,10.528682937846078
6,pre_cut,200469.0,,,24108.0,24911.56233187604,0.0,159.39678401348365
6,post_10pct,19911.0,1.7812855730880983e-05,0.4000000000014552,2612.0,2686.4800329441036,0.0,46.036563958721146
6,post_1pct,1954.0,7.048434054013342e-05,0.8400000000001455,163.0,149.35003867520354,0.8292924034749787,10.506437993457448
7,pre_cut,199685.0,,,24118.0,24779.677113350324,0.0,158.94519435007354
7,post_10pct,19925.0,1.7812855730880983e-05,0.4000000000014552,2738.0,2663.1135638085693,1.0778567547707245,45.82349669541835
7,post_1pct,1947.0,7.048434054013342e-05,0.8400000000001455,152.0,142.32693911911832,0.6035823035810097,10.320129332014849
8,pre_cut,200407.0,,,24222.0,24735.562577710254,0.0,158.76900699889737
8,post_10pct,19756.0,1.7812855730880983e-05,0.4000000000014552,2743.0,2700.719050119852,0.6045899884296693,46.40498460512855
8,post_1pct,1965.0,7.048434054013342e-05,0.8400000000001455,163.0,156.16678997833793,0.40769262793027256,10.909894014110455
9,pre_cut,200751.0,,,24040.0,24894.617339585777,0.0,159.47937137074925
9,post_10pct,19925.0,1.7812855730880983e-05,0.4000000000014552,2630.0,2677.5032671946883,0.0,45.98313181205723
9,post_1pct,1961.0,7.048434054013342e-05,0.8400000000001455,153.0,157.11300961809332,0.0,10.913207343785494
10,pre_cut,199056.0,,,24036.0,24798.858494515633,0.0,159.15955487123742
10,post_10pct,19695.0,1.7812855730880983e-05,0.4000000000014552,2638.0,2696.061787092626,0.0,46.498174907178175
10,post_1pct,2020.0,7.048434054013342e-05,0.8400000000001455,164.0,149.53902983841294,0.8780642625927644,10.482670476588082
11,pre_cut,199811.0,,,24199.0,24622.527428027675,0.0,158.04573688575192
11,post_10pct,20055.0,1.7812855730880983e-05,0.4000000000014552,2823.0,2663.8591010334058,2.274937237154421,45.75966180807942
11,post_1pct,2049.0,7.048434054013342e-05,0.8400000000001455,167.0,143.97697933461433,1.4065625202669036,10.261228832774055
12,pre_cut,199900.0,,,24284.0,24885.106801299597,0.0,159.35257495324046
12,post_10pct,19774.0,1.7812855730880983e-05,0.4000000000014552,2714.0,2646.019731338503,0.9824040888139407,45.65192666506149
12,post_1pct,2008.0,7.048434054013342e-05,0.8400000000001455,163.0,147.866199764163,0.9220562483772198,10.44699588059186
13,pre_cut,199615.0,,,24408.0,24767.41224322513,0.0,159.40390767594658
13,post_10pct,19984.0,1.7812855730880983e-05,0.4000000000014552,2725.0,2704.798903602733,0.28965406518664666,46.279386859038226
13,post_1pct,2003.0,7.048434054013342e-05,0.8400000000001455,148.0,151.49794759372966,0.0,10.528113278407849
14,pre_cut,199521.0,,,24240.0,24722.36949347428,0.0,159.01203163858708
14,post_10pct,19698.0,1.7812855730880983e-05,0.4000000000014552,2693.0,2658.8974837975343,0.4927844742273938,45.83620177534245
14,post_1pct,1963.0,7.048434054013342e-05,0.8400000000001455,148.0,142.94310994699504,0.317869188778985,10.294269402040317
15,pre_cut,200418.0,,,24251.0,25036.942931083795,0.0,159.76856069791913
15,post_10pct,20103.0,1.7812855730880983e-05,0.4000000000014552,2768.0,2789.217809876367,0.0,47.3071768021279
15,post_1pct,1989.0,7.048434054013342e-05,0.8400000000001455,,,,
16,pre_cut,200481.0,,,24101.0,24948.17593592288,0.0,159.6508702669752
16,post_10pct,19604.0,1.7812855730880983e-05,0.4000000000014552,2758.0,2666.1386482971543,1.316046771817817,46.117232394138625
16,post_1pct,1963.0,7.048434054013342e-05,0.8400000000001455,184.0,140.44454324671506,2.624544302055042,10.025508522228185
17,pre_cut,199671.0,,,24211.0,24920.327399620666,0.0,159.78856499261727
17,post_10pct,19877.0,1.7812855730880983e-05,0.4000000000014552,2639.0,2716.4629106471484,0.0,46.51737912782163
17,post_1pct,1973.0,7.048434054013342e-05,0.8400000000001455,149.0,146.83245224286526,0.1359328866351059,10.27975417839923
18,pre_cut,200495.0,,,24301.0,24617.136590021648,0.0,158.19162106518525
18,post_10pct,19985.0,1.7812855730880983e-05,0.4000000000014552,2759.0,2721.5312692795724,0.5351231998717594,46.35664280398933
18,post_1pct,2010.0,7.048434054013342e-05,0.8400000000001455,186.0,152.09117589252878,1.9851953264795155,10.591690023551221
19,pre_cut,200296.0,,,24452.0,24829.769236473523,0.0,158.80091146793973
19,post_10pct,20166.0,1.7812855730880983e-05,0.4000000000014552,2773.0,2709.9136784297853,0.9002905131543718,46.32629166629754
19,post_1pct,1991.0,7.048434054013342e-05,0.8400000000001455,155.0,150.46764395820875,0.2784024230395938,10.52805010465882
20,pre_cut,199830.0,,,23970.0,24877.563639011176,0.0,159.65279748360672
20,post_10pct,19938.0,1.7812855730880983e-05,0.4000000000014552,2644.0,2684.181720220203,0.0,46.16393542499519
20,post_1pct,1953.0,7.048434054013342e-05,0.8400000000001455,147.0,143.78024768221468,0.20388119491884096,10.149405609490554
21,pre_cut,199913.0,,,24177.0,24942.95395997463,0.0,159.81465947197887
21,post_10pct,19713.0,1.7812855730880983e-05,0.4000000000014552,2697.0,2749.198135449286,0.0,47.01845715885982
21,post_1pct,1987.0,7.048434054013342e-05,0.8400000000001455,143.0,158.13708274443707,0.0,10.921678964442664
22,pre_cut,199892.0,,,24243.0,25050.437293964154,0.0,160.00547086426675
22,post_10pct,20233.0,1.7812855730880983e-05,0.4000000000014552,2812.0,2786.2764630266456,0.36249139740032343,47.19353203441471
22,post_1pct,2079.0,7.048434054013342e-05,0.8400000000001455,148.0,172.49694695688277,0.0,11.48196068246064
23,pre_cut,199947.0,,,24022.0,24813.606498692723,0.0,158.87554317985425
23,post_10pct,20085.0,1.7812855730880983e-05,0.4000000000014552,2688.0,2720.4695532821033,0.0,46.32911380669374
23,post_1pct,2067.0,7.048434054013342e-05,0.8400000000001455,172.0,164.02844767395806,0.4661760371167959,11.036372722524076
24,pre_cut,199661.0,,,24325.0,24705.280822978748,0.0,159.13100572502955
24,post_10pct,19722.0,1.7812855730880983e-05,0.4000000000014552,2696.0,2662.293225284706,0.4864771520666112,45.92877765085304
24,post_1pct,2033.0,7.048434054013342e-05,0.8400000000001455,155.0,147.39244167521514,0.4720070578659112,10.306175460456355
25,pre_cut,200820.0,,,24186.0,24811.857305427722,0.0,158.98380638457
25,post_10pct,20084.0,1.7812855730880983e-05,0.4000000000014552,2766.0,2713.630819358235,0.7469861095418797,46.435758423824446
25,post_1pct,2093.0,7.048434054013342e-05,0.8400000000001455,181.0,147.45790037116925,2.0126800109633205,10.19026532720033
26,pre_cut,200120.0,,,23972.0,24968.666829740112,0.0,159.60234347959317
26,post_10pct,20048.0,1.7812855730880983e-05,0.4000000000014552,2772.0,2679.2718772059648,1.3278459781034826,46.020707705776026
26,post_1pct,1998.0,7.048434054013342e-05,0.8400000000001455,156.0,153.87299186266915,0.12909168174920596,10.762673815770214
27,pre_cut,200014.0,,,24068.0,24835.855991207995,0.0,159.2230615949002
27,post_10pct,19814.0,1.7812855730880983e-05,0.4000000000014552,2774.0,2664.3907738861803,1.5720025107947926,45.86296608871507
27,post_1pct,1943.0,7.048434054013342e-05,0.8400000000001455,,,,
28,pre_cut,199795.0,,,24189.0,24759.53499650312,0.0,158.86488158336647
28,post_10pct,19991.0,1.7812855730880983e-05,0.4000000000014552,2642.0,2651.770938146934,0.0,45.56130660436525
28,post_1pct,1998.0,7.048434054013342e-05,0.8400000000001455,,,,
29,pre_cut,200215.0,,,24338.0,24651.929491503484,0.0,158.43278452422075
29,post_10pct,19823.0,1.7812855730880983e-05,0.4000000000014552,2704.0,2604.8524681442636,1.4426261260271622,45.101813203943436
29,post_1pct,1916.0,7.048434054013342e-05,0.8400000000001455,157.0,129.63439549760884,1.7558904991999886,9.571771789525174
30,pre_cut,200038.0,,,24060.0,24865.67668962042,0.0,159.61909942363863
30,post_10pct,19803.0,1.7812855730880983e-05,0.4000000000014552,2711.0,2707.624835231006,0.0483625071312787,46.475175772861945
30,post_1pct,1918.0,7.048434054013342e-05,0.8400000000001455,154.0,162.5977575643288,0.0,11.191276430100089
31,pre_cut,199781.0,,,23969.0,24936.599609729514,0.0,159.5690274874991
31,post_10pct,19998.0,1.7812855730880983e-05,0.4000000000014552,2759.0,2746.687858544336,0.17475428652887348,46.97219670758052
31,post_1pct,2017.0,7.048434054013342e-05,0.8400000000001455,148.0,157.7909974681061,0.0,10.822616638346666
32,pre_cut,199811.0,,,23992.0,24810.680417078238,0.0,159.12301006163193
32,post_10pct,19809.0,1.7812855730880983e-05,0.4000000000014552,2640.0,2561.7357586056123,1.151720156860064,44.604974486100495
32,post_1pct,2051.0,7.048434054013342e-05,0.8400000000001455,169.0,155.16058332434756,0.8274678761424268,10.644305722891879
33,pre_cut,199882.0,,,24354.0,24833.099249521158,0.0,159.22955305008063
33,post_10pct,19842.0,1.7812855730880983e-05,0.4000000000014552,2735.0,2671.5623147513493,0.9115025486502285,46.01738208088905
33,post_1pct,1983.0,7.048434054013342e-05,0.8400000000001455,150.0,146.73525590084878,0.20324169931192324,10.42124385699905
34,pre_cut,200135.0,,,24248.0,25087.14339585055,0.0,160.40011138180444
34,post_10pct,19908.0,1.7812855730880983e-05,0.4000000000014552,2748.0,2699.9648147456232,0.6870919279648297,46.32666622291161
34,post_1pct,1996.0,7.048434054013342e-05,0.8400000000001455,,,,
35,pre_cut,199890.0,,,24273.0,24886.02905484371,0.0,159.2426824355355
35,post_10pct,19609.0,1.7812855730880983e-05,0.4000000000014552,2666.0,2793.1600088980204,0.0,47.67319356906642
35,post_1pct,1967.0,7.048434054013342e-05,0.8400000000001455,156.0,144.7564009114235,0.6956072061107132,10.357046924441013
36,pre_cut,199620.0,,,24012.0,24798.43719129369,0.0,159.23082515999852
36,post_10pct,19866.0,1.7812855730880983e-05,0.4000000000014552,2718.0,2721.8668383964296,0.0,46.569953515425134
36,post_1pct,2013.0,7.048434054013342e-05,0.8400000000001455,147.0,153.1468594794415,0.0,10.71115515962902
37,pre_cut,200408.0,,,24306.0,24889.713580629257,0.0,159.56158498162168
37,post_10pct,19676.0,1.7812855730880983e-05,0.4000000000014552,2653.0,2689.2259624255544,0.0,46.20669438929735
37,post_1pct,2015.0,7.048434054013342e-05,0.8400000000001455,147.0,144.91659675960523,0.1318960273846561,10.144556061277349
38,pre_cut,199418.0,,,23978.0,24830.400033740287,0.0,159.0684018238089
38,post_10pct,19691.0,1.7812855730880983e-05,0.4000000000014552,2676.0,2667.0087683454444,0.12995030174164507,45.961647579804485
38,post_1pct,1956.0,7.048434054013342e-05,0.8400000000001455,146.0,152.87482185708816,0.0,10.690585950066904
39,pre_cut,200184.0,,,24150.0,24742.274465383296,0.0,158.56140834914336
39,post_10pct,20077.0,1.7812855730880983e-05,0.4000000000014552,2776.0,2688.4551895859763,1.2518813042094945,46.11609505447101
39,post_1pct,2054.0,7.048434054013342e-05,0.8400000000001455,161.0,190.80043701071688,0.0,12.405713578984717
40,pre_cut,200776.0,,,23982.0,24816.409304703935,0.0,158.9023738975866
40,post_10pct,19762.0,1.7812855730880983e-05,0.4000000000014552,2708.0,2638.338134247168,1.0080729952532546,45.578192084714125
40,post_1pct,1983.0,7.048434054013342e-05,0.8400000000001455,160.0,140.08483442221717,1.2464759302531048,9.966117378451036
41,pre_cut,200123.0,,,24487.0,24583.267031427487,0.0,157.81016048172924
41,post_10pct,19893.0,1.7812855730880983e-05,0.4000000000014552,2770.0,2704.3800033915995,0.9359983540652128,46.41127743793227
41,post_1pct,1907.0,7.048434054013342e-05,0.8400000000001455,,,,
42,pre_cut,200924.0,,,24334.0,25092.974008665093,0.0,160.12961430947115
42,post_10pct,19750.0,1.7812855730880983e-05,0.4000000000014552,2725.0,2646.1300823672955,1.1385177375215243,45.66437234090012
42,post_1pct,1986.0,7.048434054013342e-05,0.8400000000001455,168.0,138.7699813304864,1.8067870575475726,9.981192137180116
43,pre_cut,200095.0,,,24144.0,24824.632050130673,0.0,158.9808923070244
43,post_10pct,19752.0,1.7812855730880983e-05,0.4000000000014552,2767.0,2565.767830199937,2.929395686360424,44.53597656653488
43,post_1pct,1931.0,7.048434054013342e-05,0.8400000000001455,152.0,170.30504903849857,0.0,11.441833327134168
44,pre_cut,200424.0,,,24102.0,24836.459522413123,0.0,159.37111766002914
44,post_10pct,20090.0,1.7812855730880983e-05,0.4000000000014552,2729.0,2767.1434360200565,0.0,47.14555652255262
44,post_1pct,2022.0,7.048434054013342e-05,0.8400000000001455,157.0,160.99594671827768,0.0,11.095385681576312
45,pre_cut,199495.0,,,24220.0,24610.460335357475,0.0,158.1680142989559
45,post_10pct,19961.0,1.7812855730880983e-05,0.4000000000014552,2709.0,2614.7628719484906,1.368200378562932,45.264183247879885
45,post_1pct,2015.0,7.048434054013342e-05,0.8400000000001455,149.0,167.25263436705478,0.0,11.227550127847499
46,pre_cut,200086.0,,,24192.0,24806.001746620175,0.0,158.87071493756085
46,post_10pct,19746.0,1.7812855730880983e-05,0.4000000000014552,2651.0,2666.803917303245,0.0,45.89329885905234
46,post_1pct,1909.0,7.048434054013342e-05,0.8400000000001455,141.0,137.92343776816625,0.19876781277997244,9.95767062944856
47,pre_cut,199949.0,,,,,,
47,post_10pct,20133.0,1.7812855730880983e-05,0.4000000000014552,2762.0,2719.0562951870907,0.6133423269788323,46.328229628140804
47,post_1pct,2042.0,7.048434054013342e-05,0.8400000000001455,169.0,148.49576702263604,1.2422463136831556,10.364074230786862
48,pre_cut,200164.0,,,24338.0,24993.924021351646,0.0,159.67260724626695
48,post_10pct,19937.0,1.7812855730880983e-05,0.4000000000014552,2734.0,2709.7487897234387,0.3469794190541598,46.41413943597352
48,post_1pct,1989.0,7.048434054013342e-05,0.8400000000001455,148.0,152.57353206141127,0.0,10.696559238140237
49,pre_cut,199538.0,,,23887.0,24859.11358578317,0.0,159.58362688730998
49,post_10pct,19896.0,1.7812855730880983e-05,0.4000000000014552,2677.0,2726.7797385978997,0.0,46.61349675617261
49,post_1pct,1883.0,7.048434054013342e-05,0.8400000000001455,126.0,125.21928356293719,0.05344820062064657,9.355250398957216
50,pre_cut,199036.0,,,24188.0,24585.871648866327,0.0,158.31947166744663
50,post_10pct,19910.0,1.7812855730880983e-05,0.4000000000014552,2653.0,2714.329890702101,0.0,46.43821217734513
50,post_1pct,1988.0,7.048434054013342e-05,0.8400000000001455,155.0,148.36302937927547,0.4106796673525821,10.36427574576688
51,pre_cut,199605.0,,,24224.0,24783.283245782717,0.0,158.67832466617259
51,post_10pct,19800.0,1.7812855730880983e-05,0.4000000000014552,2662.0,2670.241356722881,0.0,45.895207479554365
51,post_1pct,1970.0,7.048434054013342e-05,0.8400000000001455,161.0,146.75277170310517,0.8741198219829,10.358793508192662
52,pre_cut,199735.0,,,24247.0,24731.68284353353,0.0,158.8699416492221
52,post_10pct,19818.0,1.7812855730880983e-05,0.4000000000014552,2744.0,2714.907690348859,0.4150805497552014,46.60768421215502
52,post_1pct,1997.0,7.048434054013342e-05,0.8400000000001455,157.0,147.47771184868577,0.5834156671781836,10.53607286789603
53,pre_cut,200169.0,,,24004.0,24982.058178969353,0.0,159.63759603372372
53,post_10pct,20195.0,1.7812855730880983e-05,0.4000000000014552,2708.0,2721.1881746235767,0.0,46.402768911807954
53,post_1pct,2018.0,7.048434054013342e-05,0.8400000000001455,159.0,154.81325346813918,0.2536136785096724,10.689491668815048
54,pre_cut,199794.0,,,24101.0,24801.000493372572,0.0,159.1789078220861
54,post_10pct,20135.0,1.7812855730880983e-05,0.4000000000014552,2860.0,2659.670195314261,2.8550000634932178,45.75034578326894
54,post_1pct,2036.0,7.048434054013342e-05,0.8400000000001455,174.0,151.05195560038476,1.3608892100003431,10.691382777193896
55,pre_cut,199783.0,,,24157.0,24700.834468111556,0.0,158.77614485663102
55,post_10pct,19767.0,1.7812855730880983e-05,0.4000000000014552,2743.0,2583.250064983747,2.324832489318032,44.758439324187485
55,post_1pct,2047.0,7.048434054013342e-05,0.8400000000001455,157.0,169.10217721720574,0.0,11.280823417119688
56,pre_cut,199488.0,,,23814.0,24741.070551399698,0.0,158.98729164572802
56,post_10pct,19639.0,1.7812855730880983e-05,0.4000000000014552,2631.0,2675.4600140823395,0.0,46.11850411632962
56,post_1pct,1983.0,7.048434054013342e-05,0.8400000000001455,147.0,150.81590729936775,0.0,10.546727282486914
57,pre_cut,199877.0,,,24167.0,24844.260458613942,0.0,159.14051651767488
57,post_10pct,20081.0,1.7812855730880983e-05,0.4000000000014552,2745.0,2726.1997807441803,0.2688000084047333,46.362110147510606
57,post_1pct,2037.0,7.048434054013342e-05,0.8400000000001455,,,,
58,pre_cut,199611.0,,,24372.0,24781.691003870437,0.0,159.04129024951732
58,post_10pct,19599.0,1.7812855730880983e-05,0.4000000000014552,2684.0,2666.5863028795147,0.251596416454432,45.92222642856747
58,post_1pct,1887.0,7.048434054013342e-05,0.8400000000001455,132.0,154.46742103763748,0.0,10.78464428230549
59,pre_cut,199887.0,,,24239.0,24557.47374623169,0.0,158.0958674034981
59,post_10pct,19852.0,1.7812855730880983e-05,0.4000000000014552,2752.0,2723.595444554415,0.4044880097690833,46.723838318018835
59,post_1pct,1987.0,7.048434054013342e-05,0.8400000000001455,139.0,149.35748122707412,0.0,10.532657830948105
60,pre_cut,199160.0,,,23846.0,24739.045667718357,0.0,158.8237976380951
60,post_10pct,19774.0,1.7812855730880983e-05,0.4000000000014552,2711.0,2617.263136583877,1.3625170290438804,45.12345361346326
60,post_1pct,1984.0,7.048434054013342e-05,0.8400000000001455,154.0,157.16680779155627,0.0,10.863929793993442
61,pre_cut,200041.0,,,24069.0,25054.49182343101,0.0,159.73144743709793
61,post_10pct,20113.0,1.7812855730880983e-05,0.4000000000014552,2728.0,2726.669459309932,0.01904550851485228,46.39788595891294
61,post_1pct,1962.0,7.048434054013342e-05,0.8400000000001455,167.0,159.82269001034186,0.4222480408779437,11.09284720777244
62,pre_cut,199858.0,,,24245.0,24762.711401763652,0.0,159.14992756549444
62,post_10pct,20072.0,1.7812855730880983e-05,0.4000000000014552,2701.0,2644.275292513514,0.8225138819325878,45.42655700526076
62,post_1pct,2012.0,7.048434054013342e-05,0.8400000000001455,148.0,149.52857034672022,0.0,10.31151851337331
63,pre_cut,199497.0,,,23854.0,24929.28898152206,0.0,159.57939160659896
63,post_10pct,19894.0,1.7812855730880983e-05,0.4000000000014552,2702.0,2747.3457829268873,0.0,46.95120294753816
63,post_1pct,2041.0,7.048434054013342e-05,0.8400000000001455,139.0,180.71881522092585,0.0,11.85685403328383
64,pre_cut,200643.0,,,24292.0,25003.579495821232,0.0,159.7496539775021
64,post_10pct,19994.0,1.7812855730880983e-05,0.4000000000014552,2615.0,2781.498637977751,0.0,47.18732363254206
64,post_1pct,2016.0,7.048434054013342e-05,0.8400000000001455,157.0,162.85567434951273,0.0,11.121404879041792
65,pre_cut,199886.0,,,24209.0,24814.897207891157,0.0,158.9245739458173
65,post_10pct,19909.0,1.7812855730880983e-05,0.4000000000014552,2717.0,2657.4799152256737,0.8599603898343313,45.62973319218968
65,post_1pct,1952.0,7.048434054013342e-05,0.8400000000001455,162.0,142.7917819035863,1.1928623288146007,10.059758628861944
66,pre_cut,199491.0,,,24031.0,24883.474367192157,0.0,159.21382409906303
66,post_10pct,19810.0,1.7812855730880983e-05,0.4000000000014552,2638.0,2754.7160244980614,0.0,46.95694868232967
66,post_1pct,1995.0,7.048434054013342e-05,0.8400000000001455,125.0,159.5879291663002,0.0,10.71085405235471
67,pre_cut,199674.0,,,24262.0,24637.706666910395,0.0,158.09339414441527
67,post_10pct,19902.0,1.7812855730880983e-05,0.4000000000014552,2709.0,2687.4709687703944,0.3095132432741193,46.17632049822308
67,post_1pct,2023.0,7.048434054013342e-05,0.8400000000001455,151.0,154.76532582823103,0.0,10.69959276565078
68,pre_cut,199895.0,,,24057.0,24674.843318761676,0.0,158.8243756483699
68,post_10pct,19723.0,1.7812855730880983e-05,0.4000000000014552,2677.0,2777.3047913262485,0.0,47.32377783621567
68,post_1pct,2041.0,7.048434054013342e-05,0.8400000000001455,159.0,160.59153070063127,0.0,11.06031805947575
69,pre_cut,199519.0,,,24007.0,24846.24219943966,0.0,159.1996140473642
69,post_10pct,19829.0,1.7812855730880983e-05,0.4000000000014552,2659.0,2739.8178927168033,0.0,46.7874670089443
69,post_1pct,1945.0,7.048434054013342e-05,0.8400000000001455,146.0,142.88912907059222,0.19692655741182477,10.203743107365806
70,pre_cut,200189.0,,,24399.0,24726.234761671327,0.0,158.62536308164212
70,post_10pct,20165.0,1.7812855730880983e-05,0.4000000000014552,2788.0,2726.456010271595,0.8748765116985546,46.57294779182732
70,post_1pct,1958.0,7.048434054013342e-05,0.8400000000001455,139.0,148.83542194685435,0.0,10.509223430264345
71,pre_cut,200581.0,,,24533.0,24886.76623989916,0.0,159.41194064867418
71,post_10pct,20011.0,1.7812855730880983e-05,0.4000000000014552,2810.0,2726.546302236009,1.1823130800005324,46.7282311336617
71,post_1pct,1984.0,7.048434054013342e-05,0.8400000000001455,159.0,165.34577622720622,0.0,11.404772206949277
72,pre_cut,198874.0,,,24107.0,24561.304109322442,0.0,158.35922082848566
72,post_10pct,19916.0,1.7812855730880983e-05,0.4000000000014552,2700.0,2711.8626862031037,0.0,46.44505855216672
72,post_1pct,1983.0,7.048434054013342e-05,0.8400000000001455,146.0,150.5375692069705,0.0,10.621168413240188
73,pre_cut,199442.0,,,23932.0,24842.192726614452,0.0,159.3445448429697
73,post_10pct,19636.0,1.7812855730880983e-05,0.4000000000014552,2675.0,2441.918490179957,3.4783618799739395,43.06008915426632
73,post_1pct,1960.0,7.048434054013342e-05,0.8400000000001455,,,,
74,pre_cut,199754.0,,,24201.0,24822.865054677182,0.0,159.5464671021085
74,post_10pct,19962.0,1.7812855730880983e-05,0.4000000000014552,2705.0,2760.4751853709477,0.0,47.071308254502306
74,post_1pct,2021.0,7.048434054013342e-05,0.8400000000001455,158.0,169.1615348865587,0.0,11.337786372604196
75,pre_cut,199244.0,,,24307.0,24605.651105062643,0.0,158.22783379518617
75,post_10pct,19877.0,1.7812855730880983e-05,0.4000000000014552,2737.0,2579.859407312101,2.288358641002894,44.750859480929044
75,post_1pct,2038.0,7.048434054013342e-05,0.8400000000001455,155.0,135.35216931915323,1.2545681346600244,9.716957804895955
76,pre_cut,200029.0,,,24172.0,24887.046309209778,0.0,158.98255587144843
76,post_10pct,19805.0,1.7812855730880983e-05,0.4000000000014552,2723.0,2681.3783757243336,0.5986148701009769,46.014025776962946
76,post_1pct,2011.0,7.048434054013342e-05,0.8400000000001455,151.0,152.97599010054637,0.0,10.452766802968531
77,pre_cut,200092.0,,,24127.0,24989.326407657976,0.0,159.83139966163827
77,post_10pct,20021.0,1.7812855730880983e-05,0.4000000000014552,2775.0,2760.7143356308047,0.20224552310063082,47.07678151270579
77,post_1pct,1959.0,7.048434054013342e-05,0.8400000000001455,173.0,156.0275455779899,1.0006717023571918,10.84405881420432
78,pre_cut,199919.0,,,24118.0,24602.806814439587,0.0,158.1796082709646
78,post_10pct,19787.0,1.7812855730880983e-05,0.4000000000014552,2676.0,2664.551895065789,0.165572434151432,45.894430671305265
78,post_1pct,1947.0,7.048434054013342e-05,0.8400000000001455,144.0,141.2100011121939,0.17818383509769042,10.08448019695859
79,pre_cut,199307.0,,,24225.0,24738.95941328629,0.0,158.70514694174383
79,post_10pct,19733.0,1.7812855730880983e-05,0.4000000000014552,2705.0,2655.4213422066196,0.7167101639599183,45.687686638701834
79,post_1pct,1964.0,7.048434054013342e-05,0.8400000000001455,146.0,157.91333791028688,0.0,10.844008846105343
80,pre_cut,199864.0,,,23983.0,24808.49688808745,0.0,158.736509622224
80,post_10pct,20227.0,1.7812855730880983e-05,0.4000000000014552,2755.0,2628.380241652745,1.8319517451322378,45.18304460542377
80,post_1pct,2030.0,7.048434054013342e-05,0.8400000000001455,174.0,153.58269806957983,1.208893217082244,10.71750713671254
81,pre_cut,199255.0,,,24083.0,24935.382315679184,0.0,159.5703875176383
81,post_10pct,19952.0,1.7812855730880983e-05,0.4000000000014552,2749.0,2760.3859862291956,0.0,47.132849540283374
81,post_1pct,1991.0,7.048434054013342e-05,0.8400000000001455,158.0,150.48004673412902,0.4614821880197419,10.437647748006063
82,pre_cut,200342.0,,,24113.0,24842.748065570864,0.0,158.82230997815012
82,post_10pct,20092.0,1.7812855730880983e-05,0.4000000000014552,2717.0,2733.0530205147415,0.0,46.512284319384904
82,post_1pct,1976.0,7.048434054013342e-05,0.8400000000001455,146.0,150.29922984945804,0.0,10.605135586598319
83,pre_cut,199431.0,,,23983.0,24826.617604556544,0.0,159.46213666545623
83,post_10pct,19709.0,1.7812855730880983e-05,0.4000000000014552,2718.0,2677.676231571795,0.5796726075367292,46.11495996221972
83,post_1pct,1991.0,7.048434054013342e-05,0.8400000000001455,147.0,154.17072168179,0.0,10.664948058420286
84,pre_cut,199274.0,,,24013.0,24772.71258720121,0.0,159.03767215636518
84,post_10pct,19924.0,1.7812855730880983e-05,0.4000000000014552,2734.0,2761.121182590373,0.0,46.98315963218373
84,post_1pct,2049.0,7.048434054013342e-05,0.8400000000001455,158.0,159.23837390839762,0.0,10.861216848280595
85,pre_cut,200280.0,,,24191.0,24923.75992571956,0.0,159.3832668882402
85,post_10pct,19608.0,1.7812855730880983e-05,0.4000000000014552,2623.0,2670.9686439773077,0.0,46.22410598819502
85,post_1pct,1966.0,7.048434054013342e-05,0.8400000000001455,143.0,137.67729073600745,0.344453370611903,9.84126016654005
86,pre_cut,199455.0,,,24017.0,24870.538604357327,0.0,159.32697621558387
86,post_10pct,19919.0,1.7812855730880983e-05,0.4000000000014552,2767.0,2611.7705759464807,2.245514773227309,45.11409220710136
86,post_1pct,1995.0,7.048434054013342e-05,0.8400000000001455,179.0,157.78798367121263,1.2327738468375704,10.981902450698582
87,pre_cut,200719.0,,,24283.0,25151.117094631743,0.0,159.94264957371774
87,post_10pct,20035.0,1.7812855730880983e-05,0.4000000000014552,2753.0,2782.6296945646263,0.0,47.30430496157577
87,post_1pct,2030.0,7.048434054013342e-05,0.8400000000001455,166.0,161.83902773736025,0.24537480669693687,11.056545794954662
88,pre_cut,200017.0,,,24162.0,24780.36290488706,0.0,159.0612690029125
88,post_10pct,19880.0,1.7812855730880983e-05,0.4000000000014552,2758.0,2674.1969567524648,1.2014142373492085,46.03649584839759
88,post_1pct,2034.0,7.048434054013342e-05,0.8400000000001455,178.0,144.00995152646163,2.0543255698535448,10.137293243769596
89,pre_cut,199958.0,,,24153.0,24541.141645186653,0.0,157.94855249627486
89,post_10pct,20024.0,1.7812855730880983e-05,0.4000000000014552,2773.0,2627.5805296779267,2.0968796713881113,45.36602992021981
89,post_1pct,2075.0,7.048434054013342e-05,0.8400000000001455,182.0,142.18464413806285,2.41801707049104,9.902873878284108
90,pre_cut,199630.0,,,23939.0,24960.128578711345,0.0,159.6142307270064
90,post_10pct,20042.0,1.7812855730880983e-05,0.4000000000014552,2742.0,2814.6968111575275,0.0,47.55536167152464
90,post_1pct,1966.0,7.048434054013342e-05,0.8400000000001455,147.0,165.06109990148315,0.0,11.21825114846899
91,pre_cut,201051.0,,,24219.0,24922.851609516234,0.0,159.62171214325608
91,post_10pct,19947.0,1.7812855730880983e-05,0.4000000000014552,2708.0,2730.4518284899805,0.0,46.57378782537893
91,post_1pct,2067.0,7.048434054013342e-05,0.8400000000001455,140.0,173.7277813885631,0.0,11.630224596040746
92,pre_cut,199322.0,,,24166.0,24820.3284743964,0.0,159.02544111988075
92,post_10pct,19836.0,1.7812855730880983e-05,0.4000000000014552,2645.0,2731.4318147253653,0.0,46.58564577947024
92,post_1pct,1983.0,7.048434054013342e-05,0.8400000000001455,154.0,152.2554048717614,0.10674024896492974,10.650553717337635
93,pre_cut,199616.0,,,24078.0,24677.068171556275,0.0,158.45520175446694
93,post_10pct,19711.0,1.7812855730880983e-05,0.4000000000014552,2702.0,2720.3443570132977,0.0,46.513592464547784
93,post_1pct,1921.0,7.048434054013342e-05,0.8400000000001455,161.0,146.55249541223742,0.8777173643197226,10.59688602420316
94,pre_cut,199819.0,,,24414.0,24679.809363428893,0.0,158.6920316124317
94,post_10pct,19747.0,1.7812855730880983e-05,0.4000000000014552,2702.0,2657.7567433940803,0.6378821035411744,45.987348714365744
94,post_1pct,1970.0,7.048434054013342e-05,0.8400000000001455,150.0,143.9320998679976,0.3810224756001009,10.234024006575583
95,pre_cut,199862.0,,,24228.0,24746.976719252347,0.0,158.9186444788012
95,post_10pct,20062.0,1.7812855730880983e-05,0.4000000000014552,2761.0,2616.645214267788,2.0871390658216296,45.21372621406572
95,post_1pct,2038.0,7.048434054013342e-05,0.8400000000001455,172.0,152.49518496559853,1.1659590361587495,10.559831148784426
96,pre_cut,199275.0,,,24207.0,24668.172325701795,0.0,158.62091989296843
96,post_10pct,19639.0,1.7812855730880983e-05,0.4000000000014552,2618.0,2608.3701626748993,0.1411473486586732,45.1454793688953
96,post_1pct,1983.0,7.048434054013342e-05,0.8400000000001455,139.0,148.4062206763433,0.0,10.289553974915881
97,pre_cut,200196.0,,,24326.0,24674.228474358417,0.0,158.72653327888256
97,post_10pct,19729.0,1.7812855730880983e-05,0.4000000000014552,2711.0,2731.575420896026,0.0,46.75310741062831
97,post_1pct,2020.0,7.048434054013342e-05,0.8400000000001455,,,,
98,pre_cut,200138.0,,,23880.0,24869.566579739203,0.0,159.40269547360745
98,post_10pct,19862.0,1.7812855730880983e-05,0.4000000000014552,2611.0,2729.7597912770784,0.0,46.71796232669599
98,post_1pct,2000.0,7.048434054013342e-05,0.8400000000001455,146.0,161.12705653528297,0.0,11.026441344517684
99,pre_cut,200172.0,,,24154.0,24964.561586638225,0.0,159.51397967159107
99,post_10pct,20074.0,1.7812855730880983e-05,0.4000000000014552,2768.0,2770.748511414209,0.0,47.02466266350846
99,post_1pct,2004.0,7.048434054013342e-05,0.8400000000001455,169.0,138.57332701267734,1.8841537118601122,9.906255857746606
100,pre_cut,200056.0,,,23982.0,25000.800881981875,0.0,159.92564590256129
100,post_10pct,19923.0,1.7812855730880983e-05,0.4000000000014552,2682.0,2784.2291347068567,0.0,47.35762712811265
100,post_1pct,1964.0,7.048434054013342e-05,0.8400000000001455,159.0,139.62891893052597,1.1969771512865948,10.304345395356888
101,pre_cut,199901.0,,,24315.0,24917.420846073794,0.0,159.72811610126803
101,post_10pct,19974.0,1.7812855730880983e-05,0.4000000000014552,2831.0,2721.3343469971514,1.5506362955956587,46.74896927516971
101,post_1pct,2033.0,7.048434054013342e-05,0.8400000000001455,,,,
102,pre_cut,200181.0,,,24214.0,24915.313174091498,0.0,159.2296703559488
102,post_10pct,20151.0,1.7812855730880983e-05,0.4000000000014552,2757.0,2685.278956720027,1.0292953180385702,45.92032457272808
102,post_1pct,1990.0,7.048434054013342e-05,0.8400000000001455,159.0,156.86300771499236,0.1299832928921561,10.568953216898752
103,pre_cut,199903.0,,,24051.0,24827.781606879493,0.0,159.13704676433835
103,post_10pct,19968.0,1.7812855730880983e-05,0.4000000000014552,2629.0,2783.51879133893,0.0,47.33284283169101
103,post_1pct,1927.0,7.048434054013342e-05,0.8400000000001455,138.0,143.02840119838513,0.0,10.07310344856341
104,pre_cut,200193.0,,,24145.0,24977.498746527366,0.0,159.4569538282274
104,post_10pct,20078.0,1.7812855730880983e-05,0.4000000000014552,2688.0,2792.276953571416,0.0,47.30765667749211
104,post_1pct,1949.0,7.048434054013342e-05,0.8400000000001455,156.0,145.27482053767082,0.6631902756992522,10.366004051180925
105,pre_cut,200486.0,,,23981.0,24900.19453776056,0.0,159.5615293988822
105,post_10pct,20089.0,1.7812855730880983e-05,0.4000000000014552,2793.0,2697.877607558784,1.3603838381858224,45.93812149033842
105,post_1pct,2035.0,7.048434054013342e-05,0.8400000000001455,178.0,151.97888593656114,1.5453659052679685,10.514293403241862
106,pre_cut,200436.0,,,24082.0,24817.515295602097,0.0,159.01921178692703
106,post_10pct,19898.0,1.7812855730880983e-05,0.4000000000014552,2713.0,2701.303308221471,0.16799626171884874,46.21943142848661
106,post_1pct,1936.0,7.048434054013342e-05,0.8400000000001455,151.0,144.6686745612083,0.3953604857585027,10.323809901964415
107,pre_cut,200018.0,,,24168.0,24781.281703928362,0.0,159.20686129683125
107,post_10pct,19938.0,1.7812855730880983e-05,0.4000000000014552,2785.0,2553.747923889314,3.3602234842410836,44.57535424565195
107,post_1pct,2055.0,7.048434054013342e-05,0.8400000000001455,178.0,150.99141609016561,1.6148133109938614,10.35737827081809
108,pre_cut,199940.0,,,24288.0,24958.01585769269,0.0,159.78086265433114
108,post_10pct,19885.0,1.7812855730880983e-05,0.4000000000014552,2762.0,2742.0865556775093,0.28293757247991896,46.84182170278607
108,post_1pct,1923.0,7.048434054013342e-05,0.8400000000001455,140.0,154.4157093262513,0.0,10.809079544393276
109,pre_cut,199648.0,,,24008.0,24599.07657864227,0.0,157.84210406644468
109,post_10pct,20019.0,1.7812855730880983e-05,0.4000000000014552,2705.0,2691.5708668099023,0.19338186048825573,46.0360994590777
109,post_1pct,2040.0,7.048434054013342e-05,0.8400000000001455,153.0,144.47383048558407,0.5347561928110702,10.143157002520061
110,pre_cut,198938.0,,,23933.0,24542.941254798625,0.0,158.03446394865972
110,post_10pct,19959.0,1.7812855730880983e-05,0.4000000000014552,2705.0,2724.671421372189,0.0,46.51194794132666
110,post_1pct,2064.0,7.048434054013342e-05,0.8400000000001455,181.0,172.05451101209462,0.5082875981613814,11.411297235299362
111,pre_cut,200070.0,,,24423.0,24818.966192300395,0.0,158.88866386902285
111,post_10pct,19922.0,1.7812855730880983e-05,0.4000000000014552,2794.0,2676.5729290273994,1.678047015404724,46.03961062636292
111,post_1pct,1986.0,7.048434054013342e-05,0.8400000000001455,,,,
112,pre_cut,199942.0,,,24258.0,24551.800385006332,0.0,158.33492565448148
112,post_10pct,19754.0,1.7812855730880983e-05,0.4000000000014552,2722.0,2688.6023596535856,0.4786942824075172,46.36909407743466
112,post_1pct,1979.0,7.048434054013342e-05,0.8400000000001455,158.0,154.92007239439496,0.1864536776490594,10.741876490610217
113,pre_cut,199612.0,,,24171.0,24870.3992600879,0.0,158.8914170107217
113,post_10pct,19972.0,1.7812855730880983e-05,0.4000000000014552,2720.0,2670.771278607937,0.7090479905287896,45.90665218218951
113,post_1pct,2012.0,7.048434054013342e-05,0.8400000000001455,157.0,130.32786247211186,1.7157774044817162,9.5104425802357
114,pre_cut,199310.0,,,23794.0,24943.888753132713,0.0,159.55407128794727
114,post_10pct,19784.0,1.7812855730880983e-05,0.4000000000014552,2670.0,2605.111084046487,0.9490750451652624,44.88293285586194
114,post_1pct,2007.0,7.048434054013342e-05,0.8400000000001455,161.0,149.63820702012436,0.6962051865641221,10.3692538623813
115,pre_cut,200058.0,,,24060.0,24804.25039236569,0.0,158.94632082617497
115,post_10pct,20040.0,1.7812855730880983e-05,0.4000000000014552,2714.0,2731.33530281432,0.0,46.75043394724735
115,post_1pct,1926.0,7.048434054013342e-05,0.8400000000001455,142.0,145.01505208958844,0.0,10.503974839369228
116,pre_cut,200261.0,,,24237.0,25106.334393574907,0.0,160.1723465119861
116,post_10pct,20081.0,1.7812855730880983e-05,0.4000000000014552,2676.0,2729.5897163403524,0.0,46.61166038220838
116,post_1pct,1992.0,7.048434054013342e-05,0.8400000000001455,152.0,134.7029434275615,1.105050249060093,9.820115116841661
117,pre_cut,200421.0,,,24209.0,24891.360742682187,0.0,159.60664418691505
117,post_10pct,19894.0,1.7812855730880983e-05,0.4000000000014552,2623.0,2680.028101854145,0.0,45.97600796482953
117,post_1pct,2009.0,7.048434054013342e-05,0.8400000000001455,141.0,157.76177296994499,0.0,10.853619034899587
118,pre_cut,200322.0,,,24221.0,24864.787617209902,0.0,159.3158366623373
118,post_10pct,19897.0,1.7812855730880983e-05,0.4000000000014552,2697.0,2799.789346806816,0.0,47.6432005376782
118,post_1pct,1978.0,7.048434054013342e-05,0.8400000000001455,151.0,126.63299808028452,1.597573011245772,9.32869448935127
119,pre_cut,199852.0,,,24030.0,24925.598061812554,0.0,159.6516630981768
119,post_10pct,19966.0,1.7812855730880983e-05,0.4000000000014552,2716.0,2810.594874557547,0.0,47.61937774231405
119,post_1pct,1976.0,7.048434054013342e-05,0.8400000000001455,156.0,154.03859483878247,0.11885938534115383,10.79962605280953
120,pre_cut,199375.0,,,24023.0,24665.656292313244,0.0,158.3013197125414
120,post_10pct,20118.0,1.7812855730880983e-05,0.4000000000014552,2707.0,2760.161431625471,0.0,46.755840186587044
120,post_1pct,2018.0,7.048434054013342e-05,0.8400000000001455,165.0,151.1120404793367,0.8413093743955938,10.4928882943313
121,pre_cut,200330.0,,,24093.0,24865.577141344158,0.0,159.47873464535172
121,post_10pct,19992.0,1.7812855730880983e-05,0.4000000000014552,2776.0,2774.5207642376863,0.020902718023155173,47.246691985147486
121,post_1pct,1988.0,7.048434054013342e-05,0.8400000000001455,149.0,144.51611241350508,0.2807104848314451,10.340954760869861
122,pre_cut,199997.0,,,24157.0,24792.48989990735,0.0,158.8854963808131
122,post_10pct,19906.0,1.7812855730880983e-05,0.4000000000014552,2684.0,2644.070243018061,0.5793080912265611,45.52667630476202
122,post_1pct,1977.0,7.048434054013342e-05,0.8400000000001455,145.0,156.41335636584492,0.0,10.744824102861083
123,pre_cut,200160.0,,,24168.0,24973.2216785216,0.0,159.41959252441237
123,post_10pct,20087.0,1.7812855730880983e-05,0.4000000000014552,2722.0,2727.2615033053216,0.0,46.497915758048016
123,post_1pct,2038.0,7.048434054013342e-05,0.8400000000001455,170.0,162.99392551927338,0.4101962719073303,11.085611775681867
124,pre_cut,200261.0,,,24339.0,24961.107782343293,0.0,159.68565639518562
124,post_10pct,19958.0,1.7812855730880983e-05,0.4000000000014552,2825.0,2726.777845144886,1.3901405780954084,46.69780364240325
124,post_1pct,2017.0,7.048434054013342e-05,0.8400000000001455,169.0,157.57725010739367,0.6775468578789031,10.827437990695758
125,pre_cut,200189.0,,,24154.0,24886.743298754594,0.0,159.140784776154
125,post_10pct,19823.0,1.7812855730880983e-05,0.4000000000014552,2775.0,2613.0930287075307,2.339434981094644,45.15686550225813
125,post_1pct,1954.0,7.048434054013342e-05,0.8400000000001455,,,,
126,pre_cut,199966.0,,,24201.0,24701.647055886475,0.0,158.34008058545788
126,post_10pct,20023.0,1.7812855730880983e-05,0.4000000000014552,2781.0,2712.4946018797255,0.9752181451537594,46.507145657409644
126,post_1pct,2040.0,7.048434054013342e-05,0.8400000000001455,164.0,134.1239460494943,1.895825059541037,9.547165468710212
127,pre_cut,199886.0,,,23993.0,24709.79608577599,0.0,158.88704859820092
127,post_10pct,19802.0,1.7812855730880983e-05,0.4000000000014552,2766.0,2704.533232343568,0.8772391481086821,46.39029162271165
127,post_1pct,2026.0,7.048434054013342e-05,0.8400000000001455,188.0,164.76143634167346,1.3190823879626756,11.234651677280029
128,pre_cut,199369.0,,,24112.0,24557.0801514511,0.0,158.2644495758223
128,post_10pct,19914.0,1.7812855730880983e-05,0.4000000000014552,2721.0,2740.225516351977,0.0,46.92188382667927
128,post_1pct,1909.0,7.048434054013342e-05,0.8400000000001455,144.0,135.41648451601304,0.5513504127302765,9.99534139038383
129,pre_cut,200527.0,,,24245.0,24752.68247542061,0.0,158.78796984343236
129,post_10pct,19990.0,1.7812855730880983e-05,0.4000000000014552,2748.0,2654.0417384131647,1.3525661506062454,45.72906511657187
129,post_1pct,1979.0,7.048434054013342e-05,0.8400000000001455,,,,
130,pre_cut,199736.0,,,23917.0,24788.92187843535,0.0,158.95855819585913
130,post_10pct,19801.0,1.7812855730880983e-05,0.4000000000014552,2585.0,2728.279371192327,0.0,46.6842269846604
130,post_1pct,2006.0,7.048434054013342e-05,0.8400000000001455,143.0,145.98628770706665,0.0,10.32864412854281
131,pre_cut,199848.0,,,24191.0,24664.89770312063,0.0,158.51462230863763
131,post_10pct,19787.0,1.7812855730880983e-05,0.4000000000014552,2662.0,2756.2684177707315,0.0,47.00143769007714
131,post_1pct,1918.0,7.048434054013342e-05,0.8400000000001455,160.0,142.7634054114588,1.059164460349899,10.382417611932825
132,pre_cut,199615.0,,,24215.0,24938.75563091159,0.0,159.86258943399307
132,post_10pct,20051.0,1.7812855730880983e-05,0.4000000000014552,2789.0,2768.2713175813806,0.292763114189024,47.18966121397917
132,post_1pct,1981.0,7.048434054013342e-05,0.8400000000001455,165.0,153.52168958593091,0.6907808171146124,10.638468288044962
133,pre_cut,199806.0,,,24127.0,24675.909167051712,0.0,158.2035482113558
133,post_10pct,20183.0,1.7812855730880983e-05,0.4000000000014552,2789.0,2738.8840800271582,0.7115159046506273,46.68024857475602
133,post_1pct,2029.0,7.048434054013342e-05,0.8400000000001455,167.0,151.84561172508856,0.908736645285555,10.664934298707356
134,pre_cut,199860.0,,,24268.0,24768.16249262816,0.0,158.94042718577708
134,post_10pct,19949.0,1.7812855730880983e-05,0.4000000000014552,2753.0,2715.7290022396523,0.5323240052781308,46.41510535512712
134,post_1pct,1985.0,7.048434054013342e-05,0.8400000000001455,171.0,131.1437524737081,2.5059146911898353,9.53285875092463
135,pre_cut,200191.0,,,24024.0,24928.292634658224,0.0,159.63190324389825
135,post_10pct,19867.0,1.7812855730880983e-05,0.4000000000014552,2610.0,2658.6112056076145,0.0,45.716381136605804
135,post_1pct,2004.0,7.048434054013342e-05,0.8400000000001455,169.0,134.64675035802406,2.137634709987254,9.815477534807844
136,pre_cut,200562.0,,,24240.0,24979.85045662736,0.0,159.56395034795344
136,post_10pct,19762.0,1.7812855730880983e-05,0.4000000000014552,2662.0,2694.098409240508,0.0,46.193309189456166
136,post_1pct,2002.0,7.048434054013342e-05,0.8400000000001455,139.0,165.91169336747691,0.0,11.475958768703897
137,pre_cut,200474.0,,,24084.0,25034.554500414924,0.0,159.9832738602387
137,post_10pct,19909.0,1.7812855730880983e-05,0.4000000000014552,2702.0,2700.591525685154,0.020234470968483305,46.29709582963099
137,post_1pct,2026.0,7.048434054013342e-05,0.8400000000001455,158.0,148.95798544317026,0.5551080091261856,10.439343047009476
138,pre_cut,201102.0,,,24374.0,24985.31122847407,0.0,159.52757784563664
138,post_10pct,20054.0,1.7812855730880983e-05,0.4000000000014552,2718.0,2634.8906598492795,1.2049563848699543,45.29587780769974
138,post_1pct,2021.0,7.048434054013342e-05,0.8400000000001455,156.0,168.6699947441602,0.0,11.224558870134437
139,pre_cut,199939.0,,,23986.0,24731.907649422086,0.0,158.46772003568748
139,post_10pct,19862.0,1.7812855730880983e-05,0.4000000000014552,2693.0,2705.215169618194,0.0,46.341240808195685
139,post_1pct,2006.0,7.048434054013342e-05,0.8400000000001455,147.0,158.53957018384568,0.0,10.965712434327411
140,pre_cut,200006.0,,,24257.0,25118.30704183382,0.0,160.4215056463602
140,post_10pct,19755.0,1.7812855730880983e-05,0.4000000000014552,2725.0,2656.438214773248,0.9882010794017673,45.808001192002756
140,post_1pct,1915.0,7.048434054013342e-05,0.8400000000001455,157.0,139.1300066223448,1.11914509887429,10.067454781761036
141,pre_cut,200177.0,,,24308.0,24574.24402138094,0.0,158.32445121197634
141,post_10pct,20110.0,1.7812855730880983e-05,0.4000000000014552,2744.0,2763.4174830612915,0.0,47.066734306201894
141,post_1pct,2006.0,7.048434054013342e-05,0.8400000000001455,145.0,144.53484820423344,0.02939631355453576,10.269676339267399
142,pre_cut,200048.0,,,24187.0,24801.6243584963,0.0,159.00282265422248
142,post_10pct,19805.0,1.7812855730880983e-05,0.4000000000014552,2641.0,2653.7043451856407,0.0,45.768853423462005
142,post_1pct,1977.0,7.048434054013342e-05,0.8400000000001455,143.0,147.00697267631398,0.0,10.185533345269995
143,pre_cut,200550.0,,,24385.0,24764.029056930398,0.0,158.48135719141433
143,post_10pct,19674.0,1.7812855730880983e-05,0.4000000000014552,2726.0,2699.4992644000677,0.3794663744068495,46.41949900718064
143,post_1pct,2019.0,7.048434054013342e-05,0.8400000000001455,159.0,159.91482267095842,0.0,11.146365363044463
144,pre_cut,199269.0,,,24260.0,24929.514141390995,0.0,159.5802219635395
144,post_10pct,19740.0,1.7812855730880983e-05,0.4000000000014552,2697.0,2785.6631923600066,0.0,47.48899115767484
144,post_1pct,1977.0,7.048434054013342e-05,0.8400000000001455,168.0,157.85616813025769,0.6004155906920726,10.914926425299482
145,pre_cut,200202.0,,,24216.0,24762.71379813273,0.0,158.94857780732553
145,post_10pct,19768.0,1.7812855730880983e-05,0.4000000000014552,2716.0,2664.62287929298,0.7409852053351347,45.81330196465364
145,post_1pct,1959.0,7.048434054013342e-05,0.8400000000001455,145.0,152.5452199361657,0.0,10.90154613144166
146,pre_cut,200948.0,,,24270.0,24956.95775080264,0.0,159.78638184486792
146,post_10pct,19979.0,1.7812855730880983e-05,0.4000000000014552,2662.0,2779.3015487306043,0.0,47.35061033424463
146,post_1pct,2095.0,7.048434054013342e-05,0.8400000000001455,155.0,162.74235059832856,0.0,10.900455407765564
147,pre_cut,199690.0,,,23715.0,24882.2713835159,0.0,159.3496757700704
147,post_10pct,19854.0,1.7812855730880983e-05,0.4000000000014552,2701.0,2761.512676909829,0.0,47.165700249553325
147,post_1pct,2017.0,7.048434054013342e-05,0.8400000000001455,180.0,148.6882356995095,1.8586609735295558,10.474233225971325
148,pre_cut,199662.0,,,24006.0,24703.73333006773,0.0,158.79518822711725
148,post_10pct,19825.0,1.7812855730880983e-05,0.4000000000014552,2662.0,2683.249250303142,0.0,45.993883568552
148,post_1pct,2007.0,7.048434054013342e-05,0.8400000000001455,,,,
149,pre_cut,199549.0,,,24218.0,24944.353208516164,0.0,159.80066960567217
149,post_10pct,19937.0,1.7812855730880983e-05,0.4000000000014552,2710.0,2705.4962846404183,0.0646293236845644,46.33211751531792
149,post_1pct,1991.0,7.048434054013342e-05,0.8400000000001455,167.0,156.64719063633555,0.6166554531599051,10.801321412224874
150,pre_cut,200227.0,,,24482.0,24741.50239292298,0.0,159.10162347875357
150,post_10pct,19801.0,1.7812855730880983e-05,0.4000000000014552,2705.0,2684.8134091970996,0.2907463792231891,46.02617336042853
150,post_1pct,1982.0,7.048434054013342e-05,0.8400000000001455,151.0,150.6358325113661,0.022629361399246484,10.394404820131129
151,pre_cut,200285.0,,,24140.0,24888.0966540263,0.0,159.47343160876738
151,post_10pct,20012.0,1.7812855730880983e-05,0.4000000000014552,2789.0,2709.701076242824,1.1302271685707772,46.31293433189589
151,post_1pct,1952.0,7.048434054013342e-05,0.8400000000001455,154.0,139.37945316000005,0.9160437540106414,10.166798458961289
152,pre_cut,199596.0,,,24125.0,24820.64791008958,0.0,158.8494257142769
152,post_10pct,19884.0,1.7812855730880983e-05,0.4000000000014552,2746.0,2693.752171869922,0.7484978096305768,46.193669863855014
152,post_1pct,2071.0,7.048434054013342e-05,0.8400000000001455,,,,
153,pre_cut,199926.0,,,24361.0,24783.110212928925,0.0,159.19416960210668
153,post_10pct,19681.0,1.7812855730880983e-05,0.4000000000014552,2735.0,2673.341384885569,0.8847587318582497,46.15321944473195
153,post_1pct,1944.0,7.048434054013342e-05,0.8400000000001455,166.0,160.1567043719533,0.34412195999996864,11.101535692455533
154,pre_cut,199621.0,,,24214.0,24616.27741519541,0.0,158.40836032367008
154,post_10pct,19694.0,1.7812855730880983e-05,0.4000000000014552,2647.0,2656.159006832951,0.0,45.84018538218758
154,post_1pct,2020.0,7.048434054013342e-05,0.8400000000001455,150.0,145.2099137234889,0.30083228832233216,10.219720336120963
155,pre_cut,200017.0,,,24336.0,24878.187237132915,0.0,159.44648025224348
155,post_10pct,19974.0,1.7812855730880983e-05,0.4000000000014552,2770.0,2620.144944616277,2.1635140257156587,45.27643111376615
155,post_1pct,2053.0,7.048434054013342e-05,0.8400000000001455,142.0,171.28921972551507,0.0,11.54697807384509
156,pre_cut,199603.0,,,24209.0,24839.1985920327,0.0,159.23241961294352
156,post_10pct,19989.0,1.7812855730880983e-05,0.4000000000014552,2753.0,2736.9606112044958,0.22847443511703458,46.66400915798351
156,post_1pct,1999.0,7.048434054013342e-05,0.8400000000001455,177.0,134.3632260684827,2.630833315668303,9.739201307702858
157,pre_cut,200197.0,,,24338.0,24757.88267750281,0.0,158.8723084653127
157,post_10pct,19875.0,1.7812855730880983e-05,0.4000000000014552,2740.0,2796.4221390231514,0.0,47.65052087892113
157,post_1pct,2025.0,7.048434054013342e-05,0.8400000000001455,173.0,154.22627167798237,1.1101856192804078,10.779927757561413
158,pre_cut,200558.0,,,24234.0,24902.109157664025,0.0,159.39654384165
158,post_10pct,19711.0,1.7812855730880983e-05,0.4000000000014552,2706.0,2587.111641378539,1.73258773964444,44.94800670923862
158,post_1pct,1872.0,7.048434054013342e-05,0.8400000000001455,161.0,134.81494014842679,1.6442540478631738,9.886746110039093
159,pre_cut,199674.0,,,24231.0,24632.847344078644,0.0,158.65510808732066
159,post_10pct,19761.0,1.7812855730880983e-05,0.4000000000014552,2763.0,2653.7274685391126,1.5694074844752626,45.829969461212464
159,post_1pct,2073.0,7.048434054013342e-05,0.8400000000001455,148.0,159.53406909486338,0.0,10.863126461027099
160,pre_cut,199633.0,,,24196.0,24809.59502625688,0.0,158.93954576780504
160,post_10pct,20056.0,1.7812855730880983e-05,0.4000000000014552,2775.0,2789.778697485809,0.0,47.47854261273185
160,post_1pct,1992.0,7.048434054013342e-05,0.8400000000001455,155.0,161.16863645842227,0.0,11.083427056388956
161,pre_cut,200925.0,,,24542.0,25002.671589371443,0.0,159.91290893048168
161,post_10pct,20159.0,1.7812855730880983e-05,0.4000000000014552,2740.0,2795.294285083124,0.0,47.5104289566971
161,post_1pct,1977.0,7.048434054013342e-05,0.8400000000001455,160.0,138.35869452614364,1.3528340756355548,10.005969198883328
162,pre_cut,199906.0,,,24060.0,24705.066016695084,0.0,158.8957751845486
162,post_10pct,19847.0,1.7812855730880983e-05,0.4000000000014552,2729.0,2748.2814454883573,0.0,46.96057170172126
162,post_1pct,1927.0,7.048434054013342e-05,0.8400000000001455,156.0,146.4207855852647,0.584457577914474,10.68106257726542
163,pre_cut,199797.0,,,23507.0,25001.56019491411,0.0,159.56674432881252
163,post_10pct,19810.0,1.7812855730880983e-05,0.4000000000014552,2656.0,2685.347403535637,0.0,46.091441741376364
163,post_1pct,1944.0,7.048434054013342e-05,0.8400000000001455,152.0,145.74277648804897,0.3898696917117912,10.330693256690207
164,pre_cut,200084.0,,,24014.0,24855.202270368456,0.0,159.14236282735888
164,post_10pct,20016.0,1.7812855730880983e-05,0.4000000000014552,2650.0,2755.9265518521706,0.0,47.02718039181196
164,post_1pct,2007.0,7.048434054013342e-05,0.8400000000001455,140.0,154.71501235879998,0.0,10.798337830105416
165,pre_cut,199147.0,,,23945.0,24645.179171530363,0.0,158.56400630724045
165,post_10pct,19737.0,1.7812855730880983e-05,0.4000000000014552,2669.0,2739.8854331924813,0.0,47.100535127678
165,post_1pct,1993.0,7.048434054013342e-05,0.8400000000001455,,,,
166,pre_cut,200486.0,,,24331.0,24946.756036706454,0.0,159.30930643054023
166,post_10pct,19875.0,1.7812855730880983e-05,0.4000000000014552,2698.0,2660.7557435340436,0.5380148596750878,45.81946488262187
166,post_1pct,1929.0,7.048434054013342e-05,0.8400000000001455,153.0,148.23611058335703,0.29532340250346406,10.396315898056418
167,pre_cut,200599.0,,,24139.0,24705.272491083484,0.0,158.3427736936151
167,post_10pct,19923.0,1.7812855730880983e-05,0.4000000000014552,2680.0,2672.330644686851,0.11087696131305134,45.88648818373741
167,post_1pct,1947.0,7.048434054013342e-05,0.8400000000001455,153.0,159.15309953609693,0.0,11.096766997391754
168,pre_cut,199561.0,,,23794.0,24807.332787265415,0.0,159.1727075207458
168,post_10pct,19876.0,1.7812855730880983e-05,0.4000000000014552,2676.0,2677.1915170577818,0.0,46.082406833594405
168,post_1pct,1985.0,7.048434054013342e-05,0.8400000000001455,,,,
169,pre_cut,200586.0,,,24535.0,24873.580371050324,0.0,159.26064665992735
169,post_10pct,19945.0,1.7812855730880983e-05,0.4000000000014552,2781.0,2708.4180320054547,1.0329806616242079,46.5397622361521
169,post_1pct,1973.0,7.048434054013342e-05,0.8400000000001455,162.0,140.8217849411917,1.3142982572015656,10.088625604424802
170,pre_cut,200185.0,,,24257.0,24857.844867419954,0.0,159.13849220505796
170,post_10pct,19760.0,1.7812855730880983e-05,0.4000000000014552,2761.0,2574.2683607986687,2.716301540039057,44.65296437783082
170,post_1pct,2000.0,7.048434054013342e-05,0.8400000000001455,150.0,150.44586337502972,0.0,10.452643448530786
171,pre_cut,200531.0,,,24049.0,24861.474841206254,0.0,158.93900508138745
171,post_10pct,19910.0,1.7812855730880983e-05,0.4000000000014552,2731.0,2729.855230767594,0.016346613066310453,46.62073441790077
171,post_1pct,2043.0,7.048434054013342e-05,0.8400000000001455,167.0,147.46482270511757,1.191292617838268,10.284093482984394
172,pre_cut,200109.0,,,24249.0,24792.53661684352,0.0,158.84261761378585
172,post_10pct,19953.0,1.7812855730880983e-05,0.4000000000014552,2787.0,2789.301408941001,0.0,47.42969258675723
172,post_1pct,2006.0,7.048434054013342e-05,0.8400000000001455,159.0,151.55369013824378,0.45432964518037855,10.534522772713002
173,pre_cut,200037.0,,,24019.0,24887.339356727294,0.0,159.35565076677753
173,post_10pct,19979.0,1.7812855730880983e-05,0.4000000000014552,2659.0,2725.8144518102945,0.0,46.35188346711675
173,post_1pct,2002.0,7.048434054013342e-05,0.8400000000001455,162.0,150.904702704577,0.6778804306217016,10.395019360031533
174,pre_cut,200168.0,,,24115.0,24785.367036693053,0.0,158.9857812657684
174,post_10pct,19876.0,1.7812855730880983e-05,0.4000000000014552,2699.0,2666.8077760057836,0.4645555048349206,45.90838807452832
174,post_1pct,1957.0,7.048434054013342e-05,0.8400000000001455,179.0,148.58307403043386,1.8035528851144544,10.534485151706608
175,pre_cut,199610.0,,,24284.0,24691.76073057801,0.0,158.86554167606133
175,post_10pct,19804.0,1.7812855730880983e-05,0.4000000000014552,2773.0,2677.068359640658,1.3726713624511346,46.09359343194718
175,post_1pct,1983.0,7.048434054013342e-05,0.8400000000001455,145.0,151.36332320036817,0.0,10.574665367388345
176,pre_cut,199998.0,,,24150.0,24738.865279182563,0.0,158.6366273051649
176,post_10pct,19823.0,1.7812855730880983e-05,0.4000000000014552,2666.0,2684.478739853219,0.0,46.12100629799676
176,post_1pct,2000.0,7.048434054013342e-05,0.8400000000001455,171.0,143.6809897351747,1.6740184971665304,10.053140101754071
177,pre_cut,200350.0,,,23988.0,24667.158864935074,0.0,158.9624832564165
177,post_10pct,19840.0,1.7812855730880983e-05,0.4000000000014552,2741.0,2721.993203461652,0.2710600905954692,46.67319891677325
177,post_1pct,1972.0,7.048434054013342e-05,0.8400000000001455,130.0,146.39293400492787,0.0,10.336399322810687
178,pre_cut,199949.0,,,24243.0,24899.224635422514,0.0,159.33839318242582
178,post_10pct,20059.0,1.7812855730880983e-05,0.4000000000014552,2718.0,2669.502771899639,0.6997587096567071,45.74197116688681
178,post_1pct,1978.0,7.048434054013342e-05,0.8400000000001455,,,,
179,pre_cut,200410.0,,,24152.0,24836.718482128163,0.0,159.12065800340486
179,post_10pct,19790.0,1.7812855730880983e-05,0.4000000000014552,2695.0,2617.528690788932,1.1267134153259628,45.21320931283042
179,post_1pct,1906.0,7.048434054013342e-05,0.8400000000001455,154.0,155.71553026340231,0.0,10.887348714076815
180,pre_cut,200933.0,,,24426.0,24999.353916406548,0.0,159.67890742524418
180,post_10pct,19924.0,1.7812855730880983e-05,0.4000000000014552,2714.0,2780.1014055499463,0.0,47.30886941608392
180,post_1pct,1966.0,7.048434054013342e-05,0.8400000000001455,146.0,158.21968166697596,0.0,11.08608851900915
181,pre_cut,200014.0,,,24430.0,24749.549197556895,0.0,158.8313502578729
181,post_10pct,19740.0,1.7812855730880983e-05,0.4000000000014552,2727.0,2740.8685399827737,0.0,46.85156242314065
181,post_1pct,1913.0,7.048434054013342e-05,0.8400000000001455,157.0,164.22856315241978,0.0,11.291558587487904
182,pre_cut,198857.0,,,24063.0,24697.604717481197,0.0,158.6611485563521
182,post_10pct,19808.0,1.7812855730880983e-05,0.4000000000014552,2738.0,2689.1091181326487,0.7003055451545573,46.28860273761604
182,post_1pct,2032.0,7.048434054013342e-05,0.8400000000001455,169.0,146.81414722422085,1.3504813997841874,10.2611411680394
183,pre_cut,200645.0,,,24223.0,24936.052102432808,0.0,159.34169818094355
183,post_10pct,20060.0,1.7812855730880983e-05,0.4000000000014552,2707.0,2670.768949604774,0.5235906586074421,45.67913658628844
183,post_1pct,1961.0,7.048434054013342e-05,0.8400000000001455,,,,
184,pre_cut,199464.0,,,24047.0,24842.469538917372,0.0,159.49629049267875
184,post_10pct,19922.0,1.7812855730880983e-05,0.4000000000014552,2657.0,2734.5463719504914,0.0,46.629564297026185
184,post_1pct,2015.0,7.048434054013342e-05,0.8400000000001455,146.0,147.81233892956703,0.0,10.295163135347174
185,pre_cut,199809.0,,,24045.0,24759.398208641047,0.0,159.0283325231705
185,post_10pct,19944.0,1.7812855730880983e-05,0.4000000000014552,2694.0,2733.8910850662437,0.0,46.58082575794491
185,post_1pct,2053.0,7.048434054013342e-05,0.8400000000001455,157.0,148.01382261544816,0.5542190127043064,10.371747080009383
186,pre_cut,200045.0,,,24084.0,24816.819262694837,0.0,159.3313245026907
186,post_10pct,19834.0,1.7812855730880983e-05,0.4000000000014552,2735.0,2744.5727380232256,0.0,47.07752335097
186,post_1pct,1957.0,7.048434054013342e-05,0.8400000000001455,151.0,153.04806796221132,0.0,10.567452138526217
187,pre_cut,200173.0,,,24243.0,24831.613555706946,0.0,159.2442751524327
187,post_10pct,19617.0,1.7812855730880983e-05,0.4000000000014552,2748.0,2589.134407638535,2.3075038104345724,44.90107357391864
187,post_1pct,1914.0,7.048434054013342e-05,0.8400000000001455,154.0,140.31924765161705,0.8595361785029468,10.095593064838443
188,pre_cut,200164.0,,,24329.0,24838.006375562312,0.0,159.00286352272906
188,post_10pct,20123.0,1.7812855730880983e-05,0.4000000000014552,2763.0,2693.2664178280475,0.9980698355318119,46.135466997378266
188,post_1pct,1951.0,7.048434054013342e-05,0.8400000000001455,146.0,143.83966999669002,0.13591656783120376,10.344430426651863
189,pre_cut,199923.0,,,24066.0,24802.93994363948,0.0,158.82091133177218
189,post_10pct,19970.0,1.7812855730880983e-05,0.4000000000014552,2678.0,2760.4644571512345,0.0,46.98823155125909
189,post_1pct,1976.0,7.048434054013342e-05,0.8400000000001455,151.0,156.25525636794939,0.0,10.839085075893433
190,pre_cut,199405.0,,,24319.0,24508.210128498744,0.0,157.9608947911393
190,post_10pct,19808.0,1.7812855730880983e-05,0.4000000000014552,2755.0,2668.439200827953,1.2412264213144537,46.04849122449555
190,post_1pct,1993.0,7.048434054013342e-05,0.8400000000001455,160.0,139.367364028161,1.2833106066829267,10.116906623582214
191,pre_cut,199657.0,,,24229.0,24943.484898669547,0.0,159.9367455405532
191,post_10pct,19521.0,1.7812855730880983e-05,0.4000000000014552,2627.0,2622.698338077138,0.06279929955111065,45.44956619435464
191,post_1pct,2010.0,7.048434054013342e-05,0.8400000000001455,137.0,136.26136076985773,0.04848008541667474,9.76124828237529
192,pre_cut,199472.0,,,24082.0,24839.838642524686,0.0,159.26026123438893
192,post_10pct,19835.0,1.7812855730880983e-05,0.4000000000014552,2700.0,2754.046388084064,0.0,46.93928499191758
192,post_1pct,1996.0,7.048434054013342e-05,0.8400000000001455,152.0,148.9882095387327,0.18786549231689484,10.276295927602549
193,pre_cut,200233.0,,,24333.0,24698.699399009456,0.0,158.55730805278762
193,post_10pct,19990.0,1.7812855730880983e-05,0.4000000000014552,2765.0,2721.5008340254108,0.6199117307033033,46.52745013427825
193,post_1pct,2014.0,7.048434054013342e-05,0.8400000000001455,164.0,160.81355634906254,0.1887998798931669,11.016847336962078
194,pre_cut,199353.0,,,24020.0,24814.981810513545,0.0,159.13584314701686
194,post_10pct,19911.0,1.7812855730880983e-05,0.4000000000014552,2729.0,2684.0306734236265,0.646476742035212,46.00087323920591
194,post_1pct,1984.0,7.048434054013342e-05,0.8400000000001455,170.0,153.24506098369582,1.005310458340051,10.534550475672322
195,pre_cut,200059.0,,,24181.0,24819.381051889446,0.0,159.12718601366794
195,post_10pct,19985.0,1.7812855730880983e-05,0.4000000000014552,2782.0,2686.741664375417,1.3623772937614882,46.04923639062066
195,post_1pct,1995.0,7.048434054013342e-05,0.8400000000001455,156.0,147.9060261515284,0.4993593942930796,10.402032007607792
196,pre_cut,200391.0,,,24162.0,25057.520729110172,0.0,159.77266322246538
196,post_10pct,20079.0,1.7812855730880983e-05,0.4000000000014552,2626.0,2757.529578470021,0.0,46.79820487630442
196,post_1pct,2071.0,7.048434054013342e-05,0.8400000000001455,147.0,159.85146673044594,0.0,10.879570922703495
197,pre_cut,200010.0,,,24097.0,24922.592764328292,0.0,159.39469929619545
197,post_10pct,20178.0,1.7812855730880983e-05,0.4000000000014552,2742.0,2770.0800683076704,0.0,47.092622176615315
197,post_1pct,2024.0,7.048434054013342e-05,0.8400000000001455,169.0,151.94578091326167,1.0229636795134167,10.585475781784528
198,pre_cut,199200.0,,,24140.0,24789.638226198596,0.0,158.72777451931086
198,post_10pct,19589.0,1.7812855730880983e-05,0.4000000000014552,2695.0,2617.070498327722,1.1324397943078182,45.298708279548265
198,post_1pct,1940.0,7.048434054013342e-05,0.8400000000001455,160.0,127.64809205702736,2.0909694646544317,9.316991905574003
199,pre_cut,200578.0,,,24281.0,24677.581296823188,0.0,158.35913709025763
199,post_10pct,20039.0,1.7812855730880983e-05,0.4000000000014552,2706.0,2633.1058298404305,1.0574021790030377,45.35519717886032
199,post_1pct,2052.0,7.048434054013342e-05,0.8400000000001455,156.0,148.33243230597947,0.4742788157757396,10.335549847259438
200,pre_cut,199500.0,,,23992.0,24786.98409979068,0.0,158.63203209082926
200,post_10pct,20058.0,1.7812855730880983e-05,0.4000000000014552,2706.0,2685.731710492678,0.2922354659387677,45.9040300547897
200,post_1pct,2088.0,7.048434054013342e-05,0.8400000000001455,147.0,141.2349380929163,0.3684345399571034,9.950295094591258
201,pre_cut,200021.0,,,24225.0,24860.697497340225,0.0,159.49804079282845
201,post_10pct,19896.0,1.7812855730880983e-05,0.4000000000014552,2710.0,2786.082599997249,0.0,47.40883614863947
201,post_1pct,2016.0,7.048434054013342e-05,0.8400000000001455,153.0,143.88043476627817,0.5687816081970305,10.282336374385714
202,pre_cut,200335.0,,,24105.0,24960.5827820458,0.0,159.41109224618347
202,post_10pct,20136.0,1.7812855730880983e-05,0.4000000000014552,2666.0,2851.2155012126163,0.0,48.03596770946049
202,post_1pct,2008.0,7.048434054013342e-05,0.8400000000001455,151.0,159.82972063488904,0.0,10.959997969560625
203,pre_cut,200084.0,,,24435.0,24849.52473488155,0.0,159.56260611859582
203,post_10pct,19955.0,1.7812855730880983e-05,0.4000000000014552,2654.0,2774.622630059004,0.0,47.25669635937641
203,post_1pct,2017.0,7.048434054013342e-05,0.8400000000001455,154.0,160.28609315722963,0.0,11.050086151524555
204,pre_cut,199648.0,,,24023.0,24752.47739181443,0.0,158.98200100219086
204,post_10pct,20028.0,1.7812855730880983e-05,0.4000000000014552,2634.0,2762.750609106224,0.0,46.94096034071106
204,post_1pct,2061.0,7.048434054013342e-05,0.8400000000001455,150.0,156.0677572398401,0.0,10.747581012918147
205,pre_cut,200428.0,,,24601.0,24985.97003837221,0.0,159.53225607241862
205,post_10pct,19953.0,1.7812855730880983e-05,0.4000000000014552,2701.0,2867.9406792016625,0.0,48.470035708716466
205,post_1pct,1970.0,7.048434054013342e-05,0.8400000000001455,177.0,146.7696330926084,1.8012184865449898,10.494069011336082
206,pre_cut,200116.0,,,24143.0,24864.393040439245,0.0,159.35220073938734
206,post_10pct,19946.0,1.7812855730880983e-05,0.4000000000014552,2727.0,2779.275773115807,0.0,47.32765701643538
206,post_1pct,1975.0,7.048434054013342e-05,0.8400000000001455,166.0,150.25302196977623,0.9520858243098808,10.509462986902715
207,pre_cut,199925.0,,,24001.0,24944.18768461302,0.0,159.67807997403747
207,post_10pct,20174.0,1.7812855730880983e-05,0.4000000000014552,2746.0,2755.9015790162866,0.0,46.89054389011457
207,post_1pct,2039.0,7.048434054013342e-05,0.8400000000001455,130.0,157.01770487781852,0.0,10.778278065056465
208,pre_cut,200032.0,,,24098.0,24867.44963044767,0.0,159.2446938013421
208,post_10pct,19918.0,1.7812855730880983e-05,0.4000000000014552,2712.0,2737.635804471236,0.0,46.73115180113304
208,post_1pct,2022.0,7.048434054013342e-05,0.8400000000001455,173.0,158.6617067160283,0.8457901047816893,10.81618015644206
209,pre_cut,200489.0,,,24092.0,25049.459859196428,0.0,160.02562738057603
209,post_10pct,20038.0,1.7812855730880983e-05,0.4000000000014552,2623.0,2721.719876006332,0.0,46.36069803146851
209,post_1pct,2006.0,7.048434054013342e-05,0.8400000000001455,134.0,131.15015849421908,0.19004112769818765,9.563315285242382
210,pre_cut,200024.0,,,24285.0,24910.265641270744,0.0,159.32861235824885
210,post_10pct,19680.0,1.7812855730880983e-05,0.4000000000014552,2729.0,2628.1598868481324,1.459255981764246,45.399574210581974
210,post_1pct,1979.0,7.048434054013342e-05,0.8400000000001455,,,,
211,pre_cut,199548.0,,,23828.0,24959.625174447552,0.0,160.06591104467546
211,post_10pct,19792.0,1.7812855730880983e-05,0.4000000000014552,2693.0,2759.5196553020096,0.0,46.97358419413007
211,post_1pct,2005.0,7.048434054013342e-05,0.8400000000001455,185.0,156.91192095007847,1.619861894998757,10.971386488948582
212,pre_cut,199910.0,,,24247.0,24676.441890977374,0.0,158.80416398431393
212,post_10pct,19614.0,1.7812855730880983e-05,0.4000000000014552,2599.0,2525.235619648351,1.0944313083683446,44.215236169721855
212,post_1pct,1895.0,7.048434054013342e-05,0.8400000000001455,134.0,130.92547655965438,0.2033641770843647,9.75340933891874
213,pre_cut,199807.0,,,24060.0,24676.442170232418,0.0,158.4590812504684
213,post_10pct,19883.0,1.7812855730880983e-05,0.4000000000014552,2720.0,2679.9449260093184,0.5758993493987912,46.07714515698144
213,post_1pct,1951.0,7.048434054013342e-05,0.8400000000001455,168.0,149.9479019497707,1.0802550180351522,10.689763064507288
214,pre_cut,199847.0,,,23958.0,25061.182708766657,0.0,159.80555356798536
214,post_10pct,19986.0,1.7812855730880983e-05,0.4000000000014552,2779.0,2744.172869219022,0.4947022113421334,46.71163376469271
214,post_1pct,1972.0,7.048434054013342e-05,0.8400000000001455,156.0,156.51043076182663,0.0,10.848428339318412
215,pre_cut,199815.0,,,24282.0,24708.879074572797,0.0,158.5510453090148
215,post_10pct,19794.0,1.7812855730880983e-05,0.4000000000014552,2716.0,2695.70278381195,0.2911152939460174,46.34602979037006
215,post_1pct,2119.0,7.048434054013342e-05,0.8400000000001455,161.0,158.6155050318913,0.143560586896601,10.738616437279454
216,pre_cut,200146.0,,,24340.0,24863.746620326965,0.0,159.44044208858344
216,post_10pct,19796.0,1.7812855730880983e-05,0.4000000000014552,2713.0,2710.355529583566,0.037878041710430375,46.492434354535824
216,post_1pct,2023.0,7.048434054013342e-05,0.8400000000001455,166.0,138.50801576439062,1.717722948399432,9.804094464331556
217,pre_cut,198703.0,,,23920.0,24570.241237473063,0.0,158.0449956000511
217,post_10pct,19776.0,1.7812855730880983e-05,0.4000000000014552,2714.0,2640.2138966109187,1.066384438209854,45.65252702062066
217,post_1pct,2006.0,7.048434054013342e-05,0.8400000000001455,155.0,147.9820790384215,0.43385599138612757,10.389539305237088
218,pre_cut,199634.0,,,24177.0,24865.288066543857,0.0,159.45092349258596
218,post_10pct,19520.0,1.7812855730880983e-05,0.4000000000014552,2661.0,2670.9474930461265,0.0,46.08524290034063
218,post_1pct,1993.0,7.048434054013342e-05,0.8400000000001455,146.0,161.12027546962025,0.0,10.912972118454162
219,pre_cut,200366.0,,,24485.0,24872.06600143251,0.0,159.41621999604757
219,post_10pct,19928.0,1.7812855730880983e-05,0.4000000000014552,2784.0,2745.6172531292996,0.5437166164100625,46.95206533666657
219,post_1pct,1966.0,7.048434054013342e-05,0.8400000000001455,,,,
220,pre_cut,199710.0,,,24161.0,24868.40109429989,0.0,159.18375541395878
220,post_10pct,19800.0,1.7812855730880983e-05,0.4000000000014552,2733.0,2671.4310646162485,0.885742966817554,45.90813395162357
220,post_1pct,1998.0,7.048434054013342e-05,0.8400000000001455,163.0,159.39863726121496,0.2143245608530562,10.952233396837164
221,pre_cut,199545.0,,,24194.0,24689.94799112887,0.0,158.28862422750223
221,post_10pct,20068.0,1.7812855730880983e-05,0.4000000000014552,2765.0,2672.9314718463943,1.3202486774161726,45.947872530610894
221,post_1pct,2058.0,7.048434054013342e-05,0.8400000000001455,162.0,150.21311895812192,0.7223792104083696,10.323890648279626
222,pre_cut,199766.0,,,23960.0,24991.909323041466,0.0,159.86994813327183
222,post_10pct,20061.0,1.7812855730880983e-05,0.4000000000014552,2755.0,2756.17154078479,0.0,46.841581269053705
222,post_1pct,2021.0,7.048434054013342e-05,0.8400000000001455,166.0,154.2609086984773,0.7067002900925307,10.58912425351971
223,pre_cut,200523.0,,,24279.0,24815.35625509943,0.0,159.12710450509024
223,post_10pct,19800.0,1.7812855730880983e-05,0.4000000000014552,2749.0,2718.2929950886632,0.4381087536273656,46.55929530733081
223,post_1pct,2037.0,7.048434054013342e-05,0.8400000000001455,143.0,164.92896814685542,0.0,11.160759065921205
224,pre_cut,199680.0,,,23968.0,24716.712377506024,0.0,158.74194425242814
224,post_10pct,19880.0,1.7812855730880983e-05,0.4000000000014552,2698.0,2638.3292054200365,0.8640721635634432,45.60137456635716
224,post_1pct,2046.0,7.048434054013342e-05,0.8400000000001455,172.0,148.0052727082201,1.4548286133706523,10.243927016137047
225,pre_cut,200291.0,,,24151.0,24821.108979712168,0.0,158.9976939179537
225,post_10pct,20170.0,1.7812855730880983e-05,0.4000000000014552,2807.0,2731.8092042312464,1.0669450013376152,46.582240130671366
225,post_1pct,2023.0,7.048434054013342e-05,0.8400000000001455,172.0,144.67185259825277,1.6646633431200641,10.152971544159863
226,pre_cut,199981.0,,,24228.0,24738.543003290317,0.0,158.96697838351926
226,post_10pct,19978.0,1.7812855730880983e-05,0.4000000000014552,2781.0,2739.4313257620165,0.5903371653708473,46.72224613961296
226,post_1pct,1948.0,7.048434054013342e-05,0.8400000000001455,145.0,135.98671551426736,0.5838543939336358,9.75517062073209
227,pre_cut,199440.0,,,24132.0,25028.53861498621,0.0,160.0024788665879
227,post_10pct,19794.0,1.7812855730880983e-05,0.4000000000014552,2726.0,2728.4107511667335,0.0,46.72438314078685
227,post_1pct,1957.0,7.048434054013342e-05,0.8400000000001455,,,,
228,pre_cut,200431.0,,,24403.0,24869.565218452793,0.0,159.3674376721534
228,post_10pct,19762.0,1.7812855730880983e-05,0.4000000000014552,2763.0,2671.329339994861,1.3116241838686524,46.1980998429454
228,post_1pct,1962.0,7.048434054013342e-05,0.8400000000001455,144.0,143.8719720923519,0.008125115127445046,10.213145725802981
229,pre_cut,200935.0,,,24511.0,24923.544801236287,0.0,159.42854164228225
229,post_10pct,19792.0,1.7812855730880983e-05,0.4000000000014552,2809.0,2701.374828026204,1.528399811911256,46.520165452002
229,post_1pct,2077.0,7.048434054013342e-05,0.8400000000001455,165.0,155.42151708639295,0.5740243600994942,10.730223887910478
230,pre_cut,199337.0,,,24298.0,24657.56310927806,0.0,158.47118967335481
230,post_10pct,20031.0,1.7812855730880983e-05,0.4000000000014552,2713.0,2727.44734261511,0.0,46.52279511350097
230,post_1pct,1921.0,7.048434054013342e-05,0.8400000000001455,167.0,153.95784763272974,0.7768348787984856,10.817983128899163
231,pre_cut,200166.0,,,23945.0,24936.722213622576,0.0,159.75302316071927
231,post_10pct,19730.0,1.7812855730880983e-05,0.4000000000014552,2674.0,2663.0770575517445,0.15813096791159562,45.81420740758738
231,post_1pct,2012.0,7.048434054013342e-05,0.8400000000001455,157.0,133.9348289453474,1.4703161448765119,9.692387197433028
232,pre_cut,199950.0,,,23942.0,24846.95935354948,0.0,159.06814739442729
232,post_10pct,19877.0,1.7812855730880983e-05,0.4000000000014552,2745.0,2704.2249593865527,0.5826979923919389,46.445934859518154
232,post_1pct,2000.0,7.048434054013342e-05,0.8400000000001455,148.0,143.13144556726144,0.3099126774054152,9.989051514000977
233,pre_cut,200672.0,,,24396.0,24885.828341848883,0.0,159.2778668882718
233,post_10pct,19877.0,1.7812855730880983e-05,0.4000000000014552,2748.0,2709.3030496960155,0.5525048638773495,46.50508679051688
233,post_1pct,2001.0,7.048434054013342e-05,0.8400000000001455,175.0,159.8047883136563,0.8859831191874343,11.030200186595186
234,pre_cut,199770.0,,,24394.0,24705.499601357114,0.0,158.59472031770096
234,post_10pct,19920.0,1.7812855730880983e-05,0.4000000000014552,2808.0,2714.2994726392803,1.3314906113182656,46.447459065897576
234,post_1pct,2035.0,7.048434054013342e-05,0.8400000000001455,,,,
235,pre_cut,199683.0,,,24201.0,24751.546111039694,0.0,158.6635568418828
235,post_10pct,19883.0,1.7812855730880983e-05,0.4000000000014552,2772.0,2665.7535734780827,1.5231951952213423,45.91847513496238
235,post_1pct,1990.0,7.048434054013342e-05,0.8400000000001455,144.0,146.25372261269877,0.0,10.25644098602769
236,pre_cut,199804.0,,,24104.0,24634.462231573696,0.0,158.88723642776623
236,post_10pct,19733.0,1.7812855730880983e-05,0.4000000000014552,2705.0,2644.8755565177653,0.868291934190544,45.8059783411842
236,post_1pct,1925.0,7.048434054013342e-05,0.8400000000001455,143.0,136.55152330836245,0.4119562224093653,10.153865335564804
237,pre_cut,199430.0,,,24234.0,24799.54978165958,0.0,159.56015197448627
237,post_10pct,19702.0,1.7812855730880983e-05,0.4000000000014552,2680.0,2778.722958812252,0.0,47.41942623133602
237,post_1pct,2049.0,7.048434054013342e-05,0.8400000000001455,162.0,153.53479411405283,0.5106897238528648,10.688411537928202
238,pre_cut,200919.0,,,24112.0,24994.258966917543,0.0,159.57736028691065
238,post_10pct,20024.0,1.7812855730880983e-05,0.4000000000014552,2708.0,2690.3429948309454,0.25403035501485655,46.106031460881375
238,post_1pct,2010.0,7.048434054013342e-05,0.8400000000001455,166.0,137.10277442956627,1.8127456807471567,9.7210524486366
239,pre_cut,199239.0,,,24006.0,24639.17687721215,0.0,158.30584342463146
239,post_10pct,19733.0,1.7812855730880983e-05,0.4000000000014552,2708.0,2652.6403706978635,0.7981700320825245,45.93682250270129
239,post_1pct,2007.0,7.048434054013342e-05,0.8400000000001455,158.0,157.7647482435816,0.014060853489322614,11.043598483994513
240,pre_cut,199653.0,,,24260.0,24621.486763870347,0.0,158.03905295315892
240,post_10pct,20036.0,1.7812855730880983e-05,0.4000000000014552,2779.0,2574.294394794936,2.9796191542055923,44.42906267189344
240,post_1pct,1970.0,7.048434054013342e-05,0.8400000000001455,,,,
241,pre_cut,199545.0,,,24076.0,24884.056208082126,0.0,159.41051228591647
241,post_10pct,19751.0,1.7812855730880983e-05,0.4000000000014552,2709.0,2676.5777734399353,0.46661986485067436,46.08044179065405
241,post_1pct,2003.0,7.048434054013342e-05,0.8400000000001455,154.0,137.7753085237473,1.026708100530396,9.945107725828091
242,pre_cut,199707.0,,,24539.0,24632.756020964436,0.0,158.60076569761375
242,post_10pct,20018.0,1.7812855730880983e-05,0.4000000000014552,2792.0,2707.57830765196,1.2025325280339492,46.34993018053388
242,post_1pct,2006.0,7.048434054013342e-05,0.8400000000001455,154.0,150.28311992841122,0.22785256977092527,10.617370223170504
243,pre_cut,199963.0,,,24058.0,24845.297185210373,0.0,158.98623304576805
243,post_10pct,20056.0,1.7812855730880983e-05,0.4000000000014552,2614.0,2667.4775850872447,0.0,45.6823978321165
243,post_1pct,1939.0,7.048434054013342e-05,0.8400000000001455,135.0,149.0352479372192,0.0,10.591594655249105
244,pre_cut,199055.0,,,23974.0,24691.788012455858,0.0,158.22100942211367
244,post_10pct,19968.0,1.7812855730880983e-05,0.4000000000014552,2734.0,2682.5640748894616,0.7394981975381616,45.94885799580832
244,post_1pct,1952.0,7.048434054013342e-05,0.8400000000001455,162.0,140.48982531864186,1.3401460845909752,9.998893207473593
245,pre_cut,200176.0,,,24176.0,24844.40479679395,0.0,159.3296485559577
245,post_10pct,20042.0,1.7812855730880983e-05,0.4000000000014552,2708.0,2752.229013066294,0.0,46.77228942281493
245,post_1pct,2079.0,7.048434054013342e-05,0.8400000000001455,157.0,168.04252806145587,0.0,11.383285778382634
246,pre_cut,199953.0,,,24160.0,24709.612070181236,0.0,158.5821293906286
246,post_10pct,20011.0,1.7812855730880983e-05,0.4000000000014552,2798.0,2662.3327568522054,1.9434323691421678,45.77056724281524
246,post_1pct,2054.0,7.048434054013342e-05,0.8400000000001455,165.0,136.24903408060788,1.806539462407035,9.723385709455178
247,pre_cut,199538.0,,,24298.0,24714.730022308406,0.0,158.79905111004146
247,post_10pct,19688.0,1.7812855730880983e-05,0.4000000000014552,2676.0,2672.29892364794,0.05346438149046261,46.00680210698349
247,post_1pct,1971.0,7.048434054013342e-05,0.8400000000001455,151.0,143.53070413975445,0.46910487507864923,10.19439421067629
248,pre_cut,199956.0,,,24313.0,24732.629465176746,0.0,159.02649682339552
248,post_10pct,19831.0,1.7812855730880983e-05,0.4000000000014552,2757.0,2750.25614792652,0.09581352044853488,46.88259706763138
248,post_1pct,1933.0,7.048434054013342e-05,0.8400000000001455,,,,
249,pre_cut,200103.0,,,24038.0,24995.956446289587,0.0,159.7950196335581
249,post_10pct,20012.0,1.7812855730880983e-05,0.4000000000014552,2755.0,2731.628067896564,0.3329504192565341,46.644669467026766
249,post_1pct,1992.0,7.048434054013342e-05,0.8400000000001455,164.0,159.30871691082933,0.27952897460897175,10.884598942378869
250,pre_cut,199799.0,,,24299.0,24652.51967352874,0.0,158.80124701379333
250,post_10pct,20066.0,1.7812855730880983e-05,0.4000000000014552,2824.0,2742.051078441854,1.1582370412896599,46.83083377064144
250,post_1pct,1992.0,7.048434054013342e-05,0.8400000000001455,164.0,149.4778049840537,0.8876012400553261,10.322997253400734
251,pre_cut,200161.0,,,24301.0,24860.745587617675,0.0,159.17245693782405
251,post_10pct,20118.0,1.7812855730880983e-05,0.4000000000014552,2837.0,2720.684754711915,1.6479578745822083,46.48715895867238
251,post_1pct,2005.0,7.048434054013342e-05,0.8400000000001455,169.0,159.7606998830027,0.5420306088225482,11.09106889256377
252,pre_cut,200741.0,,,24018.0,24967.03543573648,0.0,159.74409250423597
252,post_10pct,19965.0,1.7812855730880983e-05,0.4000000000014552,2672.0,2715.4400516618343,0.0,46.319407571
252,post_1pct,1929.0,7.048434054013342e-05,0.8400000000001455,130.0,155.80423623095393,0.0,10.876868761925836
253,pre_cut,200863.0,,,24028.0,24925.093621835942,0.0,159.27176935453102
253,post_10pct,20006.0,1.7812855730880983e-05,0.4000000000014552,2695.0,2711.979508151402,0.0,46.203784937235945
253,post_1pct,1879.0,7.048434054013342e-05,0.8400000000001455,128.0,141.11771802683074,0.0,10.162685734939704
254,pre_cut,200277.0,,,24406.0,24913.35542364583,0.0,159.68113095941436
254,post_10pct,19711.0,1.7812855730880983e-05,0.4000000000014552,2812.0,2621.208364930466,2.7364740223958055,45.56918773860373
254,post_1pct,1950.0,7.048434054013342e-05,0.8400000000001455,153.0,162.210800281542,0.0,11.12550488245862
255,pre_cut,200147.0,,,24245.0,24881.114361554755,0.0,159.23294093654187
255,post_10pct,19752.0,1.7812855730880983e-05,0.4000000000014552,2745.0,2641.568179462497,1.4922328331656742,45.546199459171376
255,post_1pct,1931.0,7.048434054013342e-05,0.8400000000001455,152.0,151.39873678940944,0.03699504403649494,10.594748160375746
256,pre_cut,199608.0,,,24022.0,24759.72650882978,0.0,158.9874407575612
256,post_10pct,19735.0,1.7812855730880983e-05,0.4000000000014552,2766.0,2580.8637085182427,2.6875005224815216,44.809591786903624
256,post_1pct,1988.0,7.048434054013342e-05,0.8400000000001455,157.0,145.53926133774024,0.7097255713088102,10.291049623513219
257,pre_cut,200058.0,,,24022.0,24721.33363349495,0.0,158.357817977696
257,post_10pct,20045.0,1.7812855730880983e-05,0.4000000000014552,2774.0,2614.839148880416,2.3028875665711213,45.02480743931445
257,post_1pct,1957.0,7.048434054013342e-05,0.8400000000001455,166.0,140.08184664995045,1.6032658332587095,10.026488344618024
258,pre_cut,199820.0,,,24063.0,28644.09310441953,0.0,184.9754297755619
258,post_10pct,19979.0,1.7812855730880983e-05,0.4000000000014552,2736.0,2675.5272093821486,0.8707371594857677,45.783716644028516
258,post_1pct,1964.0,7.048434054013342e-05,0.8400000000001455,151.0,151.06071549411217,0.0,10.56861176928999
259,pre_cut,200457.0,,,24335.0,24818.51318417379,0.0,159.27761864751298
259,post_10pct,20002.0,1.7812855730880983e-05,0.4000000000014552,2680.0,2680.4739051666215,0.0,45.92672621163866
259,post_1pct,1990.0,7.048434054013342e-05,0.8400000000001455,174.0,159.00961851469052,0.8789883907603263,10.9284031139019
260,pre_cut,200030.0,,,23894.0,24823.56308948291,0.0,159.10449815764755
260,post_10pct,19932.0,1.7812855730880983e-05,0.4000000000014552,2712.0,2830.2360904833918,0.0,47.80929979126093
260,post_1pct,1970.0,7.048434054013342e-05,0.8400000000001455,146.0,142.34535182368597,0.23088981439702178,10.255994171551073
261,pre_cut,200266.0,,,24267.0,24853.263844440145,0.0,159.00130645117272
261,post_10pct,19807.0,1.7812855730880983e-05,0.4000000000014552,2749.0,2626.51109942308,1.7718559323434953,45.2590998446841
261,post_1pct,2022.0,7.048434054013342e-05,0.8400000000001455,158.0,150.7844048104048,0.4414097267372787,10.513028294548516
262,pre_cut,199710.0,,,24247.0,24702.259969765906,0.0,158.68003975057
262,post_10pct,19762.0,1.7812855730880983e-05,0.4000000000014552,2701.0,2705.9232857965594,0.0,46.317920924055755
262,post_1pct,1924.0,7.048434054013342e-05,0.8400000000001455,178.0,153.82677618044465,1.4246531205247586,10.691324210844982
263,pre_cut,200683.0,,,24356.0,24862.96600534735,0.0,159.5480012640688
263,post_10pct,20019.0,1.7812855730880983e-05,0.4000000000014552,2720.0,2721.265500686404,0.0,46.39452927224924
263,post_1pct,2015.0,7.048434054013342e-05,0.8400000000001455,161.0,151.00433816773483,0.6105699025962763,10.436213798990524
264,pre_cut,199982.0,,,24094.0,24953.28035420947,0.0,159.62668867782074
264,post_10pct,19917.0,1.7812855730880983e-05,0.4000000000014552,2709.0,2673.837144678886,0.5067699875452373,45.939328215986805
264,post_1pct,2019.0,7.048434054013342e-05,0.8400000000001455,167.0,160.16604307911905,0.39946028662771055,11.254216919186012
265,pre_cut,200165.0,,,24281.0,24904.455753759954,0.0,159.72767791195616
265,post_10pct,19827.0,1.7812855730880983e-05,0.4000000000014552,2771.0,2611.7320136922744,2.3015265226867347,45.184737765330226
265,post_1pct,1951.0,7.048434054013342e-05,0.8400000000001455,171.0,132.52959141419188,2.39629836470146,9.73396382366584
266,pre_cut,199965.0,,,24124.0,24774.72681272243,0.0,158.7439504493063
266,post_10pct,19779.0,1.7812855730880983e-05,0.4000000000014552,2608.0,2664.3915860159973,0.0,45.81906915313901
266,post_1pct,1912.0,7.048434054013342e-05,0.8400000000001455,137.0,148.08858152438273,0.0,10.503022945022018
267,pre_cut,200664.0,,,23962.0,25098.326268378667,0.0,160.2921431126834
267,post_10pct,20066.0,1.7812855730880983e-05,0.4000000000014552,2693.0,2775.5704538576865,0.0,47.12361168769389
267,post_1pct,1970.0,7.048434054013342e-05,0.8400000000001455,139.0,154.06560959919494,0.0,10.839967124114189
268,pre_cut,200524.0,,,24382.0,24774.066342707665,0.0,159.09268660497054
268,post_10pct,19897.0,1.7812855730880983e-05,0.4000000000014552,2746.0,2695.0870479612176,0.7287355263196262,46.28308540005338
268,post_1pct,2041.0,7.048434054013342e-05,0.8400000000001455,161.0,160.1664170050479,0.04983723705271487,10.904409860220582
269,pre_cut,199591.0,,,24237.0,24554.918953614444,0.0,158.33212710350406
269,post_10pct,19597.0,1.7812855730880983e-05,0.4000000000014552,2681.0,2647.9687111404314,0.47901312912067706,45.59414335821275
269,post_1pct,1948.0,7.048434054013342e-05,0.8400000000001455,,,,
270,pre_cut,199603.0,,,24062.0,24764.48282492526,0.0,158.71340586883534
270,post_10pct,19837.0,1.7812855730880983e-05,0.4000000000014552,2719.0,2663.2722170267507,0.8030719542815387,45.872744931458044
270,post_1pct,2009.0,7.048434054013342e-05,0.8400000000001455,160.0,140.47303395366757,1.2211353928942632,9.983508139720067
271,pre_cut,199573.0,,,23860.0,24944.84886308253,0.0,159.78609130692385
271,post_10pct,19950.0,1.7812855730880983e-05,0.4000000000014552,2704.0,2763.8785533738974,0.0,46.99107649720308
271,post_1pct,1988.0,7.048434054013342e-05,0.8400000000001455,141.0,159.2553837576047,0.0,10.76918253336877
272,pre_cut,199660.0,,,23941.0,25031.38190733212,0.0,159.69490351090252
272,post_10pct,19782.0,1.7812855730880983e-05,0.4000000000014552,2706.0,2653.0559815366714,0.7650723325913865,45.720752899554974
272,post_1pct,1982.0,7.048434054013342e-05,0.8400000000001455,143.0,142.3997140519943,0.038542151621396986,9.984703562338662
273,pre_cut,199670.0,,,24233.0,24803.738459245113,0.0,159.20245904745877
273,post_10pct,19811.0,1.7812855730880983e-05,0.4000000000014552,2627.0,2759.691526503607,0.0,46.93504409740463
273,post_1pct,1988.0,7.048434054013342e-05,0.8400000000001455,140.0,160.6244570726965,0.0,11.055956004984127
274,pre_cut,199983.0,,,24010.0,24811.38731895652,0.0,159.00071974395584
274,post_10pct,20021.0,1.7812855730880983e-05,0.4000000000014552,2657.0,2769.736746167265,0.0,46.89365460643094
274,post_1pct,1963.0,7.048434054013342e-05,0.8400000000001455,146.0,162.50711763560287,0.0,11.034109644355402
275,pre_cut,199629.0,,,24265.0,24692.06254222835,0.0,158.78182939851192
275,post_10pct,19758.0,1.7812855730880983e-05,0.4000000000014552,2696.0,2579.9423251201843,1.6975402157182844,44.67764629767899
275,post_1pct,1909.0,7.048434054013342e-05,0.8400000000001455,153.0,125.35360713497829,1.8069937448484072,9.332579392274587
276,pre_cut,199993.0,,,24050.0,24931.888194507497,0.0,159.70642013305758
276,post_10pct,19699.0,1.7812855730880983e-05,0.4000000000014552,2662.0,2661.795214196822,0.0029661261143302965,45.87762695702473
276,post_1pct,1991.0,7.048434054013342e-05,0.8400000000001455,164.0,140.56157123137842,1.455279298370404,10.00745057574219
277,pre_cut,199373.0,,,23954.0,24831.88534611313,0.0,159.3081346470079
277,post_10pct,19819.0,1.7812855730880983e-05,0.4000000000014552,2666.0,2776.661765962055,0.0,47.4158188565951
277,post_1pct,2036.0,7.048434054013342e-05,0.8400000000001455,156.0,150.78608522532343,0.31912546915627693,10.57569179594339
278,pre_cut,199135.0,,,23952.0,24533.516058634916,0.0,158.13842775303226
278,post_10pct,19595.0,1.7812855730880983e-05,0.4000000000014552,2707.0,2602.7120153578035,1.5143559652348109,45.28368505982595
278,post_1pct,2006.0,7.048434054013342e-05,0.8400000000001455,,,,
279,pre_cut,199649.0,,,24117.0,24796.624110035704,0.0,159.00166426717334
279,post_10pct,20144.0,1.7812855730880983e-05,0.4000000000014552,2659.0,2701.243017096883,0.0,46.15376246054439
279,post_1pct,2066.0,7.048434054013342e-05,0.8400000000001455,164.0,144.8596406192672,1.1845682317291504,10.055221956825815
280,pre_cut,200542.0,,,24131.0,24711.26317231023,0.0,158.47568390882498
280,post_10pct,20040.0,1.7812855730880983e-05,0.4000000000014552,2693.0,2725.842357319754,0.0,46.424584409317895
280,post_1pct,1963.0,7.048434054013342e-05,0.8400000000001455,161.0,149.87523765818185,0.6771740268287242,10.529692334906443
281,pre_cut,199858.0,,,24228.0,24890.338681427827,0.0,159.1261468320283
281,post_10pct,19981.0,1.7812855730880983e-05,0.4000000000014552,2664.0,2821.341254952657,0.0,47.75899192084399
281,post_1pct,1982.0,7.048434054013342e-05,0.8400000000001455,169.0,136.0839702683111,2.0462183816496955,9.830584721396765
282,pre_cut,200100.0,,,23953.0,24973.734853494396,0.0,159.6156803784111
282,post_10pct,19848.0,1.7812855730880983e-05,0.4000000000014552,2764.0,2735.633187555817,0.40364642586327293,46.67593595045639
282,post_1pct,2051.0,7.048434054013342e-05,0.8400000000001455,162.0,156.67089351005913,0.3214895746905731,10.665814727977452
283,pre_cut,199932.0,,,23904.0,24980.44069742346,0.0,159.4611520217147
283,post_10pct,19974.0,1.7812855730880983e-05,0.4000000000014552,2677.0,2732.1496921688213,0.0,46.60613828469988
283,post_1pct,2104.0,7.048434054013342e-05,0.8400000000001455,178.0,145.56586716120756,1.9694260039027682,10.019752731779697
284,pre_cut,199805.0,,,24179.0,24743.328189679378,0.0,158.83810013944867
284,post_10pct,20004.0,1.7812855730880983e-05,0.4000000000014552,2718.0,2728.2321994924896,0.0,46.63730065896723
284,post_1pct,1983.0,7.048434054013342e-05,0.8400000000001455,138.0,142.08123024374245,0.0,10.02646554879783
285,pre_cut,199632.0,,,24348.0,24831.982815810312,0.0,159.2727440936547
285,post_10pct,19856.0,1.7812855730880983e-05,0.4000000000014552,2706.0,2731.5863190991267,0.0,46.655863612998246
285,post_1pct,2006.0,7.048434054013342e-05,0.8400000000001455,,,,
286,pre_cut,199994.0,,,24192.0,24864.499536720185,0.0,159.5457091382282
286,post_10pct,19785.0,1.7812855730880983e-05,0.4000000000014552,2655.0,2787.3394357662564,0.0,47.43481789993319
286,post_1pct,1995.0,7.048434054013342e-05,0.8400000000001455,160.0,154.63375798137955,0.3233193675466674,10.787513064486719
287,pre_cut,199916.0,,,24252.0,24832.41930613415,0.0,159.38818735974198
287,post_10pct,19830.0,1.7812855730880983e-05,0.4000000000014552,2793.0,2677.0093709945486,1.6576571126307456,46.03952602321933
287,post_1pct,1986.0,7.048434054013342e-05,0.8400000000001455,160.0,157.6024179973598,0.14275829429474268,11.064414831382905
288,pre_cut,199354.0,,,24443.0,24730.32931664317,0.0,158.7451845929083
288,post_10pct,19666.0,1.7812855730880983e-05,0.4000000000014552,2763.0,2674.3929801474787,1.2683978340938284,46.144531910450006
288,post_1pct,1949.0,7.048434054013342e-05,0.8400000000001455,,,,
289,pre_cut,199552.0,,,24077.0,24779.539920080595,0.0,159.26581458265517
289,post_10pct,19708.0,1.7812855730880983e-05,0.4000000000014552,2698.0,2655.5599512487424,0.613599501301735,45.73785639858582
289,post_1pct,1987.0,7.048434054013342e-05,0.8400000000001455,146.0,161.29700215466423,0.0,11.076897683731055
290,pre_cut,199747.0,,,24017.0,24841.97272221691,0.0,159.75573089572464
290,post_10pct,19777.0,1.7812855730880983e-05,0.4000000000014552,2724.0,2575.267901445901,2.165816475929958,44.8792184714473
290,post_1pct,2031.0,7.048434054013342e-05,0.8400000000001455,155.0,148.77763910200983,0.38538267640921375,10.33816526405504
291,pre_cut,199755.0,,,24101.0,24891.958666989078,0.0,159.25708659819833
291,post_10pct,19893.0,1.7812855730880983e-05,0.4000000000014552,2624.0,2714.169148473223,0.0,46.51386619402963
291,post_1pct,2021.0,7.048434054013342e-05,0.8400000000001455,167.0,153.85128397885472,0.7845678684057323,10.774989098199418
292,pre_cut,199963.0,,,24177.0,24798.297050163834,0.0,159.00521072205322
292,post_10pct,19961.0,1.7812855730880983e-05,0.4000000000014552,2745.0,2744.260484168002,0.010521927155245846,46.84914007699447
292,post_1pct,1951.0,7.048434054013342e-05,0.8400000000001455,163.0,150.79663860157285,0.7365796867213449,10.656643579094741
293,pre_cut,200097.0,,,23961.0,24762.926368479515,0.0,158.84527803336243
293,post_10pct,19772.0,1.7812855730880983e-05,0.4000000000014552,2620.0,2766.252254118803,0.0,47.18212430225884
293,post_1pct,2035.0,7.048434054013342e-05,0.8400000000001455,162.0,158.5182016769737,0.20758136426514207,10.950354981092511
294,pre_cut,199294.0,,,24196.0,24571.391563199904,0.0,158.3154320700945
294,post_10pct,19910.0,1.7812855730880983e-05,0.4000000000014552,2741.0,2767.5258964112845,0.0,47.1381277657081
294,post_1pct,1959.0,7.048434054013342e-05,0.8400000000001455,165.0,149.53905096280218,0.9348362812317348,10.54875462896716
295,pre_cut,200242.0,,,24383.0,24656.60858665985,0.0,158.5985294498345
295,post_10pct,19963.0,1.7812855730880983e-05,0.4000000000014552,2783.0,2709.327411319312,1.0497253600570076,46.3988308969019
295,post_1pct,1957.0,7.048434054013342e-05,0.8400000000001455,139.0,149.47626876468092,0.0,10.38362078207921
296,pre_cut,200815.0,,,24277.0,24756.95272318565,0.0,158.76060827531074
296,post_10pct,20012.0,1.7812855730880983e-05,0.4000000000014552,2747.0,2720.4103252517525,0.37995464400737516,46.41201777198939
296,post_1pct,1924.0,7.048434054013342e-05,0.8400000000001455,152.0,147.43570513018796,0.2822155679938902,10.504486086884944
297,pre_cut,200709.0,,,24341.0,24885.840785554334,0.0,159.4196916585893
297,post_10pct,20068.0,1.7812855730880983e-05,0.4000000000014552,2713.0,2708.886226391041,0.059044807413574055,46.27927338203177
297,post_1pct,1915.0,7.048434054013342e-05,0.8400000000001455,159.0,166.88784743161787,0.0,11.300213170057534
298,pre_cut,199579.0,,,24028.0,24835.2647871329,0.0,159.34854164553016
298,post_10pct,19953.0,1.7812855730880983e-05,0.4000000000014552,2734.0,2797.916373258985,0.0,47.46712752066914
298,post_1pct,2124.0,7.048434054013342e-05,0.8400000000001455,144.0,182.8413865079952,0.0,11.960815223509144
299,pre_cut,199467.0,,,24010.0,24742.18066894466,0.0,158.63017073963778
299,post_10pct,19840.0,1.7812855730880983e-05,0.4000000000014552,2729.0,2645.4677303852022,1.2038090208578938,45.800582803231656
299,post_1pct,1959.0,7.048434054013342e-05,0.8400000000001455,145.0,138.11102036579064,0.4436278934264295,9.874997956083918
300,pre_cut,200364.0,,,24277.0,24794.277616118,0.0,159.1312701033459
300,post_10pct,19951.0,1.7812855730880983e-05,0.4000000000014552,2727.0,2695.6873773642974,0.4491426909535668,46.235568494900754
300,post_1pct,1977.0,7.048434054013342e-05,0.8400000000001455,142.0,139.35386097765456,0.17003352364940122,10.03409874884303
301,pre_cut,200408.0,,,24378.0,24719.06685739589,0.0,158.78648430737698
301,post_10pct,19755.0,1.7812855730880983e-05,0.4000000000014552,2717.0,2643.7210392985326,1.059302194755135,45.595965339461245
301,post_1pct,2016.0,7.048434054013342e-05,0.8400000000001455,168.0,156.08230753531421,0.7130468533795613,10.657250428270949
302,pre_cut,200169.0,,,24352.0,24809.788480501174,0.0,158.95331028434322
302,post_10pct,19918.0,1.7812855730880983e-05,0.4000000000014552,2744.0,2717.770913891203,0.37477224627863015,46.45175058662164
302,post_1pct,1999.0,7.048434054013342e-05,0.8400000000001455,,,,
303,pre_cut,200700.0,,,24182.0,24966.96551972205,0.0,159.54365696492243
303,post_10pct,19917.0,1.7812855730880983e-05,0.4000000000014552,2767.0,2800.7106790687203,0.0,47.53953478878914
303,post_1pct,2018.0,7.048434054013342e-05,0.8400000000001455,171.0,162.59884808568214,0.4883902375930486,11.23320626539406
304,pre_cut,200267.0,,,24547.0,24884.080106158446,0.0,159.56237508965998
304,post_10pct,19894.0,1.7812855730880983e-05,0.4000000000014552,2732.0,2745.3569528995163,0.0,46.89515196809833
304,post_1pct,1959.0,7.048434054013342e-05,0.8400000000001455,165.0,135.78816230765477,1.8223773604219318,9.889589949853686
305,pre_cut,200101.0,,,24188.0,24719.9422153507,0.0,158.64282982107667
305,post_10pct,19927.0,1.7812855730880983e-05,0.4000000000014552,2712.0,2645.080048423931,0.9678388802055201,45.590904686043196
305,post_1pct,2053.0,7.048434054013342e-05,0.8400000000001455,189.0,154.43231281780047,2.0109347867800036,10.637555173640928
306,pre_cut,199576.0,,,23849.0,24904.853040153437,0.0,159.39167413216632
306,post_10pct,19991.0,1.7812855730880983e-05,0.4000000000014552,2671.0,2714.9382635532265,0.0,46.37949971139346
306,post_1pct,1984.0,7.048434054013342e-05,0.8400000000001455,142.0,142.46642769241203,0.0,10.11011219358869
307,pre_cut,200192.0,,,24317.0,24811.43311042802,0.0,159.0278372475971
307,post_10pct,19998.0,1.7812855730880983e-05,0.4000000000014552,2753.0,2686.139264236005,0.9595811644541289,45.951517503049246
307,post_1pct,2018.0,7.048434054013342e-05,0.8400000000001455,157.0,158.63399636708982,0.0,10.799645108595097
308,pre_cut,199929.0,,,24458.0,24878.827611611385,0.0,159.2257787520113
308,post_10pct,20030.0,1.7812855730880983e-05,0.4000000000014552,2700.0,2604.8715367377895,1.388532408160171,44.815238885313164
308,post_1pct,1997.0,7.048434054013342e-05,0.8400000000001455,,,,
309,pre_cut,200554.0,,,24391.0,24765.18300884711,0.0,158.5078362540517
309,post_10pct,19940.0,1.7812855730880983e-05,0.4000000000014552,2695.0,2732.405098185677,0.0,46.75382181716969
309,post_1pct,2013.0,7.048434054013342e-05,0.8400000000001455,,,,
310,pre_cut,200546.0,,,24367.0,24663.977208859487,0.0,158.43336820466445
310,post_10pct,19988.0,1.7812855730880983e-05,0.4000000000014552,2737.0,2733.4118731846447,0.05118005314262809,46.67553564136473
310,post_1pct,1970.0,7.048434054013342e-05,0.8400000000001455,162.0,160.3931656512347,0.0949469491791998,11.164437997006095
311,pre_cut,200204.0,,,24229.0,24986.714864511443,0.0,159.54469385772853
311,post_10pct,19771.0,1.7812855730880983e-05,0.4000000000014552,2726.0,2746.1920760669045,0.0,47.0642178149075
311,post_1pct,1940.0,7.048434054013342e-05,0.8400000000001455,165.0,162.73425022521872,0.13336302671177894,11.13550698915916
312,pre_cut,198894.0,,,24261.0,24615.019559172484,0.0,158.41508026120513
312,post_10pct,19604.0,1.7812855730880983e-05,0.4000000000014552,2656.0,2695.587181606176,0.0,46.34014120202503
312,post_1pct,1937.0,7.048434054013342e-05,0.8400000000001455,136.0,148.3328018099213,0.0,10.37951288124595
313,pre_cut,200492.0,,,24268.0,24859.165606448336,0.0,159.51849077466
313,post_10pct,19994.0,1.7812855730880983e-05,0.4000000000014552,2798.0,2795.4143045706796,0.036373830549649155,47.49369805496253
313,post_1pct,2008.0,7.048434054013342e-05,0.8400000000001455,162.0,144.4724655624399,1.0833236113529774,10.161287961394404
314,pre_cut,200007.0,,,24139.0,24686.74309194786,0.0,158.70579176786134
314,post_10pct,20068.0,1.7812855730880983e-05,0.4000000000014552,2737.0,2733.8974904473307,0.04434946292808308,46.446461554904126
314,post_1pct,1961.0,7.048434054013342e-05,0.8400000000001455,172.0,145.84386714546366,1.5733819823336956,10.44387106227427
315,pre_cut,199757.0,,,24035.0,24818.807462223107,0.0,159.45472808606308
315,post_10pct,20121.0,1.7812855730880983e-05,0.4000000000014552,2714.0,2679.283939592538,0.5002595438487152,45.89985931540178
315,post_1pct,1959.0,7.048434054013342e-05,0.8400000000001455,176.0,140.77692720848083,2.1456534621036765,10.036494584500778
316,pre_cut,199959.0,,,24268.0,24741.836643688337,0.0,159.0747247604054
316,post_10pct,19799.0,1.7812855730880983e-05,0.4000000000014552,2811.0,2696.0732463550457,1.6345311113776986,46.3536441439388
316,post_1pct,1959.0,7.048434054013342e-05,0.8400000000001455,174.0,154.64163628380987,1.1414332933255662,10.814124665265124
317,pre_cut,201099.0,,,24355.0,24825.23146444288,0.0,158.95257789880776
317,post_10pct,20044.0,1.7812855730880983e-05,0.4000000000014552,2706.0,2747.3633887177307,0.0,46.89011529508182
317,post_1pct,1940.0,7.048434054013342e-05,0.8400000000001455,147.0,147.51906933762427,0.0,10.469166112212916
318,pre_cut,200171.0,,,24112.0,24893.49719846347,0.0,159.25688326012846
318,post_10pct,20197.0,1.7812855730880983e-05,0.4000000000014552,2673.0,2704.396713611226,0.0,46.245188930485035
318,post_1pct,2074.0,7.048434054013342e-05,0.8400000000001455,173.0,158.9224364140014,0.8241749344768015,11.003487051211183
319,pre_cut,200860.0,,,24177.0,25055.60584539637,0.0,160.18959680044745
319,post_10pct,20114.0,1.7812855730880983e-05,0.4000000000014552,2784.0,2788.156011509338,0.0,47.20234792961635
319,post_1pct,2043.0,7.048434054013342e-05,0.8400000000001455,154.0,167.9518022346309,0.0,11.353094855175176
320,pre_cut,199325.0,,,24193.0,24711.664882705838,0.0,158.8391763651249
320,post_10pct,19651.0,1.7812855730880983e-05,0.4000000000014552,2810.0,2658.1306727003443,2.165338278388629,46.1507286938658
320,post_1pct,1880.0,7.048434054013342e-05,0.8400000000001455,155.0,148.80084292570885,0.3798567769178267,10.600186092800177
321,pre_cut,199630.0,,,24202.0,24723.053921659703,0.0,159.09603322636556
321,post_10pct,19971.0,1.7812855730880983e-05,0.4000000000014552,2776.0,2672.0944225189255,1.486691208481874,46.07827484240316
321,post_1pct,2030.0,7.048434054013342e-05,0.8400000000001455,149.0,154.85026743010562,0.0,10.697352709811653
322,pre_cut,199716.0,,,24227.0,24552.033854640882,0.0,158.2418302633561
322,post_10pct,19851.0,1.7812855730880983e-05,0.4000000000014552,2733.0,2569.0949574319475,2.3911294421713256,44.621152674931984
322,post_1pct,2052.0,7.048434054013342e-05,0.8400000000001455,146.0,163.8954805418138,0.0,11.084185763562562
323,pre_cut,199950.0,,,24383.0,24784.418890839886,0.0,158.7876404155739
323,post_10pct,19903.0,1.7812855730880983e-05,0.4000000000014552,2674.0,2610.576573119071,0.9257207595447171,45.04980779307021
323,post_1pct,1980.0,7.048434054013342e-05,0.8400000000001455,157.0,145.86445412857864,0.6901155757160929,10.270239010413077
324,pre_cut,199673.0,,,24259.0,24695.165486753096,0.0,158.85553137676834
324,post_10pct,19776.0,1.7812855730880983e-05,0.4000000000014552,2722.0,2732.813683821822,0.0,46.778956100555384
324,post_1pct,1978.0,7.048434054013342e-05,0.8400000000001455,165.0,155.14680743119914,0.5888161306616424,10.80259628873835
325,pre_cut,198798.0,,,23971.0,24588.40263730215,0.0,158.32234689987595
325,post_10pct,19778.0,1.7812855730880983e-05,0.4000000000014552,2709.0,2645.620540899503,0.9168968374855354,45.58818551391889
325,post_1pct,2042.0,7.048434054013342e-05,0.8400000000001455,166.0,168.06736733538128,0.0,11.24250421464952
326,pre_cut,200667.0,,,24348.0,25004.29525995501,0.0,159.84294065179262
326,post_10pct,19975.0,1.7812855730880983e-05,0.4000000000014552,2662.0,2776.7273994865845,0.0,47.11871803770443
326,post_1pct,1948.0,7.048434054013342e-05,0.8400000000001455,146.0,156.99191223670033,0.0,10.77870820656957
327,pre_cut,200125.0,,,24108.0,24879.141301035423,0.0,159.4572312989663
327,post_10pct,19792.0,1.7812855730880983e-05,0.4000000000014552,2646.0,2691.2446976097453,0.0,46.170495436745
327,post_1pct,2017.0,7.048434054013342e-05,0.8400000000001455,160.0,173.3434306974372,0.0,11.50646542918583
328,pre_cut,199650.0,,,24043.0,24814.03039866364,0.0,159.04981004283087
328,post_10pct,19903.0,1.7812855730880983e-05,0.4000000000014552,2725.0,2707.8176087827655,0.24616117590568534,46.363811842301956
328,post_1pct,1957.0,7.048434054013342e-05,0.8400000000001455,153.0,167.51772218129634,0.0,11.35400606306311
329,pre_cut,200001.0,,,24125.0,25007.804779726743,0.0,160.14910883612814
329,post_10pct,19877.0,1.7812855730880983e-05,0.4000000000014552,2688.0,2784.762480292806,0.0,47.312796647005726
329,post_1pct,2014.0,7.048434054013342e-05,0.8400000000001455,150.0,154.1086442769277,0.0,10.705493857232698
330,pre_cut,200080.0,,,24245.0,24934.427090741006,0.0,160.0240225013766
330,post_10pct,19695.0,1.7812855730880983e-05,0.4000000000014552,2735.0,2635.8156146596602,1.4292772128995488,45.76561130952972
330,post_1pct,2028.0,7.048434054013342e-05,0.8400000000001455,,,,
331,pre_cut,199842.0,,,24021.0,24881.890772319923,0.0,159.16269322475355
331,post_10pct,19958.0,1.7812855730880983e-05,0.4000000000014552,2657.0,2728.0918018783996,0.0,46.654051514438414
331,post_1pct,1991.0,7.048434054013342e-05,0.8400000000001455,177.0,143.7307497018901,2.01235284087445,10.153513495790017
332,pre_cut,200806.0,,,24289.0,25099.517033777098,0.0,160.38930150822728
332,post_10pct,19802.0,1.7812855730880983e-05,0.4000000000014552,2727.0,2680.1167614635615,0.6727485303477322,46.21663461716127
332,post_1pct,2007.0,7.048434054013342e-05,0.8400000000001455,162.0,168.5680356157244,0.0,11.547063746638276
333,pre_cut,200049.0,,,24045.0,24997.18138676676,0.0,159.87019419241386
333,post_10pct,19771.0,1.7812855730880983e-05,0.4000000000014552,2789.0,2745.550872651971,0.6152255478405422,46.95083917236693
333,post_1pct,1991.0,7.048434054013342e-05,0.8400000000001455,176.0,146.17748800633174,1.7978445977482955,10.253790073651553
334,pre_cut,199681.0,,,23891.0,24745.732638379966,0.0,158.782510106212
334,post_10pct,19787.0,1.7812855730880983e-05,0.4000000000014552,2659.0,2673.8077191571297,0.0,46.053328618222
334,post_1pct,2039.0,7.048434054013342e-05,0.8400000000001455,165.0,150.46799524971172,0.8812909144628974,10.470374391816422
335,pre_cut,199593.0,,,23861.0,24755.81480375879,0.0,158.69690125288832
335,post_10pct,19731.0,1.7812855730880983e-05,0.4000000000014552,2718.0,2757.728064496777,0.0,47.03611359460152
335,post_1pct,1962.0,7.048434054013342e-05,0.8400000000001455,153.0,159.7680807852664,0.0,10.996035325778836
336,pre_cut,200244.0,,,24258.0,24792.999137945455,0.0,158.80274912215037
336,post_10pct,20089.0,1.7812855730880983e-05,0.4000000000014552,2743.0,2676.8399509461397,0.9508369672929288,45.9128442609238
336,post_1pct,1982.0,7.048434054013342e-05,0.8400000000001455,154.0,144.5494700107212,0.5901334816200952,10.210531153868624
337,pre_cut,199967.0,,,24347.0,24873.73217910368,0.0,159.47135746467578
337,post_10pct,19869.0,1.7812855730880983e-05,0.4000000000014552,2749.0,2710.803971114752,0.5455477558031637,46.45647027686136
337,post_1pct,1905.0,7.048434054013342e-05,0.8400000000001455,137.0,156.8408893925258,0.0,10.992127616906371
338,pre_cut,200066.0,,,24165.0,24780.940961882843,0.0,158.8745285667736
338,post_10pct,19587.0,1.7812855730880983e-05,0.4000000000014552,2602.0,2678.0455841466455,0.0,46.155110132012375
338,post_1pct,1979.0,7.048434054013342e-05,0.8400000000001455,158.0,150.55840245384917,0.45410210932109474,10.57600019249501
339,pre_cut,200306.0,,,24185.0,24709.567240835582,0.0,158.56236658775967
339,post_10pct,19896.0,1.7812855730880983e-05,0.4000000000014552,2702.0,2610.5513115535205,1.3303688032721674,45.13018741465644
339,post_1pct,2036.0,7.048434054013342e-05,0.8400000000001455,136.0,145.33327283279073,0.0,10.346538536085495
340,pre_cut,200154.0,,,24605.0,24832.25910490499,0.0,159.27361199599432
340,post_10pct,19967.0,1.7812855730880983e-05,0.4000000000014552,2766.0,2673.2259770159844,1.3299474186732998,45.9708917165792
340,post_1pct,2081.0,7.048434054013342e-05,0.8400000000001455,,,,
341,pre_cut,199124.0,,,23907.0,24835.982623782,0.0,159.39885147050367
341,post_10pct,19702.0,1.7812855730880983e-05,0.4000000000014552,2684.0,2706.806803751796,0.0,46.4373533801795
341,post_1pct,1974.0,7.048434054013342e-05,0.8400000000001455,141.0,165.19579753762275,0.0,11.14208969387053
342,pre_cut,199964.0,,,24145.0,24875.860220503324,0.0,159.63615898718677
342,post_10pct,19871.0,1.7812855730880983e-05,0.4000000000014552,2732.0,2736.308089467606,0.0,46.87667436927915
342,post_1pct,1965.0,7.048434054013342e-05,0.8400000000001455,165.0,155.3792702457185,0.5767970873476842,10.720096138405301
343,pre_cut,199721.0,,,24147.0,24791.07957161481,0.0,158.90564452535273
343,post_10pct,19884.0,1.7812855730880983e-05,0.4000000000014552,2732.0,2675.749465252443,0.8093325334337564,45.89819060291254
343,post_1pct,1971.0,7.048434054013342e-05,0.8400000000001455,150.0,144.64380923694,0.33688708386538807,10.188359618184055
344,pre_cut,199553.0,,,24207.0,24762.272495489065,0.0,158.7935726439926
344,post_10pct,20001.0,1.7812855730880983e-05,0.4000000000014552,2768.0,2677.942055925724,1.2884078584665546,46.15538719740162
344,post_1pct,2103.0,7.048434054013342e-05,0.8400000000001455,179.0,158.70641768567515,1.179579966534341,10.973767091116795
345,pre_cut,200086.0,,,24238.0,24824.63872567551,0.0,159.2334426948574
345,post_10pct,19996.0,1.7812855730880983e-05,0.4000000000014552,2837.0,2788.346507449867,0.6826140026712394,47.42884082022922
345,post_1pct,1960.0,7.048434054013342e-05,0.8400000000001455,136.0,160.2994925807294,0.0,10.93053516759591
346,pre_cut,200078.0,,,24238.0,24607.48895686758,0.0,158.18279034867066
346,post_10pct,20014.0,1.7812855730880983e-05,0.4000000000014552,2784.0,2675.750023301045,1.5495630990594478,45.95353704902484
346,post_1pct,1987.0,7.048434054013342e-05,0.8400000000001455,169.0,156.32075913667728,0.7549280432925883,10.74097555157595
347,pre_cut,199616.0,,,24207.0,24784.136893858056,0.0,159.16533345919257
347,post_10pct,19883.0,1.7812855730880983e-05,0.4000000000014552,2726.0,2710.507887558195,0.22181795186329295,46.41089485027075
347,post_1pct,2002.0,7.048434054013342e-05,0.8400000000001455,150.0,155.24893187515215,0.0,10.57334126373361
348,pre_cut,200131.0,,,24157.0,24663.737844551637,0.0,158.44585369421173
348,post_10pct,19914.0,1.7812855730880983e-05,0.4000000000014552,2718.0,2714.116316296856,0.0556015457792418,46.49019801494801
348,post_1pct,2037.0,7.048434054013342e-05,0.8400000000001455,170.0,164.54331507148115,0.3169003363695857,11.283952381337105
349,pre_cut,199916.0,,,24285.0,24950.96802912701,0.0,159.55670173528932
349,post_10pct,20061.0,1.7812855730880983e-05,0.4000000000014552,2776.0,2811.3259140544014,0.0,47.628830127641656
349,post_1pct,1901.0,7.048434054013342e-05,0.8400000000001455,151.0,150.42618039096232,0.03539925548160457,10.576398702657862
350,pre_cut,200470.0,,,23825.0,24892.960162406154,0.0,159.39161430750536
350,post_10pct,20002.0,1.7812855730880983e-05,0.4000000000014552,2739.0,2741.7885966215467,0.0,46.82060257981521
350,post_1pct,2021.0,7.048434054013342e-05,0.8400000000001455,136.0,157.5180134032803,0.0,10.825243683261911
351,pre_cut,200124.0,,,24021.0,24931.71561600302,0.0,159.52634816663087
351,post_10pct,19876.0,1.7812855730880983e-05,0.4000000000014552,2739.0,2692.238879859644,0.6700959369113864,46.22896245497659
351,post_1pct,1967.0,7.048434054013342e-05,0.8400000000001455,134.0,141.3313443961452,0.0,9.90797900745746
352,pre_cut,199710.0,,,23884.0,25001.59394959465,0.0,159.65055392333468
352,post_10pct,20064.0,1.7812855730880983e-05,0.4000000000014552,2667.0,2783.4222855760336,0.0,47.328119973166
352,post_1pct,2028.0,7.048434054013342e-05,0.8400000000001455,172.0,163.35457684485877,0.5045060505200768,11.095464812858223
353,pre_cut,200387.0,,,24098.0,24806.197964779258,0.0,158.94196748368117
353,post_10pct,19886.0,1.7812855730880983e-05,0.4000000000014552,2753.0,2714.025588869721,0.5567232891783465,46.40431137236546
353,post_1pct,1988.0,7.048434054013342e-05,0.8400000000001455,163.0,156.93684726251394,0.36341927932995594,10.789081040820479
354,pre_cut,199794.0,,,24217.0,24629.81049655863,0.0,158.25185778083565
354,post_10pct,19855.0,1.7812855730880983e-05,0.4000000000014552,2755.0,2705.86045086371,0.702088103958541,46.37316989679915
354,post_1pct,2026.0,7.048434054013342e-05,0.8400000000001455,169.0,155.42954010181305,0.8079711677317268,10.747247059451496
355,pre_cut,199721.0,,,23917.0,24779.088719663625,0.0,159.05360401960954
355,post_10pct,19819.0,1.7812855730880983e-05,0.4000000000014552,2653.0,2738.0073193248045,0.0,46.77167956045206
355,post_1pct,1914.0,7.048434054013342e-05,0.8400000000001455,139.0,147.4748901916672,0.0,10.585450740111261
356,pre_cut,200043.0,,,24085.0,24855.09159991014,0.0,159.3454469802839
356,post_10pct,19809.0,1.7812855730880983e-05,0.4000000000014552,2722.0,2656.5684870983932,0.9424660438617072,45.90306684530638
356,post_1pct,1886.0,7.048434054013342e-05,0.8400000000001455,149.0,148.64688888220388,0.021800600755939956,10.649355002087118
357,pre_cut,199919.0,,,24215.0,24631.005282761278,0.0,158.05633889409322
357,post_10pct,20196.0,1.7812855730880983e-05,0.4000000000014552,2737.0,2749.398521905766,0.0,46.663559815071785
357,post_1pct,2010.0,7.048434054013342e-05,0.8400000000001455,144.0,152.2329786341857,0.0,10.45746022835988
358,pre_cut,199687.0,,,24191.0,24871.11249573644,0.0,159.64933243879406
358,post_10pct,19749.0,1.7812855730880983e-05,0.4000000000014552,2767.0,2643.527972374981,1.7742402503751002,45.75505019079061
358,post_1pct,1992.0,7.048434054013342e-05,0.8400000000001455,138.0,149.6854552559071,0.0,10.40808200043836
359,pre_cut,200916.0,,,24412.0,24905.100146744302,0.0,159.20022284690168
359,post_10pct,19887.0,1.7812855730880983e-05,0.4000000000014552,2765.0,2798.1046526193577,0.0,47.53662063113258
359,post_1pct,2030.0,7.048434054013342e-05,0.8400000000001455,161.0,156.51364008503532,0.27036929695910294,10.730445866713065
360,pre_cut,199995.0,,,24246.0,24840.745462815456,0.0,159.3889371769163
360,post_10pct,19503.0,1.7812855730880983e-05,0.4000000000014552,2687.0,2609.463981480778,1.1262890477357554,45.42262779437462
360,post_1pct,1989.0,7.048434054013342e-05,0.8400000000001455,148.0,159.22787860274167,0.0,10.902780059003483
361,pre_cut,200352.0,,,24127.0,25050.31998112551,0.0,159.96953264450912
361,post_10pct,19946.0,1.7812855730880983e-05,0.4000000000014552,2606.0,2689.012175509206,0.0,46.16311637761395
361,post_1pct,2007.0,7.048434054013342e-05,0.8400000000001455,167.0,139.96185787931577,1.6674218354138972,10.063389774298779
362,pre_cut,200311.0,,,24034.0,24985.16079609746,0.0,159.98509041563318
362,post_10pct,19853.0,1.7812855730880983e-05,0.4000000000014552,2727.0,2748.6096551468527,0.0,46.93369073616447
362,post_1pct,1987.0,7.048434054013342e-05,0.8400000000001455,158.0,147.17989626340278,0.6656957265241594,10.399780270010032
363,pre_cut,199871.0,,,24134.0,25020.976654816677,0.0,160.08684526337612
363,post_10pct,20004.0,1.7812855730880983e-05,0.4000000000014552,2733.0,2803.178106293489,0.0,47.50803418405633
363,post_1pct,1964.0,7.048434054013342e-05,0.8400000000001455,161.0,148.34434357077623,0.7758559651978857,10.367077564992227
364,pre_cut,199911.0,,,24171.0,24735.31718683515,0.0,158.76864347855224
364,post_10pct,19813.0,1.7812855730880983e-05,0.4000000000014552,2636.0,2688.604628212708,0.0,46.03090216547723
364,post_1pct,1895.0,7.048434054013342e-05,0.8400000000001455,146.0,146.3674865956191,0.0,10.563165519146166
365,pre_cut,200104.0,,,24193.0,24895.773014295504,0.0,159.548899071797
365,post_10pct,20006.0,1.7812855730880983e-05,0.4000000000014552,2753.0,2761.490465248089,0.0,46.99754645283758
365,post_1pct,2003.0,7.048434054013342e-05,0.8400000000001455,,,,
366,pre_cut,200459.0,,,24092.0,24904.874943303163,0.0,159.36298028852073
366,post_10pct,19905.0,1.7812855730880983e-05,0.4000000000014552,2741.0,2663.771728174496,1.1111164596217575,45.836697053934635
366,post_1pct,1985.0,7.048434054013342e-05,0.8400000000001455,164.0,154.18691533038134,0.5917912544426208,10.61905765476102
367,pre_cut,199899.0,,,23981.0,24986.63571538844,0.0,159.7886691996444
367,post_10pct,19732.0,1.7812855730880983e-05,0.4000000000014552,2682.0,2719.3993577348438,0.0,46.4742883311593
367,post_1pct,1953.0,7.048434054013342e-05,0.8400000000001455,163.0,157.42683650198387,0.3319416397660896,10.944989384146126
368,pre_cut,199381.0,,,24197.0,24796.72790199114,0.0,159.18722214139106
368,post_10pct,19600.0,1.7812855730880983e-05,0.4000000000014552,2685.0,2726.431197078321,0.0,46.73145418161204
368,post_1pct,1957.0,7.048434054013342e-05,0.8400000000001455,152.0,144.5530812054845,0.46558346530893086,10.257300769996554
369,pre_cut,200197.0,,,24423.0,24980.146363762018,0.0,159.51151215190873
369,post_10pct,20005.0,1.7812855730880983e-05,0.4000000000014552,2720.0,2763.538673714853,0.0,46.87877132343394
369,post_1pct,1902.0,7.048434054013342e-05,0.8400000000001455,159.0,139.8516041241601,1.1883179936281523,10.202928588885086
370,pre_cut,199683.0,,,24205.0,24701.327815184974,0.0,158.80816682927767
370,post_10pct,19818.0,1.7812855730880983e-05,0.4000000000014552,2622.0,2633.0042249176604,0.0,45.24585011016463
370,post_1pct,2018.0,7.048434054013342e-05,0.8400000000001455,178.0,165.82153856778967,0.698189718091477,11.320913319098999
371,pre_cut,199873.0,,,24162.0,24879.245980432337,0.0,159.2562393804985
371,post_10pct,19929.0,1.7812855730880983e-05,0.4000000000014552,2742.0,2654.5771226055026,1.2583261144741125,45.7962565798344
371,post_1pct,1980.0,7.048434054013342e-05,0.8400000000001455,156.0,156.08326675982858,0.0,10.707014685371664
372,pre_cut,200310.0,,,24282.0,24869.520597733863,0.0,159.25116289720168
372,post_10pct,20020.0,1.7812855730880983e-05,0.4000000000014552,2696.0,2726.2277110515415,0.0,46.484357942871966
372,post_1pct,1987.0,7.048434054013342e-05,0.8400000000001455,163.0,155.5459568695963,0.44786173437354565,10.738756075829665
373,pre_cut,199662.0,,,24230.0,24870.525584312203,0.0,159.3106755257852
373,post_10pct,19815.0,1.7812855730880983e-05,0.4000000000014552,2710.0,2701.000795189137,0.1290590305866054,46.40477910888058
373,post_1pct,1894.0,7.048434054013342e-05,0.8400000000001455,132.0,156.58754674257085,0.0,10.929598823465586
374,pre_cut,199794.0,,,24202.0,24815.96004007162,0.0,158.92776760688275
374,post_10pct,19832.0,1.7812855730880983e-05,0.4000000000014552,2736.0,2608.3919261803894,1.8487596783937121,45.2440435855651
374,post_1pct,1930.0,7.048434054013342e-05,0.8400000000001455,156.0,132.51696093600214,1.500488150583586,9.684099910736764
375,pre_cut,200114.0,,,23901.0,24931.364387893856,0.0,159.55385610945507
375,post_10pct,19962.0,1.7812855730880983e-05,0.4000000000014552,2710.0,2715.2995321149865,0.0,46.42017943236803
375,post_1pct,2019.0,7.048434054013342e-05,0.8400000000001455,162.0,138.44226580160353,1.4657874995197513,10.041663730815117
376,pre_cut,200128.0,,,24200.0,24791.069314226243,0.0,158.98746197425726
376,post_10pct,19773.0,1.7812855730880983e-05,0.4000000000014552,2633.0,2728.6132648284092,0.0,46.706858161296026
376,post_1pct,1996.0,7.048434054013342e-05,0.8400000000001455,148.0,162.34667113349457,0.0,11.156003875787894
377,pre_cut,198829.0,,,24152.0,24697.46869353472,0.0,158.42380452080644
377,post_10pct,19878.0,1.7812855730880983e-05,0.4000000000014552,2715.0,2726.741463019167,0.0,46.5032082334868
377,post_1pct,2026.0,7.048434054013342e-05,0.8400000000001455,154.0,150.89094999444728,0.1921743377598054,10.407976389966121
378,pre_cut,200925.0,,,24458.0,25016.206411463805,0.0,160.0614434040448
378,post_10pct,20185.0,1.7812855730880983e-05,0.4000000000014552,2775.0,2705.7761500739553,0.9882156577917514,46.27809323553173
378,post_1pct,1984.0,7.048434054013342e-05,0.8400000000001455,168.0,142.0387434821722,1.5872172642602398,10.219252450556798
379,pre_cut,200185.0,,,24119.0,24976.65428627822,0.0,159.71533004783996
379,post_10pct,20137.0,1.7812855730880983e-05,0.4000000000014552,2737.0,2698.7765376336865,0.5481897241136621,46.154326297089206
379,post_1pct,2055.0,7.048434054013342e-05,0.8400000000001455,157.0,147.22400783598965,0.6003042358851043,10.483391884360088
380,pre_cut,200676.0,,,24194.0,24905.114055239603,0.0,159.42778949452574
380,post_10pct,20007.0,1.7812855730880983e-05,0.4000000000014552,2733.0,2767.0748963294845,0.0,47.06369905948304
380,post_1pct,2028.0,7.048434054013342e-05,0.8400000000001455,161.0,138.3891764165569,1.4215117785673645,9.837833639160136
381,pre_cut,199871.0,,,24032.0,24965.880021321274,0.0,159.84663581094486
381,post_10pct,20111.0,1.7812855730880983e-05,0.4000000000014552,2776.0,2768.6659529158806,0.10396106537093433,46.92285130757831
381,post_1pct,2045.0,7.048434054013342e-05,0.8400000000001455,179.0,132.96923924822403,2.8243301717684437,9.80383576215538
382,pre_cut,200435.0,,,24064.0,25085.164289519977,0.0,159.9573575699316
382,post_10pct,20252.0,1.7812855730880983e-05,0.4000000000014552,2756.0,2744.986153814286,0.15686613377044595,46.63922806483297
382,post_1pct,1983.0,7.048434054013342e-05,0.8400000000001455,145.0,173.93755716626163,0.0,11.564989804828286
383,pre_cut,199335.0,,,24170.0,24634.94792567382,0.0,158.15928500504288
383,post_10pct,19949.0,1.7812855730880983e-05,0.4000000000014552,2719.0,2672.160267653726,0.674932041974879,45.868808171152395
383,post_1pct,2051.0,7.048434054013342e-05,0.8400000000001455,145.0,158.88254721181426,0.0,10.719511420924588
384,pre_cut,201210.0,,,24241.0,24983.035409449338,0.0,159.70754774093385
384,post_10pct,19769.0,1.7812855730880983e-05,0.4000000000014552,2610.0,2682.422220384792,0.0,46.03215178472812
384,post_1pct,1992.0,7.048434054013342e-05,0.8400000000001455,145.0,151.3838322880905,0.0,10.516042208027818
385,pre_cut,200104.0,,,24194.0,24866.193149731425,0.0,159.41553429790488
385,post_10pct,20045.0,1.7812855730880983e-05,0.4000000000014552,2844.0,2689.029669658911,2.2047017250075234,46.03628265386823
385,post_1pct,1954.0,7.048434054013342e-05,0.8400000000001455,162.0,152.2659599652614,0.5878666711771574,10.670361984546405
386,pre_cut,199748.0,,,24318.0,24886.72669827059,0.0,159.5590164642179
386,post_10pct,19898.0,1.7812855730880983e-05,0.4000000000014552,2722.0,2690.9900304572757,0.4456702177735259,46.08507098037863
386,post_1pct,2012.0,7.048434054013342e-05,0.8400000000001455,144.0,159.57084498011415,0.0,10.909750749342725
387,pre_cut,200177.0,,,24325.0,24705.325543110783,0.0,158.61317309518984
387,post_10pct,19669.0,1.7812855730880983e-05,0.4000000000014552,2813.0,2607.0694480190773,2.961007206735102,45.32260529749699
387,post_1pct,1967.0,7.048434054013342e-05,0.8400000000001455,155.0,150.71407983321117,0.2631568986622658,10.536289603248463
388,pre_cut,199828.0,,,24145.0,24659.323820742306,0.0,158.63098352786204
388,post_10pct,19931.0,1.7812855730880983e-05,0.4000000000014552,2686.0,2591.06127006371,1.3868088990137355,44.88744210644215
388,post_1pct,2043.0,7.048434054013342e-05,0.8400000000001455,148.0,150.18899698002036,0.0,10.425628901207174
389,pre_cut,200587.0,,,24193.0,24841.872763577645,0.0,159.37657890553632
389,post_10pct,19906.0,1.7812855730880983e-05,0.4000000000014552,2694.0,2670.095531307302,0.3449785565771854,45.94367655978188
389,post_1pct,1983.0,7.048434054013342e-05,0.8400000000001455,151.0,146.42591715334282,0.2850864674698693,10.356324926973008
390,pre_cut,200340.0,,,23882.0,24858.907355607822,0.0,159.24753254473566
390,post_10pct,20038.0,1.7812855730880983e-05,0.4000000000014552,2754.0,2751.350685965538,0.03766696007965007,46.83376935349816
390,post_1pct,2025.0,7.048434054013342e-05,0.8400000000001455,155.0,155.61635217380254,0.0,10.607194772220822
391,pre_cut,200825.0,,,24185.0,25015.759619542336,0.0,159.43050256020473
391,post_10pct,20138.0,1.7812855730880983e-05,0.4000000000014552,2675.0,2734.075831823515,0.0,46.289277338284705
391,post_1pct,1969.0,7.048434054013342e-05,0.8400000000001455,154.0,136.20883309706784,1.1367139808549191,9.733125185245942
392,pre_cut,199135.0,,,24288.0,25091.765737998132,0.0,160.5103424170689
392,post_10pct,19831.0,1.7812855730880983e-05,0.4000000000014552,2681.0,2785.0923122828717,0.0,47.30844572840469
392,post_1pct,1960.0,7.048434054013342e-05,0.8400000000001455,164.0,146.24903673659136,1.0816875660523675,10.416574654277895
393,pre_cut,200013.0,,,24080.0,24986.67416085414,0.0,159.7493930493636
393,post_10pct,19985.0,1.7812855730880983e-05,0.4000000000014552,2750.0,2681.394850381099,0.9846097955827032,45.986402018540986
393,post_1pct,1968.0,7.048434054013342e-05,0.8400000000001455,155.0,160.84713958448697,0.0,11.08669715555663
394,pre_cut,200308.0,,,24249.0,24747.83099201186,0.0,159.00864034340017
394,post_10pct,20225.0,1.7812855730880983e-05,0.4000000000014552,2783.0,2682.2350232904587,1.442245284171273,45.96627579671005
394,post_1pct,2038.0,7.048434054013342e-05,0.8400000000001455,165.0,139.78563588719254,1.5714156632642966,9.889842200131412
395,pre_cut,200366.0,,,24114.0,24737.59614328615,0.0,158.67289273124868
395,post_10pct,19883.0,1.7812855730880983e-05,0.4000000000014552,2734.0,2728.951374206412,0.07197506344460211,46.76391297525948
395,post_1pct,1970.0,7.048434054013342e-05,0.8400000000001455,161.0,150.23668750399753,0.6529922830802273,10.608776050809022
396,pre_cut,199500.0,,,24196.0,24858.82295801903,0.0,159.32967969595072
396,post_10pct,20009.0,1.7812855730880983e-05,0.4000000000014552,2775.0,2736.5854319631767,0.5455962375788157,46.77097310735298
396,post_1pct,2044.0,7.048434054013342e-05,0.8400000000001455,189.0,150.0819297250803,2.2814187696118036,10.470983468758433
397,pre_cut,199607.0,,,24327.0,24659.101990615745,0.0,158.33345759423605
397,post_10pct,19775.0,1.7812855730880983e-05,0.4000000000014552,2697.0,2750.9136088460555,0.0,47.14123575231788
397,post_1pct,1960.0,7.048434054013342e-05,0.8400000000001455,160.0,148.389774152678,0.7133851230781086,10.34832767298612
398,pre_cut,200183.0,,,24159.0,24847.955731154703,0.0,158.96684098682204
398,post_10pct,19889.0,1.7812855730880983e-05,0.4000000000014552,2785.0,2645.76108431891,2.000673369737595,45.59632048117615
398,post_1pct,1946.0,7.048434054013342e-05,0.8400000000001455,156.0,145.3770693948137,0.6554850954348908,10.41599603639965
399,pre_cut,200676.0,,,24171.0,24646.992678905743,0.0,158.55709092509716
399,post_10pct,19872.0,1.7812855730880983e-05,0.4000000000014552,2790.0,2652.2218091383547,1.9738180099787437,45.847799281681674
399,post_1pct,2061.0,7.048434054013342e-05,0.8400000000001455,161.0,143.7770346832308,1.0662425806953018,10.163250071430127
400,pre_cut,199996.0,,,24123.0,24927.998745038956,0.0,159.54270370386803
400,post_10pct,19893.0,1.7812855730880983e-05,0.4000000000014552,2779.0,2693.752782796044,1.2177310208022278,46.19209659552345
400,post_1pct,2038.0,7.048434054013342e-05,0.8400000000001455,151.0,161.2446917810258,0.0,10.883957432210222
401,pre_cut,200163.0,,,24070.0,25018.444256780047,0.0,159.7540613704436
401,post_10pct,20220.0,1.7812855730880983e-05,0.4000000000014552,2684.0,2843.3788806209554,0.0,47.76745893662365
401,post_1pct,2006.0,7.048434054013342e-05,0.8400000000001455,144.0,154.46746048908065,0.0,10.689541246417326
402,pre_cut,199222.0,,,24121.0,24734.099741266633,0.0,159.1104366763925
402,post_10pct,19834.0,1.7812855730880983e-05,0.4000000000014552,2616.0,2688.4028961220183,0.0,46.205700543433444
402,post_1pct,1996.0,7.048434054013342e-05,0.8400000000001455,148.0,158.51128694647542,0.0,10.627399792318938
403,pre_cut,199328.0,,,23868.0,24687.783304991324,0.0,158.51024131197528
403,post_10pct,19904.0,1.7812855730880983e-05,0.4000000000014552,2718.0,2724.1495804775486,0.0,46.608484702792815
403,post_1pct,1972.0,7.048434054013342e-05,0.8400000000001455,144.0,153.2094256616786,0.0,10.727527810125375
404,pre_cut,199777.0,,,24208.0,24724.02625728494,0.0,158.9396862675302
404,post_10pct,20094.0,1.7812855730880983e-05,0.4000000000014552,2663.0,2816.5293987450696,0.0,47.6313489150027
404,post_1pct,1991.0,7.048434054013342e-05,0.8400000000001455,164.0,169.51762971569073,0.0,11.482487182419572
405,pre_cut,200799.0,,,24247.0,25149.193311876916,0.0,159.97439907911155
405,post_10pct,20197.0,1.7812855730880983e-05,0.4000000000014552,2700.0,2785.6602876249062,0.0,47.11972437913022
405,post_1pct,2094.0,7.048434054013342e-05,0.8400000000001455,159.0,162.2357916717487,0.0,11.022478283112772
406,pre_cut,199266.0,,,24079.0,24529.307105324675,0.0,158.25420200978064
406,post_10pct,19856.0,1.7812855730880983e-05,0.4000000000014552,2691.0,2738.4918340169907,0.0,46.913494738204086
406,post_1pct,2028.0,7.048434054013342e-05,0.8400000000001455,136.0,172.00861384587927,0.0,11.676556674080294
407,pre_cut,200236.0,,,24116.0,24918.392973738417,0.0,159.2542342331435
407,post_10pct,19784.0,1.7812855730880983e-05,0.4000000000014552,2648.0,2758.956471357751,0.0,47.009086782923234
407,post_1pct,1965.0,7.048434054013342e-05,0.8400000000001455,142.0,152.36813735295368,0.0,10.573223511336101
408,pre_cut,199289.0,,,23949.0,24885.2015735536,0.0,159.59814892834862
408,post_10pct,20009.0,1.7812855730880983e-05,0.4000000000014552,2628.0,2750.9732812705834,0.0,46.65651271152621
408,post_1pct,2068.0,7.048434054013342e-05,0.8400000000001455,161.0,157.94237852335522,0.1835678205323558,10.815560745194531
409,pre_cut,199535.0,,,23935.0,24754.133231666034,0.0,158.85010837331225
409,post_10pct,19867.0,1.7812855730880983e-05,0.4000000000014552,2783.0,2641.9456313885084,2.029910846688087,45.4599032846287
409,post_1pct,1997.0,7.048434054013342e-05,0.8400000000001455,177.0,148.39213231848623,1.7028652177805157,10.51077541651118
410,pre_cut,200558.0,,,24223.0,24780.7289395967,0.0,158.55150241991655
410,post_10pct,20010.0,1.7812855730880983e-05,0.4000000000014552,2716.0,2720.375842747044,0.0,46.44499354883624
410,post_1pct,2027.0,7.048434054013342e-05,0.8400000000001455,160.0,152.2004238861622,0.4748466993658081,10.546279506085531
411,pre_cut,200126.0,,,24026.0,24834.583014556993,0.0,159.06009679534966
411,post_10pct,19764.0,1.7812855730880983e-05,0.4000000000014552,2692.0,2675.754048595809,0.23414926003464342,46.089311859004056
411,post_1pct,1957.0,7.048434054013342e-05,0.8400000000001455,164.0,138.30420181482677,1.5958344239569184,10.014631547046788
412,pre_cut,200069.0,,,24099.0,24824.774257128258,0.0,159.59299982700728
412,post_10pct,19812.0,1.7812855730880983e-05,0.4000000000014552,2786.0,2703.658182363455,1.1728181076931665,46.417344521742535
412,post_1pct,1893.0,7.048434054013342e-05,0.8400000000001455,163.0,143.958772692195,1.1639744403040961,10.390301221156372
413,pre_cut,200660.0,,,24267.0,24876.44752045322,0.0,159.2063462984687
413,post_10pct,20072.0,1.7812855730880983e-05,0.4000000000014552,2732.0,2760.168196282987,0.0,46.86625295507166
413,post_1pct,2004.0,7.048434054013342e-05,0.8400000000001455,154.0,164.98318103891847,0.0,11.177354319821934
414,pre_cut,199967.0,,,24316.0,24841.184471437573,0.0,158.8909933555978
414,post_10pct,19946.0,1.7812855730880983e-05,0.4000000000014552,2798.0,2780.869052479982,0.2415517705668099,47.26475187849612
414,post_1pct,2035.0,7.048434054013342e-05,0.8400000000001455,157.0,159.2112293897892,0.0,10.823127297377361
415,pre_cut,199994.0,,,24263.0,24890.26281496767,0.0,159.6747571515757
415,post_10pct,19856.0,1.7812855730880983e-05,0.4000000000014552,2731.0,2794.0315186910893,0.0,47.60768645460781
415,post_1pct,1961.0,7.048434054013342e-05,0.8400000000001455,151.0,144.755307199285,0.39083933258414616,10.26816338144246
416,pre_cut,200267.0,,,24330.0,24991.425819614316,0.0,159.83590300044682
416,post_10pct,19597.0,1.7812855730880983e-05,0.4000000000014552,2650.0,2681.387237548759,0.0,46.23620464658681
416,post_1pct,1963.0,7.048434054013342e-05,0.8400000000001455,149.0,149.9913494733102,0.0,10.559768088382278
417,pre_cut,199283.0,,,24035.0,24707.786008394483,0.0,158.9839261416858
417,post_10pct,19952.0,1.7812855730880983e-05,0.4000000000014552,2768.0,2724.9230151378447,0.6125453175128633,46.725837727796396
417,post_1pct,1968.0,7.048434054013342e-05,0.8400000000001455,136.0,161.2093827581787,0.0,11.172203076228064
418,pre_cut,199835.0,,,24135.0,24853.813066533945,0.0,158.9661695982918
418,post_10pct,19921.0,1.7812855730880983e-05,0.4000000000014552,2646.0,2750.8622040001947,0.0,46.991248635617
418,post_1pct,1961.0,7.048434054013342e-05,0.8400000000001455,143.0,147.17384678676774,0.0,10.315641862240467
419,pre_cut,199675.0,,,23975.0,24830.001402120863,0.0,158.72208914642732
419,post_10pct,19834.0,1.7812855730880983e-05,0.4000000000014552,2694.0,2781.3965906549447,0.0,47.212246229663144
419,post_1pct,1923.0,7.048434054013342e-05,0.8400000000001455,147.0,156.46360056394522,0.0,10.74074246248167
420,pre_cut,200405.0,,,24080.0,25080.005884655613,0.0,160.00278450249402
420,post_10pct,19973.0,1.7812855730880983e-05,0.4000000000014552,2720.0,2764.5575930172695,0.0,46.947985294099205
420,post_1pct,1952.0,7.048434054013342e-05,0.8400000000001455,147.0,156.73081687775672,0.0,10.806899809325284
421,pre_cut,200219.0,,,24299.0,24917.774253790925,0.0,159.34511805234254
421,post_10pct,19978.0,1.7812855730880983e-05,0.4000000000014552,2662.0,2711.239724226999,0.0,46.39948503665469
421,post_1pct,2068.0,7.048434054013342e-05,0.8400000000001455,161.0,136.2175078587449,1.5746232391780188,9.608468670683218
422,pre_cut,199956.0,,,24247.0,24822.144602368535,0.0,158.676904888656
422,post_10pct,19949.0,1.7812855730880983e-05,0.4000000000014552,2671.0,2725.1354201108925,0.0,46.69604388798011
422,post_1pct,1921.0,7.048434054013342e-05,0.8400000000001455,131.0,142.22234342402393,0.0,10.319960988815415
423,pre_cut,199904.0,,,23868.0,24920.94800153,0.0,159.6103947681022
423,post_10pct,19807.0,1.7812855730880983e-05,0.4000000000014552,2591.0,2615.2108946030685,0.0,45.25130338216048
423,post_1pct,2051.0,7.048434054013342e-05,0.8400000000001455,152.0,145.27746294698392,0.4204665584629115,10.241724886182364
424,pre_cut,200658.0,,,24270.0,24853.729839590364,0.0,159.17206827803346
424,post_10pct,19728.0,1.7812855730880983e-05,0.4000000000014552,2723.0,2697.79791897578,0.3611702426084535,46.363069848345766
424,post_1pct,1957.0,7.048434054013342e-05,0.8400000000001455,170.0,133.56388353310388,2.2535381801516614,9.921883346978639
425,pre_cut,200480.0,,,24058.0,25012.062425022137,0.0,159.9114340605272
425,post_10pct,19849.0,1.7812855730880983e-05,0.4000000000014552,2702.0,2667.3542813889826,0.4997210866629934,45.92960033189347
425,post_1pct,1938.0,7.048434054013342e-05,0.8400000000001455,154.0,138.6494905514267,0.9637125459171104,10.124382829952095
426,pre_cut,200346.0,,,24044.0,24905.56671698294,0.0,159.38922518314706
426,post_10pct,20051.0,1.7812855730880983e-05,0.4000000000014552,2699.0,2796.0571325386936,0.0,47.41902536751888
426,post_1pct,1994.0,7.048434054013342e-05,0.8400000000001455,153.0,164.60609132137222,0.0,11.236422461961697
427,pre_cut,199443.0,,,23925.0,25019.544327807333,0.0,160.26056788614835
427,post_10pct,19480.0,1.7812855730880983e-05,0.4000000000014552,2693.0,2745.787056548723,0.0,47.158954927193534
427,post_1pct,1996.0,7.048434054013342e-05,0.8400000000001455,166.0,148.27432200999255,1.0793773585999182,10.349481231101738
428,pre_cut,199574.0,,,24324.0,24773.129422506317,0.0,159.34984652124854
428,post_10pct,19883.0,1.7812855730880983e-05,0.4000000000014552,2730.0,2705.95416558162,0.3441410248373796,46.42606218174957
428,post_1pct,2008.0,7.048434054013342e-05,0.8400000000001455,164.0,156.9732508338759,0.42108362680575584,10.757302942712046
429,pre_cut,200885.0,,,24614.0,24904.425602513682,0.0,159.33549328132398
429,post_10pct,19981.0,1.7812855730880983e-05,0.4000000000014552,2761.0,2667.3333007532265,1.3452995234591476,45.827750388140615
429,post_1pct,1942.0,7.048434054013342e-05,0.8400000000001455,149.0,149.3210971161849,0.0,10.732045824208305
430,pre_cut,199579.0,,,23975.0,24922.47492812932,0.0,159.56762149190806
430,post_10pct,20058.0,1.7812855730880983e-05,0.4000000000014552,2669.0,2809.967227050596,0.0,47.449711993743996
430,post_1pct,1936.0,7.048434054013342e-05,0.8400000000001455,149.0,145.24442892940075,0.23649443974434325,10.193100883230489
431,pre_cut,200673.0,,,24256.0,25021.733945865293,0.0,159.75725389142505
431,post_10pct,20178.0,1.7812855730880983e-05,0.4000000000014552,2674.0,2777.225701912197,0.0,47.253148806746815
431,post_1pct,1974.0,7.048434054013342e-05,0.8400000000001455,157.0,149.50971332943664,0.45765627981933843,10.589675371183741
432,pre_cut,199652.0,,,24568.0,24808.847495282804,0.0,159.13623814202828
432,post_10pct,19999.0,1.7812855730880983e-05,0.4000000000014552,2847.0,2794.3045747557726,0.7388819627909451,47.394005136163955
432,post_1pct,1924.0,7.048434054013342e-05,0.8400000000001455,176.0,156.64571493594437,1.1275451026383212,11.031041529307833
433,pre_cut,200219.0,,,24505.0,24964.636866766345,0.0,159.79746385430164
433,post_10pct,19903.0,1.7812855730880983e-05,0.4000000000014552,2866.0,2779.7298309365387,1.207240786554743,47.45253693378067
433,post_1pct,2046.0,7.048434054013342e-05,0.8400000000001455,178.0,144.83158446539414,2.001836924885368,10.166397958029531
434,pre_cut,199342.0,,,24032.0,24713.622334217464,0.0,158.78534284102477
434,post_10pct,19577.0,1.7812855730880983e-05,0.4000000000014552,2649.0,2683.8629594102163,0.0,46.31750507493656
434,post_1pct,1972.0,7.048434054013342e-05,0.8400000000001455,,,,
435,pre_cut,200062.0,,,24127.0,24785.00645877934,0.0,158.76176310524417
435,post_10pct,20008.0,1.7812855730880983e-05,0.4000000000014552,2783.0,2708.95217082066,1.0546661071653305,46.43944693995402
435,post_1pct,1990.0,7.048434054013342e-05,0.8400000000001455,160.0,148.15008842009271,0.7225295977999256,10.536880141454832
436,pre_cut,200739.0,,,24171.0,24970.084185412597,0.0,159.46196701124103
436,post_10pct,20022.0,1.7812855730880983e-05,0.4000000000014552,2697.0,2748.994750706267,0.0,46.86334300242166
436,post_1pct,1983.0,7.048434054013342e-05,0.8400000000001455,156.0,147.92208856778066,0.49675461833461476,10.480919729701569
437,pre_cut,199759.0,,,24224.0,24852.118041566682,0.0,158.9900590188892
437,post_10pct,20133.0,1.7812855730880983e-05,0.4000000000014552,2841.0,2705.146665712995,1.9269043446607153,46.355753061734184
437,post_1pct,2052.0,7.048434054013342e-05,0.8400000000001455,157.0,152.92337728179353,0.24910457578154466,10.562177408402778
438,pre_cut,200686.0,,,23868.0,24939.643468136157,0.0,159.53123074083032
438,post_10pct,19997.0,1.7812855730880983e-05,0.4000000000014552,2677.0,2757.1419038780778,0.0,47.06823122847137
438,post_1pct,2018.0,7.048434054013342e-05,0.8400000000001455,158.0,168.63919714145607,0.0,11.370302836886744
439,pre_cut,199785.0,,,24333.0,24865.437350551598,0.0,159.3449270648373
439,post_10pct,19876.0,1.7812855730880983e-05,0.4000000000014552,2647.0,2619.8971663023103,0.3957173374428951,45.25371633660615
439,post_1pct,2024.0,7.048434054013342e-05,0.8400000000001455,161.0,154.33095480436805,0.40125972277105454,10.786489854681987
440,pre_cut,199406.0,,,24284.0,24514.02301437684,0.0,158.08633666870037
440,post_10pct,19903.0,1.7812855730880983e-05,0.4000000000014552,2812.0,2816.703719094242,0.0,47.81357094601991
440,post_1pct,1984.0,7.048434054013342e-05,0.8400000000001455,164.0,145.4071900186889,1.1277242315013016,10.532153978052019
441,pre_cut,200218.0,,,24259.0,24705.85672073428,0.0,158.58908674812523
441,post_10pct,19792.0,1.7812855730880983e-05,0.4000000000014552,2777.0,2534.4707598674086,3.5448056698118404,44.08399071715113
441,post_1pct,2015.0,7.048434054013342e-05,0.8400000000001455,168.0,140.72228868311964,1.6880917754186018,9.9430870066323
442,pre_cut,199512.0,,,24108.0,24641.55625243261,0.0,158.38243453945202
442,post_10pct,19834.0,1.7812855730880983e-05,0.4000000000014552,2743.0,2658.593490849767,1.2132848505653229,45.91978100195301
442,post_1pct,1983.0,7.048434054013342e-05,0.8400000000001455,139.0,149.80648627370704,0.0,10.60730369833311
443,pre_cut,200010.0,,,24138.0,24786.77705978846,0.0,158.60981255874373
443,post_10pct,20124.0,1.7812855730880983e-05,0.4000000000014552,2702.0,2725.315907743784,0.0,46.50540160240242
443,post_1pct,2048.0,7.048434054013342e-05,0.8400000000001455,165.0,166.8341887847194,0.0,11.432351251196517
444,pre_cut,200252.0,,,24222.0,24867.778142481213,0.0,159.39173092405028
444,post_10pct,19797.0,1.7812855730880983e-05,0.4000000000014552,2748.0,2678.0034025657305,1.0038205901023558,46.08781332773858
444,post_1pct,2030.0,7.048434054013342e-05,0.8400000000001455,171.0,149.97017192544035,1.255942478020593,10.63140032618364
445,pre_cut,200020.0,,,24323.0,24789.85141658991,0.0,158.9296799008896
445,post_10pct,19994.0,1.7812855730880983e-05,0.4000000000014552,2795.0,2728.53748171233,0.9431323065603574,46.690961303375474
445,post_1pct,2050.0,7.048434054013342e-05,0.8400000000001455,164.0,150.16704583270382,0.8430118970229588,10.389210391870707
446,pre_cut,199743.0,,,24056.0,24752.5934110018,0.0,158.8034280725313
446,post_10pct,19752.0,1.7812855730880983e-05,0.4000000000014552,2666.0,2669.5601812692585,0.0,45.97681303134401
446,post_1pct,1955.0,7.048434054013342e-05,0.8400000000001455,136.0,152.35269312689852,0.0,10.506476940455423
447,pre_cut,200483.0,,,24345.0,24776.78566321722,0.0,158.96306322266256
447,post_10pct,19875.0,1.7812855730880983e-05,0.4000000000014552,2779.0,2643.346472222394,1.9472902020277068,45.75176893356763
447,post_1pct,2029.0,7.048434054013342e-05,0.8400000000001455,161.0,149.44004384719057,0.7097833387067488,10.321253073392404
448,pre_cut,199564.0,,,24236.0,24747.839040973435,0.0,159.0385468081484
448,post_10pct,19979.0,1.7812855730880983e-05,0.4000000000014552,2801.0,2709.213621271717,1.3054970550701683,46.42100272554613
448,post_1pct,2007.0,7.048434054013342e-05,0.8400000000001455,164.0,140.4647993117808,1.4674022539044702,9.910538378263723
449,pre_cut,199371.0,,,24100.0,24668.072001408997,0.0,158.57318342975674
449,post_10pct,19865.0,1.7812855730880983e-05,0.4000000000014552,2705.0,2705.674376394094,0.0,46.35949305268254
449,post_1pct,2005.0,7.048434054013342e-05,0.8400000000001455,156.0,155.07826321534827,0.0560560249388066,10.70222999719448
450,pre_cut,199715.0,,,24057.0,24687.465223979892,0.0,158.70253593880764
450,post_10pct,19745.0,1.7812855730880983e-05,0.4000000000014552,2730.0,2673.278021307976,0.8155585626571494,45.9909355707005
450,post_1pct,2031.0,7.048434054013342e-05,0.8400000000001455,154.0,153.20710933230703,0.04849304811560001,10.652682541137478
451,pre_cut,199690.0,,,24312.0,24767.60668612115,0.0,158.7909564170643
451,post_10pct,19881.0,1.7812855730880983e-05,0.4000000000014552,2749.0,2746.5010705187105,0.035545012616752865,46.83887961041528
451,post_1pct,2043.0,7.048434054013342e-05,0.8400000000001455,167.0,165.64294953812055,0.07955583887634533,11.144368688682835
452,pre_cut,199910.0,,,24165.0,24865.072755036643,0.0,159.0720158313152
452,post_10pct,19622.0,1.7812855730880983e-05,0.4000000000014552,2684.0,2589.128922699688,1.3835594908649012,45.07499826653198
452,post_1pct,1908.0,7.048434054013342e-05,0.8400000000001455,135.0,148.54226266153347,0.0,10.572466476231401
453,pre_cut,200598.0,,,24013.0,24767.585376499843,0.0,159.02145743920053
453,post_10pct,20029.0,1.7812855730880983e-05,0.4000000000014552,2862.0,2759.555361914666,1.4399251022922395,47.04807775130856
453,post_1pct,2005.0,7.048434054013342e-05,0.8400000000001455,171.0,147.56472558276442,1.4200883955705461,10.295128301061736
454,pre_cut,200009.0,,,24173.0,24835.550881430896,0.0,159.04106766152336
454,post_10pct,20128.0,1.7812855730880983e-05,0.4000000000014552,2726.0,2718.3966099193412,0.10882690714986305,46.4372934199252
454,post_1pct,2116.0,7.048434054013342e-05,0.8400000000001455,173.0,157.73763062359694,0.9046280100041603,10.702065617320637
455,pre_cut,200191.0,,,24320.0,25034.175353794453,0.0,159.7973645718116
455,post_10pct,20039.0,1.7812855730880983e-05,0.4000000000014552,2779.0,2724.357563212795,0.7797235033444349,46.26008873581896
455,post_1pct,1999.0,7.048434054013342e-05,0.8400000000001455,174.0,167.28751206195184,0.38610028599091034,11.37042142304844
456,pre_cut,200378.0,,,24105.0,25027.122423112043,0.0,159.73135784606689
456,post_10pct,20072.0,1.7812855730880983e-05,0.4000000000014552,2689.0,2754.0960077063864,0.0,46.93888992071125
456,post_1pct,2077.0,7.048434054013342e-05,0.8400000000001455,162.0,158.21601694029843,0.2276882225860284,10.718822015103372
457,pre_cut,199284.0,,,23921.0,24751.505291745038,0.0,158.92987794022434
457,post_10pct,19892.0,1.7812855730880983e-05,0.4000000000014552,2662.0,2659.315014724706,0.03893045070013288,45.77194714073077
457,post_1pct,1986.0,7.048434054013342e-05,0.8400000000001455,,,,
458,pre_cut,200437.0,,,24298.0,24865.389868678372,0.0,158.8145849173689
458,post_10pct,20014.0,1.7812855730880983e-05,0.4000000000014552,2697.0,2718.0817758491326,0.0,46.34369955992907
458,post_1pct,1991.0,7.048434054013342e-05,0.8400000000001455,151.0,162.46820249658944,0.0,11.056126686632814
459,pre_cut,199372.0,,,24074.0,24727.531269912783,0.0,158.5399850334263
459,post_10pct,19911.0,1.7812855730880983e-05,0.4000000000014552,2683.0,2641.252529706231,0.6056359780639845,45.54765139992381
459,post_1pct,2012.0,7.048434054013342e-05,0.8400000000001455,163.0,162.3349754200603,0.03897359490283141,11.324977826781586
460,pre_cut,200410.0,,,24208.0,25019.033765866596,0.0,159.85243041712266
460,post_10pct,19933.0,1.7812855730880983e-05,0.4000000000014552,2768.0,2684.7157175396965,1.1904527027695908,46.23771061559583
460,post_1pct,2045.0,7.048434054013342e-05,0.8400000000001455,169.0,155.30200778414297,0.8130545864381468,10.824417853327857
461,pre_cut,200108.0,,,24350.0,24851.757965478144,0.0,159.4033228824352
461,post_10pct,20055.0,1.7812855730880983e-05,0.4000000000014552,2758.0,2761.0431871195233,0.0,47.14849961754704
461,post_1pct,2017.0,7.048434054013342e-05,0.8400000000001455,172.0,149.78083905467082,1.3311016951577688,10.52236972556445
462,pre_cut,199559.0,,,24128.0,24818.358300136126,0.0,159.33998898129238
462,post_10pct,20009.0,1.7812855730880983e-05,0.4000000000014552,2737.0,2696.6602058034186,0.5782512720036473,46.209720110763385
462,post_1pct,2034.0,7.048434054013342e-05,0.8400000000001455,154.0,145.37898550177263,0.5377644213957349,10.229658538029833
463,pre_cut,199530.0,,,23971.0,24733.571566806233,0.0,158.28088997545632
463,post_10pct,19799.0,1.7812855730880983e-05,0.4000000000014552,2723.0,2730.0519994208103,0.0,46.756818927323756
463,post_1pct,1934.0,7.048434054013342e-05,0.8400000000001455,148.0,153.75220724393398,0.0,10.699003639518631
464,pre_cut,199756.0,,,24133.0,24801.864783899022,0.0,159.19934475873808
464,post_10pct,20082.0,1.7812855730880983e-05,0.4000000000014552,2705.0,2800.7461812989177,0.0,47.59996944454423
464,post_1pct,2066.0,7.048434054013342e-05,0.8400000000001455,157.0,160.51896112047268,0.0,10.959522350100134
465,pre_cut,199946.0,,,24115.0,24768.67319327582,0.0,158.99685854081255
465,post_10pct,20060.0,1.7812855730880983e-05,0.4000000000014552,2801.0,2759.2204530096797,0.5894420962282806,47.20545035218203
465,post_1pct,2066.0,7.048434054013342e-05,0.8400000000001455,166.0,151.3601683820312,0.8770942014877877,10.725701990389608
466,pre_cut,200345.0,,,24323.0,24945.41672950424,0.0,159.34448499657864
466,post_10pct,20165.0,1.7812855730880983e-05,0.4000000000014552,2757.0,2783.055918543916,0.0,46.98308177358273
466,post_1pct,2027.0,7.048434054013342e-05,0.8400000000001455,148.0,155.48108336279498,0.0,10.559631727649677
467,pre_cut,199718.0,,,24065.0,24867.13249211279,0.0,159.5969880451238
467,post_10pct,19987.0,1.7812855730880983e-05,0.4000000000014552,2731.0,2741.8701267012134,0.0,46.81979418553615
467,post_1pct,1979.0,7.048434054013342e-05,0.8400000000001455,167.0,171.54477081017103,0.0,11.652396914824394
468,pre_cut,200094.0,,,24168.0,24661.548812912024,0.0,158.71636304504074
468,post_10pct,19911.0,1.7812855730880983e-05,0.4000000000014552,2795.0,2690.9021605492244,1.4840821388205756,46.25520621759636
468,post_1pct,1992.0,7.048434054013342e-05,0.8400000000001455,155.0,145.32533601983766,0.6017688771932965,10.26124572844437
469,pre_cut,200054.0,,,24328.0,24798.12657610049,0.0,158.99311700192618
469,post_10pct,19814.0,1.7812855730880983e-05,0.4000000000014552,2718.0,2684.0090103116772,0.4882256205622539,46.19337111486774
469,post_1pct,1946.0,7.048434054013342e-05,0.8400000000001455,177.0,151.33414041691776,1.5120113157457011,10.746550443407893
470,pre_cut,200473.0,,,24115.0,25064.041700629867,0.0,160.06604418207257
470,post_10pct,19832.0,1.7812855730880983e-05,0.4000000000014552,2627.0,2701.594544625767,0.0,46.341292212928096
470,post_1pct,1992.0,7.048434054013342e-05,0.8400000000001455,148.0,138.3114754889827,0.6183588389501921,9.96778325943043
471,pre_cut,200552.0,,,24175.0,24904.081502025703,0.0,159.53845138304567
471,post_10pct,20013.0,1.7812855730880983e-05,0.4000000000014552,2669.0,2755.8822408232454,0.0,47.05407287014057
471,post_1pct,1946.0,7.048434054013342e-05,0.8400000000001455,156.0,138.86105947172814,1.0752624575513232,10.064652482903067
472,pre_cut,199333.0,,,23995.0,24621.79123899244,0.0,158.43826172433248
472,post_10pct,19922.0,1.7812855730880983e-05,0.4000000000014552,2820.0,2681.423441204295,1.9737521491958505,46.14066781355539
472,post_1pct,1983.0,7.048434054013342e-05,0.8400000000001455,192.0,154.47741406063736,2.1659040318639353,10.728511317404271
473,pre_cut,199985.0,,,24080.0,24766.66530574299,0.0,158.94094018994215
473,post_10pct,19999.0,1.7812855730880983e-05,0.4000000000014552,2778.0,2728.665124728379,0.7021863694716862,46.531473594839554
473,post_1pct,2022.0,7.048434054013342e-05,0.8400000000001455,158.0,152.59144235516007,0.3293063401121777,10.616355696958443
474,pre_cut,199812.0,,,24265.0,24812.80831144416,0.0,159.0766445368227
474,post_10pct,20060.0,1.7812855730880983e-05,0.4000000000014552,2665.0,2768.470606313628,0.0,47.06242090566744
474,post_1pct,1942.0,7.048434054013342e-05,0.8400000000001455,145.0,166.43674199349917,0.0,11.37678722456522
475,pre_cut,201054.0,,,24487.0,25050.21883703136,0.0,159.5268658987231
475,post_10pct,20234.0,1.7812855730880983e-05,0.4000000000014552,2773.0,2768.8854364715185,0.05839182448460396,46.8278528513786
475,post_1pct,2060.0,7.048434054013342e-05,0.8400000000001455,160.0,150.22385258549062,0.6024556830664782,10.262232259558534
476,pre_cut,199463.0,,,24032.0,24727.112889416458,0.0,159.1852114270599
476,post_10pct,19638.0,1.7812855730880983e-05,0.4000000000014552,2557.0,2706.057930189819,0.0,46.46373280710191
476,post_1pct,1967.0,7.048434054013342e-05,0.8400000000001455,163.0,141.42832024730293,1.3353286867972276,10.108545404557713
477,pre_cut,199905.0,,,24170.0,25086.4601087648,0.0,160.0280664876883
477,post_10pct,19891.0,1.7812855730880983e-05,0.4000000000014552,2679.0,2805.223093127161,0.0,47.68925758996394
477,post_1pct,1910.0,7.048434054013342e-05,0.8400000000001455,152.0,144.2531029825425,0.4841706405309836,10.26793150969011
478,pre_cut,200462.0,,,24339.0,24828.918773038356,0.0,159.092867991253
478,post_10pct,19876.0,1.7812855730880983e-05,0.4000000000014552,2847.0,2663.48327208519,2.6149558468386083,45.87772468629548
478,post_1pct,2043.0,7.048434054013342e-05,0.8400000000001455,195.0,165.05103052966882,1.6896800722892673,11.155360174178805
479,pre_cut,199078.0,,,24092.0,24756.392803451996,0.0,158.988419340038
479,post_10pct,19811.0,1.7812855730880983e-05,0.4000000000014552,2679.0,2711.0061839071927,0.0,46.548797508827995
479,post_1pct,1957.0,7.048434054013342e-05,0.8400000000001455,160.0,150.91921703664013,0.5482909927508336,10.75867800811402
480,pre_cut,199745.0,,,23995.0,24820.108509167807,0.0,159.6848674578958
480,post_10pct,19757.0,1.7812855730880983e-05,0.4000000000014552,2713.0,2689.2652274483626,0.34023732179354055,46.43848382317068
480,post_1pct,2033.0,7.048434054013342e-05,0.8400000000001455,151.0,166.868505568137,0.0,11.299728830974274
481,pre_cut,200233.0,,,24146.0,24902.093872594785,0.0,159.4054192219338
481,post_10pct,19892.0,1.7812855730880983e-05,0.4000000000014552,2768.0,2727.4052005009326,0.5776483844197037,46.65003756770915
481,post_1pct,2022.0,7.048434054013342e-05,0.8400000000001455,160.0,154.06735634737007,0.3598763297512308,10.622499526367168
482,pre_cut,200159.0,,,24354.0,24824.426503939914,0.0,159.09286228891187
482,post_10pct,20143.0,1.7812855730880983e-05,0.4000000000014552,2748.0,2687.511707368085,0.8667626424021915,46.158494645634676
482,post_1pct,2001.0,7.048434054013342e-05,0.8400000000001455,138.0,149.0663414676768,0.0,10.582870528452622
483,pre_cut,199695.0,,,23994.0,24864.346561295344,0.0,159.0310273083001
483,post_10pct,20009.0,1.7812855730880983e-05,0.4000000000014552,2651.0,2727.4677464371857,0.0,46.549574739043024
483,post_1pct,1916.0,7.048434054013342e-05,0.8400000000001455,158.0,156.3090218735798,0.10151479437839132,10.942391214371808
484,pre_cut,200258.0,,,24341.0,24755.28735609645,0.0,158.721524447695
484,post_10pct,19942.0,1.7812855730880983e-05,0.4000000000014552,2781.0,2709.6371688476047,1.0150618273045569,46.596511517795605
484,post_1pct,1970.0,7.048434054013342e-05,0.8400000000001455,159.0,141.64321718429323,1.0747661480849593,10.244320800287083
485,pre_cut,199698.0,,,24262.0,24866.328555993943,0.0,159.4458811057235
485,post_10pct,19811.0,1.7812855730880983e-05,0.4000000000014552,2727.0,2720.895798281017,0.08723279700724894,46.58823963616917
485,post_1pct,1921.0,7.048434054013342e-05,0.8400000000001455,,,,
486,pre_cut,198353.0,,,24098.0,24728.25603276778,0.0,158.93088148665566
486,post_10pct,19899.0,1.7812855730880983e-05,0.4000000000014552,2718.0,2759.780618441493,0.0,47.11407091789987
486,post_1pct,1983.0,7.048434054013342e-05,0.8400000000001455,149.0,154.30608754799866,0.0,10.741541517672692
487,pre_cut,200778.0,,,24166.0,24898.314925943505,0.0,159.2417009211882
487,post_10pct,19701.0,1.7812855730880983e-05,0.4000000000014552,2737.0,2708.6543934247493,0.4053571881573674,46.44055523001101
487,post_1pct,1967.0,7.048434054013342e-05,0.8400000000001455,157.0,140.90092938924346,1.008644747927383,10.046238724470399
488,pre_cut,200376.0,,,24224.0,24813.36850946094,0.0,158.95196013555568
488,post_10pct,19939.0,1.7812855730880983e-05,0.4000000000014552,2735.0,2687.45040989517,0.6826055079443796,46.08772613801951
488,post_1pct,1969.0,7.048434054013342e-05,0.8400000000001455,157.0,137.05906853412966,1.2493314128683903,10.070611180364734
489,pre_cut,200584.0,,,24468.0,24975.934220852836,0.0,159.53331378608067
489,post_10pct,19997.0,1.7812855730880983e-05,0.4000000000014552,2838.0,2638.8584321738454,2.855245455874492,45.352465982153205
489,post_1pct,2052.0,7.048434054013342e-05,0.8400000000001455,,,,
490,pre_cut,199530.0,,,23972.0,24915.80858827576,0.0,159.41550854633718
490,post_10pct,19697.0,1.7812855730880983e-05,0.4000000000014552,2600.0,2602.785934869009,0.0,45.06722503201688
490,post_1pct,1968.0,7.048434054013342e-05,0.8400000000001455,130.0,152.05728912869006,0.0,10.711603939679405
491,pre_cut,200325.0,,,24466.0,24793.614388045477,0.0,159.07414978202038
491,post_10pct,19835.0,1.7812855730880983e-05,0.4000000000014552,2783.0,2747.592969420067,0.5013858283935415,46.99588632163315
491,post_1pct,2017.0,7.048434054013342e-05,0.8400000000001455,169.0,152.03216864422598,1.0158882130126214,10.630476809399244
492,pre_cut,200006.0,,,23901.0,24953.179945180713,0.0,159.80106439174367
492,post_10pct,20047.0,1.7812855730880983e-05,0.4000000000014552,2742.0,2770.1212880390135,0.0,47.01750292678994
492,post_1pct,2022.0,7.048434054013342e-05,0.8400000000001455,146.0,160.95184377272517,0.0,11.220713710539915
493,pre_cut,200036.0,,,24105.0,24926.234392899252,0.0,159.42120653924894
493,post_10pct,20057.0,1.7812855730880983e-05,0.4000000000014552,2733.0,2773.554603785298,0.0,47.172782956618484
493,post_1pct,1999.0,7.048434054013342e-05,0.8400000000001455,139.0,149.56062921448313,0.0,10.53399535807505
494,pre_cut,199650.0,,,23981.0,24990.36674687938,0.0,159.9904520812262
494,post_10pct,19579.0,1.7812855730880983e-05,0.4000000000014552,2760.0,2654.788670490818,1.5109886573493017,45.86200161748956
494,post_1pct,1975.0,7.048434054013342e-05,0.8400000000001455,181.0,150.87807869364457,1.7638021695560802,10.758029321246234
495,pre_cut,199832.0,,,23962.0,24552.390375684095,0.0,157.77140269811704
495,post_10pct,19975.0,1.7812855730880983e-05,0.4000000000014552,2700.0,2727.85096627446,0.0,46.6221757292842
495,post_1pct,2010.0,7.048434054013342e-05,0.8400000000001455,139.0,144.6604311989891,0.0,10.176136646466704
496,pre_cut,199785.0,,,24055.0,24755.319007730242,0.0,158.86136460958974
496,post_10pct,19959.0,1.7812855730880983e-05,0.4000000000014552,2711.0,2657.1537355556616,0.7772694783855008,45.78049546090183
496,post_1pct,2004.0,7.048434054013342e-05,0.8400000000001455,172.0,148.99490456222296,1.3742698265419364,10.594729945582493
497,pre_cut,199981.0,,,24300.0,24866.086722194086,0.0,159.51471095978286
497,post_10pct,19662.0,1.7812855730880983e-05,0.4000000000014552,2709.0,2680.0489319050566,0.41586791779839866,46.27410910558518
497,post_1pct,2038.0,7.048434054013342e-05,0.8400000000001455,155.0,147.44768847426943,0.46733421921290536,10.370564277546132
498,pre_cut,199839.0,,,24258.0,24781.377675848446,0.0,158.77240098967295
498,post_10pct,19838.0,1.7812855730880983e-05,0.4000000000014552,2765.0,2718.957980510521,0.6563833842878083,46.493783139291104
498,post_1pct,1989.0,7.048434054013342e-05,0.8400000000001455,161.0,153.38237053438144,0.46095742913081594,10.651145734005379
499,pre_cut,200226.0,,,24173.0,24703.417667695532,0.0,158.80345873661517
499,post_10pct,19790.0,1.7812855730880983e-05,0.4000000000014552,2666.0,2747.570577325975,0.0,46.868563600089786
499,post_1pct,1986.0,7.048434054013342e-05,0.8400000000001455,159.0,148.11599960887492,0.6663077555863706,10.476681606131514
