trial,stage,n_events,threshold,tie_acceptance,observed,expected_background,local_significance,expected_background_uncertainty
-1,pre_cut,199984.0,,,24157.0,24828.453478013635,0.0,159.15202800027006
-1,post_10pct,20091.0,0.02601986674562151,0.4000000000014552,2752.0,2930.485631978725,0.0,51.4324564310886
-1,post_1pct,2020.0,0.12106448350025811,0.8400000000001455,363.0,372.84285452528354,0.0,18.935285430434917
0,pre_cut,200350.0,,,24398.0,24859.11796872744,0.0,159.3720246654386
0,post_10pct,20059.0,0.02601986674562151,0.4000000000014552,2765.0,2966.578548259843,0.0,51.822402802398
0,post_1pct,2052.0,0.12106448350025811,0.8400000000001455,381.0,386.410574844528,0.0,19.262046733095275
1,pre_cut,200374.0,,,24216.0,25037.945194936237,0.0,160.09896307632712
1,post_10pct,20338.0,0.02601986674562151,0.4000000000014552,2785.0,2930.786824301584,0.0,51.31568956368585
1,post_1pct,2051.0,0.12106448350025811,0.8400000000001455,385.0,375.95173094690557,0.3315072929062139,18.980249803210352
2,pre_cut,200116.0,,,23983.0,25048.514601283972,0.0,159.93512794445422
2,post_10pct,20283.0,0.02601986674562151,0.4000000000014552,2682.0,3004.4740367721706,0.0,52.16226822773532
2,post_1pct,2083.0,0.12106448350025811,0.8400000000001455,382.0,385.0232437210188,0.0,19.222032164459094
3,pre_cut,200310.0,,,24459.0,24773.31470467752,0.0,158.68034135433706
3,post_10pct,20176.0,0.02601986674562151,0.4000000000014552,2829.0,2929.531040165829,0.0,51.246548644970595
3,post_1pct,1965.0,0.12106448350025811,0.8400000000001455,378.0,365.9604366930506,0.44363492946783606,18.93903420703023
4,pre_cut,199361.0,,,24195.0,24815.374489403162,0.0,159.75712112402095
4,post_10pct,20108.0,0.02601986674562151,0.4000000000014552,2681.0,2946.7183767770066,0.0,51.745606286121884
4,post_1pct,2011.0,0.12106448350025811,0.8400000000001455,,,,
5,pre_cut,199970.0,,,24430.0,24774.66247116901,0.0,158.970028674452
5,post_10pct,19993.0,0.02601986674562151,0.4000000000014552,2814.0,2929.308477289539,0.0,51.17630816492863
5,post_1pct,1991.0,0.12106448350025811,0.8400000000001455,371.0,391.94087839878074,0.0,19.671723651276736
6,pre_cut,200452.0,,,24291.0,24822.392055010634,0.0,158.88232051350846
6,post_10pct,20290.0,0.02601986674562151,0.4000000000014552,2811.0,2973.1626618810924,0.0,51.894870312106974
6,post_1pct,1954.0,0.12106448350025811,0.8400000000001455,346.0,365.3347438221376,0.0,19.112943994473394
7,pre_cut,199657.0,,,24158.0,24747.656248548083,0.0,158.88395171678036
7,post_10pct,20031.0,0.02601986674562151,0.4000000000014552,2744.0,2920.5873993402824,0.0,51.56720743033573
7,post_1pct,1982.0,0.12106448350025811,0.8400000000001455,346.0,379.75088516320955,0.0,19.27726113779533
8,pre_cut,200437.0,,,24150.0,25006.503006664527,0.0,159.81695109841436
8,post_10pct,20135.0,0.02601986674562151,0.4000000000014552,2678.0,2987.416684202303,0.0,52.073651830144485
8,post_1pct,2097.0,0.12106448350025811,0.8400000000001455,377.0,413.88116308236397,0.0,20.069606295181877
9,pre_cut,200856.0,,,24385.0,24873.774921023854,0.0,159.26259395500705
9,post_10pct,20187.0,0.02601986674562151,0.4000000000014552,2889.0,3015.806580125124,0.0,52.40474246431818
9,post_1pct,2153.0,0.12106448350025811,0.8400000000001455,,,,
10,pre_cut,199095.0,,,24117.0,24640.33412180335,0.0,158.51277836723693
10,post_10pct,20096.0,0.02601986674562151,0.4000000000014552,2795.0,2883.4410224315557,0.0,50.80805995410733
10,post_1pct,2028.0,0.12106448350025811,0.8400000000001455,357.0,374.42596996491505,0.0,18.906255822704424
11,pre_cut,199820.0,,,24044.0,24785.51895013728,0.0,159.01624361854894
11,post_10pct,20057.0,0.02601986674562151,0.4000000000014552,2769.0,2844.5814439543483,0.0,50.550991267387445
11,post_1pct,2043.0,0.12106448350025811,0.8400000000001455,366.0,356.2640194260537,0.3676729105442652,18.319077426028255
12,pre_cut,199927.0,,,24078.0,24803.750817411055,0.0,158.891310100614
12,post_10pct,20008.0,0.02601986674562151,0.4000000000014552,2718.0,2961.8218818911228,0.0,51.76890191148968
12,post_1pct,2009.0,0.12106448350025811,0.8400000000001455,357.0,353.9970888386934,0.11472516622619129,18.11819543887685
13,pre_cut,199584.0,,,24053.0,24754.620744939537,0.0,158.96681446978104
13,post_10pct,19830.0,0.02601986674562151,0.4000000000014552,2663.0,2849.418481473021,0.0,50.39234208455106
13,post_1pct,1965.0,0.12106448350025811,0.8400000000001455,313.0,351.51834366230406,0.0,18.064881051304823
14,pre_cut,199564.0,,,24085.0,24814.406814627444,0.0,159.3376514988881
14,post_10pct,19896.0,0.02601986674562151,0.4000000000014552,2599.0,2837.9906000759356,0.0,50.431599282595144
14,post_1pct,2007.0,0.12106448350025811,0.8400000000001455,359.0,375.2916030816099,0.0,19.069260791768617
15,pre_cut,200309.0,,,24390.0,24960.640399534088,0.0,159.7454819220877
15,post_10pct,20137.0,0.02601986674562151,0.4000000000014552,2774.0,2877.1341342655987,0.0,50.79474434270221
15,post_1pct,2048.0,0.12106448350025811,0.8400000000001455,371.0,396.725839234982,0.0,20.02080891966078
16,pre_cut,200558.0,,,24157.0,24832.280229093616,0.0,159.29838526739127
16,post_10pct,20166.0,0.02601986674562151,0.4000000000014552,2739.0,2978.651604130475,0.0,51.73939726083628
16,post_1pct,2123.0,0.12106448350025811,0.8400000000001455,387.0,394.0418329903267,0.0,19.559454107292073
17,pre_cut,199732.0,,,24172.0,24780.49571802575,0.0,158.9500642647193
17,post_10pct,19989.0,0.02601986674562151,0.4000000000014552,2775.0,2873.2740497121895,0.0,50.51054959873544
17,post_1pct,1989.0,0.12106448350025811,0.8400000000001455,379.0,340.1430994700871,1.4738834688486933,17.83426354994793
18,pre_cut,200431.0,,,24423.0,24753.04087216781,0.0,158.55364719540287
18,post_10pct,20208.0,0.02601986674562151,0.4000000000014552,2781.0,2867.5134280650122,0.0,50.7353152207361
18,post_1pct,2080.0,0.12106448350025811,0.8400000000001455,376.0,370.7903668187019,0.1928317909912389,18.81627070919092
19,pre_cut,200272.0,,,24331.0,24860.565626859374,0.0,159.0635741413522
19,post_10pct,20017.0,0.02601986674562151,0.4000000000014552,2822.0,2898.513052237296,0.0,51.166572277365944
19,post_1pct,1967.0,0.12106448350025811,0.8400000000001455,363.0,378.56447315414295,0.0,19.492968624170842
20,pre_cut,199882.0,,,24250.0,24819.478160504397,0.0,159.16499223724216
20,post_10pct,20345.0,0.02601986674562151,0.4000000000014552,2852.0,2950.3754114690537,0.0,51.56435069256314
20,post_1pct,2086.0,0.12106448350025811,0.8400000000001455,365.0,405.7042178474465,0.0,19.988692225703893
21,pre_cut,199918.0,,,24188.0,24823.0531253098,0.0,159.08412265925546
21,post_10pct,19934.0,0.02601986674562151,0.4000000000014552,2738.0,2966.08700620641,0.0,51.75139500697803
21,post_1pct,2062.0,0.12106448350025811,0.8400000000001455,353.0,390.39360103399247,0.0,19.36461370101005
22,pre_cut,199966.0,,,24329.0,25001.795626142535,0.0,159.5111682691542
22,post_10pct,20376.0,0.02601986674562151,0.4000000000014552,2776.0,2911.4913400877163,0.0,50.76435881733624
22,post_1pct,2099.0,0.12106448350025811,0.8400000000001455,385.0,374.61054235396114,0.38117986645891005,18.926661878285863
23,pre_cut,199987.0,,,24115.0,24721.17583589904,0.0,158.96868566974373
23,post_10pct,19997.0,0.02601986674562151,0.4000000000014552,2742.0,2920.067440487725,0.0,51.43244374693295
23,post_1pct,2075.0,0.12106448350025811,0.8400000000001455,371.0,388.7864137186091,0.0,19.886268770789638
24,pre_cut,199755.0,,,24041.0,24796.71951666759,0.0,158.95987992241996
24,post_10pct,19852.0,0.02601986674562151,0.4000000000014552,2642.0,2928.1137138111544,0.0,51.25981684893303
24,post_1pct,1930.0,0.12106448350025811,0.8400000000001455,323.0,357.1550122999155,0.0,18.31822203669636
25,pre_cut,200887.0,,,24253.0,25085.9953950973,0.0,159.9565457551508
25,post_10pct,19950.0,0.02601986674562151,0.4000000000014552,2799.0,2964.3114747327627,0.0,52.092263418135126
25,post_1pct,2131.0,0.12106448350025811,0.8400000000001455,394.0,399.05033693583056,0.0,19.45931212545683
26,pre_cut,200188.0,,,24300.0,24678.0647871575,0.0,158.79431570410833
26,post_10pct,20118.0,0.02601986674562151,0.4000000000014552,2826.0,2948.6773127576002,0.0,51.631038026237256
26,post_1pct,2017.0,0.12106448350025811,0.8400000000001455,362.0,408.9950211154306,0.0,20.208944913018044
27,pre_cut,200103.0,,,24052.0,24920.78546274842,0.0,159.36639075750307
27,post_10pct,20142.0,0.02601986674562151,0.4000000000014552,2778.0,2983.5404348295224,0.0,51.989308772940994
27,post_1pct,2042.0,0.12106448350025811,0.8400000000001455,372.0,385.2870764364335,0.0,19.427002990565487
28,pre_cut,199622.0,,,24175.0,24757.0134320632,0.0,159.0039135179886
28,post_10pct,19874.0,0.02601986674562151,0.4000000000014552,2789.0,2868.3233390673054,0.0,50.82120255385174
28,post_1pct,2009.0,0.12106448350025811,0.8400000000001455,371.0,343.0189680945869,1.0652217782146594,17.899831650233946
29,pre_cut,200297.0,,,24101.0,24959.91423496944,0.0,159.6961409085935
29,post_10pct,20286.0,0.02601986674562151,0.4000000000014552,2814.0,2941.72074639013,0.0,51.45704953086981
29,post_1pct,2041.0,0.12106448350025811,0.8400000000001455,370.0,365.51088512256945,0.16774740148205003,18.609707116458303
30,pre_cut,200071.0,,,24046.0,24970.09535897768,0.0,159.549695835319
30,post_10pct,20205.0,0.02601986674562151,0.4000000000014552,2799.0,2952.9494023544585,0.0,51.69609133148246
30,post_1pct,1992.0,0.12106448350025811,0.8400000000001455,311.0,373.2390893092203,0.0,19.010267717591365
31,pre_cut,199874.0,,,24067.0,24951.548388051946,0.0,159.52111336053662
31,post_10pct,20297.0,0.02601986674562151,0.4000000000014552,2867.0,2927.776672281414,0.0,51.391570316590055
31,post_1pct,2120.0,0.12106448350025811,0.8400000000001455,382.0,401.04417080031556,0.0,19.892567984266186
32,pre_cut,199851.0,,,24207.0,24829.25496936761,0.0,159.48984316679366
32,post_10pct,20081.0,0.02601986674562151,0.4000000000014552,2780.0,2909.497509882481,0.0,51.2758453707439
32,post_1pct,2060.0,0.12106448350025811,0.8400000000001455,378.0,356.91390157685976,0.7956505395541641,18.04626544049082
33,pre_cut,199853.0,,,24390.0,24739.596997707824,0.0,158.7219968818096
33,post_10pct,20097.0,0.02601986674562151,0.4000000000014552,2778.0,2851.0177761664236,0.0,50.39187148717838
33,post_1pct,2006.0,0.12106448350025811,0.8400000000001455,374.0,367.8357004689574,0.23031953074794698,18.509678740956602
34,pre_cut,200095.0,,,24337.0,24700.05751764989,0.0,158.46016661570562
34,post_10pct,19999.0,0.02601986674562151,0.4000000000014552,2826.0,2838.8500069926913,0.0,50.23399824262568
34,post_1pct,2001.0,0.12106448350025811,0.8400000000001455,378.0,345.48270165372924,1.2227134025717623,18.178088292089807
35,pre_cut,199832.0,,,24046.0,24786.787830199184,0.0,158.80460449506666
35,post_10pct,19871.0,0.02601986674562151,0.4000000000014552,2702.0,2886.849449473689,0.0,50.92229581674718
35,post_1pct,2006.0,0.12106448350025811,0.8400000000001455,345.0,373.32410447659436,0.0,19.044569684183617
36,pre_cut,199571.0,,,24244.0,24819.613547012792,0.0,159.32552747906516
36,post_10pct,20234.0,0.02601986674562151,0.4000000000014552,2744.0,3028.316099106734,0.0,52.714074609272004
36,post_1pct,1959.0,0.12106448350025811,0.8400000000001455,360.0,366.6527003813376,0.0,18.92987094987623
37,pre_cut,200203.0,,,24233.0,24759.38526082016,0.0,158.77707280596726
37,post_10pct,19973.0,0.02601986674562151,0.4000000000014552,2709.0,2910.6893951501497,0.0,51.188211795775445
37,post_1pct,2018.0,0.12106448350025811,0.8400000000001455,342.0,403.03370163090193,0.0,20.186919869296343
38,pre_cut,199355.0,,,24069.0,24867.73639834371,0.0,159.39580701603577
38,post_10pct,19837.0,0.02601986674562151,0.4000000000014552,2727.0,2939.946340575407,0.0,51.78404030330456
38,post_1pct,2024.0,0.12106448350025811,0.8400000000001455,353.0,390.4226276446425,0.0,19.526899558533263
39,pre_cut,200135.0,,,24298.0,24861.970593592778,0.0,159.14885189117518
39,post_10pct,20173.0,0.02601986674562151,0.4000000000014552,2784.0,2960.128653937481,0.0,51.702058091375925
39,post_1pct,2025.0,0.12106448350025811,0.8400000000001455,381.0,348.29224742022893,1.2365870046178362,17.904578394684656
40,pre_cut,200667.0,,,24186.0,25026.53245787567,0.0,159.6912521995175
40,post_10pct,20180.0,0.02601986674562151,0.4000000000014552,2778.0,2903.4792202914296,0.0,50.834623755907394
40,post_1pct,2041.0,0.12106448350025811,0.8400000000001455,364.0,375.0852117284906,0.0,19.156554527822742
41,pre_cut,200153.0,,,24453.0,24856.71304226145,0.0,159.2324857289759
41,post_10pct,20023.0,0.02601986674562151,0.4000000000014552,2856.0,2964.9047878734937,0.0,52.24713826058051
41,post_1pct,1983.0,0.12106448350025811,0.8400000000001455,322.0,379.3926798569429,0.0,19.338286405391106
42,pre_cut,200804.0,,,24437.0,24791.617425315773,0.0,159.03843572381703
42,post_10pct,20267.0,0.02601986674562151,0.4000000000014552,2812.0,2929.1344038850184,0.0,51.504525468826884
42,post_1pct,2078.0,0.12106448350025811,0.8400000000001455,368.0,380.2539290608421,0.0,19.129352494737685
43,pre_cut,200107.0,,,23916.0,24871.830772422043,0.0,159.72144148886593
43,post_10pct,20166.0,0.02601986674562151,0.4000000000014552,2692.0,2955.32667392877,0.0,52.03634108821086
43,post_1pct,1984.0,0.12106448350025811,0.8400000000001455,359.0,422.39598015461866,0.0,21.32821093334224
44,pre_cut,200292.0,,,24213.0,24900.3892513447,0.0,159.32286780409703
44,post_10pct,19899.0,0.02601986674562151,0.4000000000014552,2800.0,2914.3908873611604,0.0,51.43572748196393
44,post_1pct,1997.0,0.12106448350025811,0.8400000000001455,370.0,380.95374020302125,0.0,19.56682332733155
45,pre_cut,199417.0,,,24076.0,24699.871111523586,0.0,158.72534740751144
45,post_10pct,20026.0,0.02601986674562151,0.4000000000014552,2604.0,2878.8707831045713,0.0,50.87767218978969
45,post_1pct,1939.0,0.12106448350025811,0.8400000000001455,328.0,375.6261579017794,0.0,19.085309253744942
46,pre_cut,200198.0,,,24102.0,25065.548187963243,0.0,159.90651309736762
46,post_10pct,19721.0,0.02601986674562151,0.4000000000014552,2730.0,2922.653017632058,0.0,51.55800374891443
46,post_1pct,2019.0,0.12106448350025811,0.8400000000001455,355.0,372.27864978520466,0.0,18.656938489633266
47,pre_cut,199978.0,,,24323.0,24692.946249610824,0.0,158.7052431353233
47,post_10pct,20040.0,0.02601986674562151,0.4000000000014552,2738.0,2930.5596884698707,0.0,51.574234215088765
47,post_1pct,1994.0,0.12106448350025811,0.8400000000001455,362.0,350.1322669634726,0.4520266889814753,18.106196736604495
48,pre_cut,200110.0,,,24239.0,24774.327712049744,0.0,158.61447132559508
48,post_10pct,20184.0,0.02601986674562151,0.4000000000014552,2762.0,2907.0395169880194,0.0,50.91341951445623
48,post_1pct,2121.0,0.12106448350025811,0.8400000000001455,382.0,358.72911273549965,0.8750714819655979,18.074740551580085
49,pre_cut,199554.0,,,24058.0,24691.689624381048,0.0,158.54363867101785
49,post_10pct,20075.0,0.02601986674562151,0.4000000000014552,2665.0,2947.0999346750236,0.0,51.57300366709132
49,post_1pct,2003.0,0.12106448350025811,0.8400000000001455,349.0,382.8954947950566,0.0,19.199683808031274
50,pre_cut,199140.0,,,24279.0,24713.783674125814,0.0,158.70468846991406
50,post_10pct,20024.0,0.02601986674562151,0.4000000000014552,2756.0,2880.585792923211,0.0,50.94819897574454
50,post_1pct,1983.0,0.12106448350025811,0.8400000000001455,363.0,338.17952854757544,0.9574785299327518,17.62056620939271
51,pre_cut,199526.0,,,24049.0,24778.959640331617,0.0,159.154825746179
51,post_10pct,19991.0,0.02601986674562151,0.4000000000014552,2690.0,2944.411485408933,0.0,51.73860311011601
51,post_1pct,2022.0,0.12106448350025811,0.8400000000001455,384.0,381.21126101243624,0.10130721138690148,19.33400188743217
52,pre_cut,199826.0,,,24225.0,24779.534961867837,0.0,159.04347563405105
52,post_10pct,20059.0,0.02601986674562151,0.4000000000014552,2718.0,2896.596790120728,0.0,50.89531067270513
52,post_1pct,1990.0,0.12106448350025811,0.8400000000001455,362.0,358.55725536363855,0.12931820449579962,18.623191594383545
53,pre_cut,200264.0,,,23927.0,25022.42916709299,0.0,159.84010798327088
53,post_10pct,20231.0,0.02601986674562151,0.4000000000014552,2741.0,2965.3696564813863,0.0,51.57595865803585
53,post_1pct,1994.0,0.12106448350025811,0.8400000000001455,366.0,335.15441919394164,1.1858781999569852,17.66881057830352
54,pre_cut,199783.0,,,23895.0,24742.947475056455,0.0,158.69322084108924
54,post_10pct,20168.0,0.02601986674562151,0.4000000000014552,2782.0,2967.3758712404588,0.0,52.0953156117183
54,post_1pct,2039.0,0.12106448350025811,0.8400000000001455,378.0,409.9657806708933,0.0,20.400059027184763
55,pre_cut,200068.0,,,24269.0,24687.364166076055,0.0,158.58042309058257
55,post_10pct,20136.0,0.02601986674562151,0.4000000000014552,2814.0,2902.002365688072,0.0,51.09091339486143
55,post_1pct,2042.0,0.12106448350025811,0.8400000000001455,376.0,374.52794256849387,0.054287228669394,18.955809229164405
56,pre_cut,199528.0,,,24145.0,24834.81314246181,0.0,159.17608113001612
56,post_10pct,20054.0,0.02601986674562151,0.4000000000014552,2795.0,2895.3462479062464,0.0,51.049842025876245
56,post_1pct,2014.0,0.12106448350025811,0.8400000000001455,366.0,374.4610035065754,0.0,19.143352805761346
57,pre_cut,200040.0,,,24361.0,24708.92214346651,0.0,158.58029899185897
57,post_10pct,19956.0,0.02601986674562151,0.4000000000014552,2760.0,2909.7504491016907,0.0,51.307125450697306
57,post_1pct,2008.0,0.12106448350025811,0.8400000000001455,375.0,354.2903150236365,0.773710910480658,18.494057065938858
58,pre_cut,199580.0,,,23908.0,24917.60754835573,0.0,159.34514104381108
58,post_10pct,19992.0,0.02601986674562151,0.4000000000014552,2708.0,2888.8693506047057,0.0,50.93964723872553
58,post_1pct,2059.0,0.12106448350025811,0.8400000000001455,360.0,371.76875090826525,0.0,18.83310508106669
59,pre_cut,199859.0,,,24251.0,24864.78734652493,0.0,159.36579898746717
59,post_10pct,20030.0,0.02601986674562151,0.4000000000014552,2795.0,2908.2361709238194,0.0,51.3365113066781
59,post_1pct,2026.0,0.12106448350025811,0.8400000000001455,350.0,389.8642129522084,0.0,19.625549612560206
60,pre_cut,199280.0,,,24208.0,24694.819818043477,0.0,158.64493408738855
60,post_10pct,20010.0,0.02601986674562151,0.4000000000014552,2846.0,2882.2794583173695,0.0,50.89265675971819
60,post_1pct,2066.0,0.12106448350025811,0.8400000000001455,381.0,402.0663510076625,0.0,20.09238730582913
61,pre_cut,199971.0,,,23912.0,24741.546658332176,0.0,158.72269249626495
61,post_10pct,19953.0,0.02601986674562151,0.4000000000014552,2706.0,2973.204403391229,0.0,52.025970549629996
61,post_1pct,1987.0,0.12106448350025811,0.8400000000001455,356.0,389.013630219438,0.0,19.656494023349218
62,pre_cut,199993.0,,,24413.0,24693.664707319367,0.0,158.63411509435926
62,post_10pct,20108.0,0.02601986674562151,0.4000000000014552,2760.0,2844.516220862546,0.0,50.17621120896473
62,post_1pct,2004.0,0.12106448350025811,0.8400000000001455,343.0,387.88307113387606,0.0,19.385877484675763
63,pre_cut,199662.0,,,23937.0,24917.67994033347,0.0,159.573875866561
63,post_10pct,19817.0,0.02601986674562151,0.4000000000014552,2706.0,2878.554197745089,0.0,50.79944131878054
63,post_1pct,2035.0,0.12106448350025811,0.8400000000001455,360.0,365.43480805566344,0.0,18.45159258396657
64,pre_cut,200651.0,,,24435.0,24849.205509458734,0.0,159.23352621439264
64,post_10pct,20247.0,0.02601986674562151,0.4000000000014552,2833.0,2963.760869276405,0.0,51.84142424626634
64,post_1pct,2062.0,0.12106448350025811,0.8400000000001455,374.0,383.23282078233535,0.0,19.356624868528076
65,pre_cut,199881.0,,,24197.0,24842.009610763693,0.0,159.41847192651701
65,post_10pct,19977.0,0.02601986674562151,0.4000000000014552,2857.0,2877.425635119197,0.0,51.13668374963954
65,post_1pct,2049.0,0.12106448350025811,0.8400000000001455,382.0,364.71327287248835,0.6405929341217406,18.62383910079513
66,pre_cut,199512.0,,,24233.0,24728.371990607884,0.0,158.69686158102112
66,post_10pct,20151.0,0.02601986674562151,0.4000000000014552,2773.0,2940.431292966778,0.0,51.510257354696094
66,post_1pct,2015.0,0.12106448350025811,0.8400000000001455,373.0,406.93258489569723,0.0,20.600572667420085
67,pre_cut,199719.0,,,24203.0,24664.281187948258,0.0,158.47551790548235
67,post_10pct,20080.0,0.02601986674562151,0.4000000000014552,2793.0,2958.653777535749,0.0,51.721207112636755
67,post_1pct,2074.0,0.12106448350025811,0.8400000000001455,346.0,393.1893982978188,0.0,19.247174913986928
68,pre_cut,200045.0,,,24003.0,24901.29977671955,0.0,159.45777638658004
68,post_10pct,19947.0,0.02601986674562151,0.4000000000014552,2700.0,2972.0781744835285,0.0,51.852297112242304
68,post_1pct,2005.0,0.12106448350025811,0.8400000000001455,314.0,380.6861513995713,0.0,19.057857735360034
69,pre_cut,199860.0,,,24142.0,24873.792954243574,0.0,159.37799950159513
69,post_10pct,20209.0,0.02601986674562151,0.4000000000014552,2771.0,2874.9406954762053,0.0,50.77941796773585
69,post_1pct,2010.0,0.12106448350025811,0.8400000000001455,348.0,365.8983970302735,0.0,18.75889126371487
70,pre_cut,200217.0,,,23803.0,24895.37366344469,0.0,158.99633753286295
70,post_10pct,20265.0,0.02601986674562151,0.4000000000014552,2796.0,2912.0171424459004,0.0,51.07174639011544
70,post_1pct,2020.0,0.12106448350025811,0.8400000000001455,349.0,372.3000501311127,0.0,18.545805086920893
71,pre_cut,200541.0,,,24175.0,24777.528792055786,0.0,159.18178408322655
71,post_10pct,20046.0,0.02601986674562151,0.4000000000014552,2723.0,2896.62574353723,0.0,50.863196738294484
71,post_1pct,1997.0,0.12106448350025811,0.8400000000001455,356.0,356.63947985818095,0.0,18.330853878787487
72,pre_cut,198883.0,,,24084.0,24643.79405806052,0.0,158.73045183230136
72,post_10pct,20108.0,0.02601986674562151,0.4000000000014552,2836.0,2878.8234258903385,0.0,50.99866289177194
72,post_1pct,1991.0,0.12106448350025811,0.8400000000001455,358.0,383.14165248018276,0.0,19.441763720882566
73,pre_cut,199746.0,,,24393.0,24877.431024997386,0.0,159.20679831323403
73,post_10pct,20205.0,0.02601986674562151,0.4000000000014552,2806.0,2928.7093665169236,0.0,51.21938636977849
73,post_1pct,2136.0,0.12106448350025811,0.8400000000001455,387.0,391.23353399665905,0.0,19.391582120764316
74,pre_cut,199640.0,,,24407.0,24666.307357936785,0.0,158.71814591274943
74,post_10pct,19951.0,0.02601986674562151,0.4000000000014552,2814.0,2915.81733268277,0.0,51.60654443337706
74,post_1pct,2000.0,0.12106448350025811,0.8400000000001455,365.0,373.3601800337258,0.0,19.06199353315755
75,pre_cut,198996.0,,,24162.0,24738.838580216077,0.0,158.74633117406776
75,post_10pct,20121.0,0.02601986674562151,0.4000000000014552,2738.0,2974.927491649906,0.0,51.99773930370766
75,post_1pct,1997.0,0.12106448350025811,0.8400000000001455,,,,
76,pre_cut,199861.0,,,24324.0,24538.745745852284,0.0,157.81584460653204
76,post_10pct,20295.0,0.02601986674562151,0.4000000000014552,2764.0,2950.6770741279856,0.0,51.41943796752356
76,post_1pct,2009.0,0.12106448350025811,0.8400000000001455,353.0,400.3670782565704,0.0,19.983668451394593
77,pre_cut,200300.0,,,24424.0,24940.365862558294,0.0,159.79575363113594
77,post_10pct,20166.0,0.02601986674562151,0.4000000000014552,2792.0,2898.993665429624,0.0,51.12305916230761
77,post_1pct,2018.0,0.12106448350025811,0.8400000000001455,361.0,361.0857698711786,0.0,18.61290882435636
78,pre_cut,200110.0,,,24200.0,24800.213877859365,0.0,159.14684884446442
78,post_10pct,20384.0,0.02601986674562151,0.4000000000014552,2816.0,2987.9563715407658,0.0,52.14381623615841
78,post_1pct,2043.0,0.12106448350025811,0.8400000000001455,381.0,355.8320647899185,0.9413252214605935,18.30229735801509
79,pre_cut,199340.0,,,24286.0,24842.078986474284,0.0,159.26548494079734
79,post_10pct,19926.0,0.02601986674562151,0.4000000000014552,2750.0,2926.0600676417425,0.0,51.450142919354185
79,post_1pct,2046.0,0.12106448350025811,0.8400000000001455,356.0,392.58820765490793,0.0,19.50972058880877
80,pre_cut,200001.0,,,23898.0,24915.144762079217,0.0,159.18496707463007
80,post_10pct,20170.0,0.02601986674562151,0.4000000000014552,2667.0,2963.049868251369,0.0,51.650498809024306
80,post_1pct,1965.0,0.12106448350025811,0.8400000000001455,354.0,347.9016757416754,0.2332131531267729,18.165780244633318
81,pre_cut,199283.0,,,24136.0,24916.96722886253,0.0,159.5351069922271
81,post_10pct,19921.0,0.02601986674562151,0.4000000000014552,2762.0,2913.6870701005437,0.0,51.282225000455455
81,post_1pct,1997.0,0.12106448350025811,0.8400000000001455,378.0,357.0094067381553,0.787708081759924,18.251888655360048
82,pre_cut,200395.0,,,24056.0,24968.302602123273,0.0,159.7171707371838
82,post_10pct,20192.0,0.02601986674562151,0.4000000000014552,2788.0,2985.683833488951,0.0,51.88914274882693
82,post_1pct,2090.0,0.12106448350025811,0.8400000000001455,376.0,400.7637622444471,0.0,19.665701451120423
83,pre_cut,199575.0,,,24090.0,24998.875786685523,0.0,160.35238191158865
83,post_10pct,19983.0,0.02601986674562151,0.4000000000014552,2757.0,2868.3730800174044,0.0,50.75000889287218
83,post_1pct,2060.0,0.12106448350025811,0.8400000000001455,360.0,379.7196862637896,0.0,19.05162674767373
84,pre_cut,199421.0,,,24049.0,24749.47183885632,0.0,158.9234794876425
84,post_10pct,20107.0,0.02601986674562151,0.4000000000014552,2721.0,2967.87991524689,0.0,51.85990710973578
84,post_1pct,2043.0,0.12106448350025811,0.8400000000001455,342.0,387.712544962507,0.0,19.38696074840164
85,pre_cut,200314.0,,,24197.0,24863.559765349906,0.0,159.5139705417337
85,post_10pct,20223.0,0.02601986674562151,0.4000000000014552,2867.0,2949.3896552999604,0.0,51.65711137439152
85,post_1pct,1992.0,0.12106448350025811,0.8400000000001455,344.0,366.36415784190547,0.0,18.70383083458348
86,pre_cut,199205.0,,,23720.0,24799.032410930748,0.0,158.7520729065827
86,post_10pct,20314.0,0.02601986674562151,0.4000000000014552,2699.0,2975.016500718665,0.0,51.765178970989304
86,post_1pct,2028.0,0.12106448350025811,0.8400000000001455,379.0,391.06785149756877,0.0,19.521299976062316
87,pre_cut,200600.0,,,24312.0,25104.53368268883,0.0,160.33383604505352
87,post_10pct,20054.0,0.02601986674562151,0.4000000000014552,2778.0,2942.7888655946626,0.0,51.59529339403011
87,post_1pct,2025.0,0.12106448350025811,0.8400000000001455,360.0,381.0444059987825,0.0,19.083879509947153
88,pre_cut,200185.0,,,24172.0,24979.8832554139,0.0,159.33069837470202
88,post_10pct,20262.0,0.02601986674562151,0.4000000000014552,2753.0,3025.0913703549495,0.0,52.172013900323655
88,post_1pct,2096.0,0.12106448350025811,0.8400000000001455,374.0,388.96928192682725,0.0,19.01774522482467
89,pre_cut,199939.0,,,23793.0,24968.02927099199,0.0,159.43979637101327
89,post_10pct,19977.0,0.02601986674562151,0.4000000000014552,2654.0,2952.433698248965,0.0,51.51338579757179
89,post_1pct,2039.0,0.12106448350025811,0.8400000000001455,341.0,386.9222012000786,0.0,19.161426863384463
90,pre_cut,199671.0,,,23916.0,24896.09182340331,0.0,159.3105034522617
90,post_10pct,20380.0,0.02601986674562151,0.4000000000014552,2780.0,2937.8828953877237,0.0,51.264938332275264
90,post_1pct,2033.0,0.12106448350025811,0.8400000000001455,361.0,377.51358357246784,0.0,19.175560888220954
91,pre_cut,201021.0,,,24032.0,25026.60103916463,0.0,160.0053133983628
91,post_10pct,20406.0,0.02601986674562151,0.4000000000014552,2697.0,3027.871020678989,0.0,52.56184554409037
91,post_1pct,2034.0,0.12106448350025811,0.8400000000001455,357.0,365.1184060391138,0.0,18.691015926588303
92,pre_cut,199428.0,,,23839.0,25009.851633430553,0.0,160.17101749009538
92,post_10pct,19965.0,0.02601986674562151,0.4000000000014552,2715.0,2956.9937594109674,0.0,51.62625853005973
92,post_1pct,2047.0,0.12106448350025811,0.8400000000001455,395.0,415.9937088368049,0.0,20.633868953385754
93,pre_cut,199670.0,,,24181.0,24813.107347960988,0.0,158.6396580923081
93,post_10pct,20017.0,0.02601986674562151,0.4000000000014552,2740.0,2906.1491161759614,0.0,51.03289199232597
93,post_1pct,2011.0,0.12106448350025811,0.8400000000001455,358.0,371.83917216079453,0.0,18.844788535957036
94,pre_cut,199868.0,,,24248.0,24926.217796387806,0.0,159.5855654864857
94,post_10pct,20033.0,0.02601986674562151,0.4000000000014552,2780.0,2926.699451853021,0.0,51.69428841429121
94,post_1pct,2061.0,0.12106448350025811,0.8400000000001455,366.0,391.14632457981884,0.0,19.59052266490106
95,pre_cut,199964.0,,,23832.0,24723.96772687842,0.0,158.93590083647425
95,post_10pct,20016.0,0.02601986674562151,0.4000000000014552,2693.0,2950.3283079730727,0.0,51.60370226640164
95,post_1pct,1995.0,0.12106448350025811,0.8400000000001455,370.0,358.2446305827734,0.43875245028432686,18.65750871550469
96,pre_cut,199312.0,,,24184.0,24799.18813403503,0.0,158.86763918843565
96,post_10pct,20267.0,0.02601986674562151,0.4000000000014552,2765.0,2972.0373978584403,0.0,51.6004576310577
96,post_1pct,2023.0,0.12106448350025811,0.8400000000001455,340.0,386.06612092697253,0.0,19.258460589998855
97,pre_cut,200383.0,,,24504.0,24952.41915647399,0.0,160.0251460332172
97,post_10pct,19968.0,0.02601986674562151,0.4000000000014552,2689.0,2955.5167272354356,0.0,51.78977895003287
97,post_1pct,2029.0,0.12106448350025811,0.8400000000001455,397.0,383.9966564241098,0.4687383055871983,19.3095539426543
98,pre_cut,200195.0,,,24295.0,24718.989536823967,0.0,158.88825673672244
98,post_10pct,19868.0,0.02601986674562151,0.4000000000014552,2728.0,2860.5482190971106,0.0,50.79675892084724
98,post_1pct,1974.0,0.12106448350025811,0.8400000000001455,,,,
99,pre_cut,200179.0,,,24141.0,24694.831046486073,0.0,158.73511814574158
99,post_10pct,20183.0,0.02601986674562151,0.4000000000014552,2777.0,2922.3781999288894,0.0,51.50681223862145
99,post_1pct,2036.0,0.12106448350025811,0.8400000000001455,380.0,373.670819157556,0.2325875035432769,18.990811915404947
100,pre_cut,199961.0,,,24105.0,24977.490070938646,0.0,159.61312119339982
100,post_10pct,20165.0,0.02601986674562151,0.4000000000014552,2804.0,2954.8730940182613,0.0,51.783516997502296
100,post_1pct,2070.0,0.12106448350025811,0.8400000000001455,367.0,387.96226284695445,0.0,19.242934604348456
101,pre_cut,199825.0,,,24041.0,24877.254542784052,0.0,159.27556739123554
101,post_10pct,20000.0,0.02601986674562151,0.4000000000014552,2705.0,2900.513973818182,0.0,51.2787167257204
101,post_1pct,2023.0,0.12106448350025811,0.8400000000001455,379.0,340.72719209430113,1.4539690228833209,17.77844538728623
102,pre_cut,200591.0,,,24411.0,25063.60284795954,0.0,160.24502303502797
102,post_10pct,20096.0,0.02601986674562151,0.4000000000014552,2804.0,2974.0946727995215,0.0,51.85157781282456
102,post_1pct,2061.0,0.12106448350025811,0.8400000000001455,376.0,362.7439627264455,0.4977450840262059,18.275972642128185
103,pre_cut,200029.0,,,24121.0,24963.564876928136,0.0,159.42469121319638
103,post_10pct,20162.0,0.02601986674562151,0.4000000000014552,2759.0,2908.3648771425464,0.0,51.18239726911787
103,post_1pct,1979.0,0.12106448350025811,0.8400000000001455,356.0,375.39389563697034,0.0,18.923536332313198
104,pre_cut,200067.0,,,24103.0,24798.87809176546,0.0,158.51440755835813
104,post_10pct,20444.0,0.02601986674562151,0.4000000000014552,2798.0,2938.758542798605,0.0,51.28437389065675
104,post_1pct,2062.0,0.12106448350025811,0.8400000000001455,389.0,401.7164865470988,0.0,19.813324487441417
105,pre_cut,200396.0,,,24275.0,24888.233265145347,0.0,159.06080072114509
105,post_10pct,20141.0,0.02601986674562151,0.4000000000014552,2730.0,2955.249511547131,0.0,51.54471123999972
105,post_1pct,1967.0,0.12106448350025811,0.8400000000001455,353.0,370.4873685941946,0.0,18.840269758970468
106,pre_cut,200352.0,,,24109.0,24677.46513029605,0.0,158.6329476617598
106,post_10pct,20269.0,0.02601986674562151,0.4000000000014552,2771.0,2963.3129046058975,0.0,51.779026830221994
106,post_1pct,2077.0,0.12106448350025811,0.8400000000001455,382.0,379.094009570092,0.10596630912086762,19.238196058779263
107,pre_cut,200029.0,,,24188.0,24752.396007781244,0.0,158.6469061988034
107,post_10pct,20002.0,0.02601986674562151,0.4000000000014552,2761.0,2882.9839488340176,0.0,50.874537984971475
107,post_1pct,2023.0,0.12106448350025811,0.8400000000001455,390.0,391.7502648214833,0.0,20.014692517341622
108,pre_cut,199957.0,,,24289.0,24720.95243290713,0.0,158.93790223615085
108,post_10pct,20085.0,0.02601986674562151,0.4000000000014552,2823.0,2893.012919844586,0.0,50.88862580674479
108,post_1pct,1990.0,0.12106448350025811,0.8400000000001455,342.0,379.2523259472008,0.0,19.044918122541
109,pre_cut,199611.0,,,24220.0,24857.72042354828,0.0,159.2050476857599
109,post_10pct,20286.0,0.02601986674562151,0.4000000000014552,2823.0,2936.0456247935094,0.0,51.408906921050445
109,post_1pct,2058.0,0.12106448350025811,0.8400000000001455,377.0,369.5131606606898,0.2752211818042328,19.055228417806756
110,pre_cut,198732.0,,,24004.0,24863.453805813224,0.0,159.1858681172916
110,post_10pct,20075.0,0.02601986674562151,0.4000000000014552,2818.0,2965.8744196385414,0.0,51.73571988326066
110,post_1pct,2020.0,0.12106448350025811,0.8400000000001455,380.0,386.84418435736825,0.0,19.29550051360443
111,pre_cut,200234.0,,,24321.0,24598.751928398302,0.0,158.26808168044974
111,post_10pct,20095.0,0.02601986674562151,0.4000000000014552,2771.0,2909.4273269154073,0.0,51.15828929093784
111,post_1pct,2075.0,0.12106448350025811,0.8400000000001455,374.0,369.1003734887749,0.18245749572143907,18.636248297518193
112,pre_cut,199870.0,,,23993.0,24806.810907840445,0.0,159.1672532496574
112,post_10pct,20174.0,0.02601986674562151,0.4000000000014552,2778.0,2987.00921548947,0.0,52.246127161624734
112,post_1pct,2037.0,0.12106448350025811,0.8400000000001455,362.0,377.4229856492125,0.0,19.133420949365924
113,pre_cut,199751.0,,,23874.0,24929.777790660148,0.0,159.38894133561277
113,post_10pct,20052.0,0.02601986674562151,0.4000000000014552,2702.0,2994.662726904383,0.0,51.97652378680128
113,post_1pct,2075.0,0.12106448350025811,0.8400000000001455,350.0,392.99076393231235,0.0,19.29850833993112
114,pre_cut,199287.0,,,24271.0,24608.530667601364,0.0,158.2989038201818
114,post_10pct,20242.0,0.02601986674562151,0.4000000000014552,2752.0,2898.793396226296,0.0,50.766200209899715
114,post_1pct,1994.0,0.12106448350025811,0.8400000000001455,348.0,357.9622833630649,0.0,18.324285138756412
115,pre_cut,200052.0,,,24380.0,24621.101701509968,0.0,158.41910571830948
115,post_10pct,20380.0,0.02601986674562151,0.4000000000014552,2727.0,2995.3216967254825,0.0,52.16096421536045
115,post_1pct,2029.0,0.12106448350025811,0.8400000000001455,340.0,381.8702560658537,0.0,19.534041833596078
116,pre_cut,200233.0,,,24344.0,24895.220377986763,0.0,159.48814470199673
116,post_10pct,20263.0,0.02601986674562151,0.4000000000014552,2938.0,2974.6581404987537,0.0,52.08853384562093
116,post_1pct,2005.0,0.12106448350025811,0.8400000000001455,,,,
117,pre_cut,200653.0,,,24447.0,24975.928894559438,0.0,159.46321422891103
117,post_10pct,20192.0,0.02601986674562151,0.4000000000014552,2765.0,3007.7014685497816,0.0,52.190522518182554
117,post_1pct,2032.0,0.12106448350025811,0.8400000000001455,356.0,369.3275981335016,0.0,18.573400242661762
118,pre_cut,200166.0,,,24037.0,24896.15851296123,0.0,159.48353920325266
118,post_10pct,20034.0,0.02601986674562151,0.4000000000014552,2786.0,2899.253784897203,0.0,51.19412940193189
118,post_1pct,2016.0,0.12106448350025811,0.8400000000001455,353.0,367.5819479318029,0.0,18.825255255372834
119,pre_cut,199804.0,,,24216.0,24623.361668755148,0.0,158.1318432587658
119,post_10pct,19864.0,0.02601986674562151,0.4000000000014552,2782.0,2832.7418559441276,0.0,50.415835182164706
119,post_1pct,1940.0,0.12106448350025811,0.8400000000001455,364.0,348.7073788722617,0.5788966609536165,18.284518157687284
120,pre_cut,199498.0,,,23975.0,24670.114258729307,0.0,158.39233283236905
120,post_10pct,20156.0,0.02601986674562151,0.4000000000014552,2788.0,2903.4537510759956,0.0,50.896155192058174
120,post_1pct,1980.0,0.12106448350025811,0.8400000000001455,366.0,348.97062799209186,0.6448165761887363,18.22318009619215
121,pre_cut,200247.0,,,24442.0,24792.628847938293,0.0,158.71348484513538
121,post_10pct,20240.0,0.02601986674562151,0.4000000000014552,2795.0,2962.6210037770775,0.0,51.761007146958036
121,post_1pct,2045.0,0.12106448350025811,0.8400000000001455,,,,
122,pre_cut,199717.0,,,23926.0,24908.08209332877,0.0,159.6552345950025
122,post_10pct,20230.0,0.02601986674562151,0.4000000000014552,2704.0,2950.0517331869482,0.0,51.58182300706618
122,post_1pct,2078.0,0.12106448350025811,0.8400000000001455,338.0,394.90140018642757,0.0,19.41108423553871
123,pre_cut,200280.0,,,24101.0,24816.754764316778,0.0,159.0951799447226
123,post_10pct,20253.0,0.02601986674562151,0.4000000000014552,2737.0,2966.2543654558704,0.0,51.63833824124198
123,post_1pct,2085.0,0.12106448350025811,0.8400000000001455,394.0,378.77401586108067,0.5537625739405798,19.03912850198367
124,pre_cut,200434.0,,,24114.0,24943.705187480267,0.0,159.4513088160442
124,post_10pct,20622.0,0.02601986674562151,0.4000000000014552,2798.0,3004.27562475795,0.0,52.08958410041727
124,post_1pct,2081.0,0.12106448350025811,0.8400000000001455,376.0,403.92405553279065,0.0,20.055429289402078
125,pre_cut,200225.0,,,24288.0,24869.328963838856,0.0,159.1710749012684
125,post_10pct,20302.0,0.02601986674562151,0.4000000000014552,2839.0,2982.336664445827,0.0,52.10732421401225
125,post_1pct,2087.0,0.12106448350025811,0.8400000000001455,372.0,393.60330449622023,0.0,19.90763041178102
126,pre_cut,200180.0,,,24244.0,24899.01952275091,0.0,159.8280576017584
126,post_10pct,20201.0,0.02601986674562151,0.4000000000014552,2739.0,3007.330851151473,0.0,52.595864469134646
126,post_1pct,2081.0,0.12106448350025811,0.8400000000001455,385.0,388.1913920085318,0.0,19.7095979594489
127,pre_cut,199905.0,,,24485.0,24674.92762215844,0.0,158.62944597402938
127,post_10pct,19766.0,0.02601986674562151,0.4000000000014552,2765.0,2852.7753630975562,0.0,50.87335336097887
127,post_1pct,1972.0,0.12106448350025811,0.8400000000001455,365.0,370.31383907849363,0.0,19.037358761592053
128,pre_cut,199588.0,,,24162.0,24605.506650129297,0.0,158.37935597082688
128,post_10pct,20055.0,0.02601986674562151,0.4000000000014552,2819.0,2880.2265977926327,0.0,50.971075568642036
128,post_1pct,1999.0,0.12106448350025811,0.8400000000001455,370.0,363.62749853963305,0.23801081570442403,18.629271251301322
129,pre_cut,200590.0,,,24149.0,24914.503679388596,0.0,159.40257954067056
129,post_10pct,20223.0,0.02601986674562151,0.4000000000014552,2729.0,3000.491166809035,0.0,52.36359721601824
129,post_1pct,2091.0,0.12106448350025811,0.8400000000001455,387.0,385.9538432933924,0.03781642769273527,19.450331522439605
130,pre_cut,199581.0,,,23864.0,24811.717871840712,0.0,159.52029403787412
130,post_10pct,20312.0,0.02601986674562151,0.4000000000014552,2775.0,2969.4960254638327,0.0,51.97924373964829
130,post_1pct,2026.0,0.12106448350025811,0.8400000000001455,383.0,394.056434290451,0.0,19.978270685575612
131,pre_cut,199786.0,,,24089.0,24647.956731307124,0.0,158.31983528495297
131,post_10pct,20152.0,0.02601986674562151,0.4000000000014552,2849.0,2876.279678473025,0.0,50.67070469644477
131,post_1pct,2084.0,0.12106448350025811,0.8400000000001455,388.0,370.8307683283876,0.631400700619255,18.76334484947863
132,pre_cut,199990.0,,,24124.0,24732.431723901263,0.0,158.80350821026173
132,post_10pct,20018.0,0.02601986674562151,0.4000000000014552,2776.0,2914.9136742627647,0.0,51.20221433700471
132,post_1pct,1981.0,0.12106448350025811,0.8400000000001455,343.0,376.69092326452176,0.0,19.219440636933278
133,pre_cut,199707.0,,,24072.0,24668.17669461888,0.0,158.47197266413926
133,post_10pct,20094.0,0.02601986674562151,0.4000000000014552,2723.0,2885.484020558836,0.0,50.95114760651767
133,post_1pct,2011.0,0.12106448350025811,0.8400000000001455,346.0,377.28344849033556,0.0,18.85453205403663
134,pre_cut,199686.0,,,23892.0,24713.333501614074,0.0,158.53008110167664
134,post_10pct,20321.0,0.02601986674562151,0.4000000000014552,2815.0,2918.9520357449464,0.0,51.16842171312163
134,post_1pct,2058.0,0.12106448350025811,0.8400000000001455,364.0,382.5205842111328,0.0,18.957053571560937
135,pre_cut,200255.0,,,24005.0,24789.04606092099,0.0,158.5372699373793
135,post_10pct,19917.0,0.02601986674562151,0.4000000000014552,2698.0,2905.312199343217,0.0,51.41489666326632
135,post_1pct,1958.0,0.12106448350025811,0.8400000000001455,358.0,352.60689504649883,0.2053317865930217,18.223141960366902
136,pre_cut,200499.0,,,24202.0,24974.56253921093,0.0,159.9202492188316
136,post_10pct,20163.0,0.02601986674562151,0.4000000000014552,2757.0,2934.444991986531,0.0,51.50603041188118
136,post_1pct,2018.0,0.12106448350025811,0.8400000000001455,342.0,399.6062491136512,0.0,19.828476863189977
137,pre_cut,200250.0,,,24511.0,24862.57551061314,0.0,159.47992215197024
137,post_10pct,20134.0,0.02601986674562151,0.4000000000014552,2864.0,2936.6261854824343,0.0,51.80861093565645
137,post_1pct,1985.0,0.12106448350025811,0.8400000000001455,353.0,379.9521794222961,0.0,19.185029505483154
138,pre_cut,201035.0,,,23938.0,25199.07917254939,0.0,160.89644939397593
138,post_10pct,20064.0,0.02601986674562151,0.4000000000014552,2640.0,2938.169141021645,0.0,51.307020569996084
138,post_1pct,2055.0,0.12106448350025811,0.8400000000001455,349.0,393.4856643941561,0.0,19.312129834763446
139,pre_cut,199997.0,,,24059.0,24738.97964435508,0.0,158.734339269857
139,post_10pct,20077.0,0.02601986674562151,0.4000000000014552,2715.0,2867.4995808976355,0.0,50.612779292205225
139,post_1pct,2030.0,0.12106448350025811,0.8400000000001455,366.0,364.40577543681843,0.059815521907524614,18.558204488423517
140,pre_cut,199673.0,,,24291.0,24694.52718719696,0.0,158.75934474321662
140,post_10pct,20156.0,0.02601986674562151,0.4000000000014552,2871.0,2911.0232339039194,0.0,51.05257026586795
140,post_1pct,2083.0,0.12106448350025811,0.8400000000001455,383.0,369.9522152324854,0.4820326816720076,18.713414179351076
141,pre_cut,200248.0,,,24317.0,24969.788443791083,0.0,159.85845495657205
141,post_10pct,20126.0,0.02601986674562151,0.4000000000014552,2759.0,2911.3377642216865,0.0,51.166048480841155
141,post_1pct,2109.0,0.12106448350025811,0.8400000000001455,407.0,385.0902382781352,0.7892134884261441,19.093927585448522
142,pre_cut,200078.0,,,24758.0,24809.36733913671,0.0,159.09841510504495
142,post_10pct,20166.0,0.02601986674562151,0.4000000000014552,2794.0,2926.8126899146146,0.0,51.285503051472354
142,post_1pct,2044.0,0.12106448350025811,0.8400000000001455,367.0,371.96817572021695,0.0,18.9178729653097
143,pre_cut,200621.0,,,24300.0,24890.342265315576,0.0,159.5426607751461
143,post_10pct,20064.0,0.02601986674562151,0.4000000000014552,2712.0,2939.802906244486,0.0,51.61056091903447
143,post_1pct,2016.0,0.12106448350025811,0.8400000000001455,363.0,371.1424999844794,0.0,19.0642354694256
144,pre_cut,199127.0,,,24041.0,24512.83029477234,0.0,157.85169198343996
144,post_10pct,20025.0,0.02601986674562151,0.4000000000014552,2823.0,2865.7805286954945,0.0,50.74433071883587
144,post_1pct,2058.0,0.12106448350025811,0.8400000000001455,363.0,363.8208799925295,0.0,18.43800530565287
145,pre_cut,200034.0,,,24285.0,24927.321007189814,0.0,159.7564091245078
145,post_10pct,20068.0,0.02601986674562151,0.4000000000014552,2777.0,2956.3682859812534,0.0,51.96883518253128
145,post_1pct,1967.0,0.12106448350025811,0.8400000000001455,364.0,386.4496256333322,0.0,19.91263567736726
146,pre_cut,200779.0,,,24272.0,25120.024846076245,0.0,160.28892799745654
146,post_10pct,20098.0,0.02601986674562151,0.4000000000014552,2799.0,2871.3110689437603,0.0,50.623361787493565
146,post_1pct,2021.0,0.12106448350025811,0.8400000000001455,365.0,366.21715315931283,0.0,18.716799388315348
147,pre_cut,200078.0,,,24075.0,24885.172769434743,0.0,159.41029488942328
147,post_10pct,19895.0,0.02601986674562151,0.4000000000014552,2704.0,2891.544335415333,0.0,51.04204409582871
147,post_1pct,1998.0,0.12106448350025811,0.8400000000001455,366.0,372.70530896891466,0.0,19.29926242452711
148,pre_cut,199733.0,,,24387.0,24722.784025143617,0.0,158.6130817786981
148,post_10pct,19847.0,0.02601986674562151,0.4000000000014552,2768.0,2919.951043001902,0.0,51.52622541522632
148,post_1pct,1991.0,0.12106448350025811,0.8400000000001455,372.0,368.9445011334815,0.11324167731923429,18.870796233092005
149,pre_cut,199657.0,,,24207.0,24817.477905301297,0.0,159.16134542443905
149,post_10pct,20081.0,0.02601986674562151,0.4000000000014552,2684.0,2977.128487552667,0.0,51.87680326117985
149,post_1pct,2015.0,0.12106448350025811,0.8400000000001455,326.0,390.75649228951386,0.0,19.67776268259742
150,pre_cut,200194.0,,,24294.0,24808.98759513673,0.0,158.9566572646846
150,post_10pct,20121.0,0.02601986674562151,0.4000000000014552,2795.0,2873.396235329622,0.0,50.62241247128496
150,post_1pct,2083.0,0.12106448350025811,0.8400000000001455,404.0,394.54029720905214,0.33608959986837805,19.706241182430528
151,pre_cut,200171.0,,,24213.0,24858.173752135706,0.0,159.19627936617314
151,post_10pct,19935.0,0.02601986674562151,0.4000000000014552,2748.0,2897.895301084933,0.0,51.067508795156115
151,post_1pct,2050.0,0.12106448350025811,0.8400000000001455,368.0,389.201650362386,0.0,19.50932787707711
152,pre_cut,199492.0,,,24084.0,24702.50066350768,0.0,158.5736940412583
152,post_10pct,19945.0,0.02601986674562151,0.4000000000014552,2749.0,2883.6569633595877,0.0,50.65779170782261
152,post_1pct,2037.0,0.12106448350025811,0.8400000000001455,330.0,380.94953399379784,0.0,19.050098655691038
153,pre_cut,199589.0,,,23985.0,24683.883057349598,0.0,158.62329965936013
153,post_10pct,20107.0,0.02601986674562151,0.4000000000014552,2751.0,2935.3230142758257,0.0,51.39318240863537
153,post_1pct,1995.0,0.12106448350025811,0.8400000000001455,338.0,350.4227140956708,0.0,17.96019266412952
154,pre_cut,199579.0,,,23842.0,24868.3913180484,0.0,158.96728176430784
154,post_10pct,20139.0,0.02601986674562151,0.4000000000014552,2749.0,2905.809783683398,0.0,51.18932693397285
154,post_1pct,2038.0,0.12106448350025811,0.8400000000001455,382.0,367.2384430036748,0.5417271777065866,18.992990613908894
155,pre_cut,200132.0,,,24161.0,24721.508123179563,0.0,158.62974994882444
155,post_10pct,20218.0,0.02601986674562151,0.4000000000014552,2792.0,2911.2966302053655,0.0,51.09769703671457
155,post_1pct,2057.0,0.12106448350025811,0.8400000000001455,359.0,378.2847428746596,0.0,19.26678944672491
156,pre_cut,199773.0,,,24060.0,25012.468632167143,0.0,159.69390983453897
156,post_10pct,20046.0,0.02601986674562151,0.4000000000014552,2707.0,2953.112986981071,0.0,51.59637330806218
156,post_1pct,2069.0,0.12106448350025811,0.8400000000001455,341.0,376.51629845461093,0.0,18.76754846333748
157,pre_cut,200129.0,,,24151.0,24772.077008849876,0.0,159.1119472453512
157,post_10pct,20035.0,0.02601986674562151,0.4000000000014552,2703.0,2900.6362154007093,0.0,51.266748545429046
157,post_1pct,2107.0,0.12106448350025811,0.8400000000001455,389.0,402.05793793924954,0.0,20.278991387731644
158,pre_cut,200238.0,,,24323.0,24966.369412611428,0.0,159.82112222976065
158,post_10pct,20058.0,0.02601986674562151,0.4000000000014552,2758.0,2910.9964232931557,0.0,51.31878594370536
158,post_1pct,1985.0,0.12106448350025811,0.8400000000001455,391.0,347.7754647775862,1.6093337546984694,18.223570650472066
159,pre_cut,199536.0,,,23814.0,24882.56127093002,0.0,159.32597302782742
159,post_10pct,20056.0,0.02601986674562151,0.4000000000014552,2738.0,2945.9554729717374,0.0,51.6931049266127
159,post_1pct,1973.0,0.12106448350025811,0.8400000000001455,347.0,370.05689641157704,0.0,18.94691854738459
160,pre_cut,199598.0,,,24030.0,24854.366607880656,0.0,159.34873644081466
160,post_10pct,19895.0,0.02601986674562151,0.4000000000014552,2793.0,2873.7908271454803,0.0,50.82699347867334
160,post_1pct,1955.0,0.12106448350025811,0.8400000000001455,366.0,367.3441505840653,0.0,19.02847987472441
161,pre_cut,200774.0,,,24465.0,25004.621614987525,0.0,159.87871024473918
161,post_10pct,20270.0,0.02601986674562151,0.4000000000014552,2769.0,2906.319643120104,0.0,50.69325922689446
161,post_1pct,2094.0,0.12106448350025811,0.8400000000001455,363.0,365.43791089322076,0.0,18.42930099197074
162,pre_cut,199954.0,,,24165.0,24983.194586424244,0.0,159.84946012350733
162,post_10pct,20053.0,0.02601986674562151,0.4000000000014552,2687.0,3027.319584321084,0.0,52.629055850460254
162,post_1pct,2057.0,0.12106448350025811,0.8400000000001455,,,,
163,pre_cut,199752.0,,,24102.0,24844.465627776175,0.0,159.2269006428065
163,post_10pct,19993.0,0.02601986674562151,0.4000000000014552,2718.0,2887.1848996863005,0.0,50.6499249320528
163,post_1pct,1934.0,0.12106448350025811,0.8400000000001455,356.0,361.2597253909468,0.0,18.669594729754476
164,pre_cut,199991.0,,,24063.0,24800.25958244604,0.0,159.04519256902196
164,post_10pct,20129.0,0.02601986674562151,0.4000000000014552,2859.0,2933.1486620909923,0.0,51.622452039540235
164,post_1pct,2054.0,0.12106448350025811,0.8400000000001455,404.0,385.26074214611197,0.6656020959644514,19.71306667596336
165,pre_cut,199312.0,,,23958.0,24840.158965988427,0.0,159.51316492669437
165,post_10pct,19882.0,0.02601986674562151,0.4000000000014552,2749.0,2896.5196892840277,0.0,50.93819445359386
165,post_1pct,1952.0,0.12106448350025811,0.8400000000001455,363.0,320.28489596506006,1.67557449280572,17.0294059430374
166,pre_cut,200566.0,,,24323.0,25002.276665755497,0.0,159.98757116334653
166,post_10pct,20208.0,0.02601986674562151,0.4000000000014552,2793.0,2901.829072930148,0.0,51.20339936585239
166,post_1pct,2000.0,0.12106448350025811,0.8400000000001455,378.0,345.49986886036544,1.2279077175354727,18.003493200969313
167,pre_cut,200584.0,,,24306.0,24915.9722012077,0.0,159.6687885436352
167,post_10pct,20111.0,0.02601986674562151,0.4000000000014552,2795.0,2935.843497132421,0.0,51.585304870664004
167,post_1pct,1960.0,0.12106448350025811,0.8400000000001455,370.0,355.8662892467317,0.5306453923536714,18.436056947435446
168,pre_cut,199795.0,,,24397.0,24719.50912768283,0.0,158.82368149045297
168,post_10pct,20254.0,0.02601986674562151,0.4000000000014552,2827.0,2897.3072410706914,0.0,50.759421153784736
168,post_1pct,1992.0,0.12106448350025811,0.8400000000001455,365.0,369.23463335524747,0.0,18.976524785397302
169,pre_cut,200564.0,,,24232.0,24723.712006056103,0.0,158.67382156107735
169,post_10pct,20173.0,0.02601986674562151,0.4000000000014552,2742.0,2910.211453203664,0.0,51.03874485533602
169,post_1pct,2016.0,0.12106448350025811,0.8400000000001455,352.0,381.96592485263244,0.0,19.13252980074484
170,pre_cut,200465.0,,,24144.0,24984.000382085207,0.0,159.6907515100218
170,post_10pct,20088.0,0.02601986674562151,0.4000000000014552,2770.0,2979.135087176915,0.0,52.144588026408854
170,post_1pct,1999.0,0.12106448350025811,0.8400000000001455,389.0,364.00245863291445,0.9216920832874794,18.640295904547948
171,pre_cut,200525.0,,,24374.0,24921.248188540834,0.0,159.5412519457584
171,post_10pct,20235.0,0.02601986674562151,0.4000000000014552,2691.0,2943.36025056144,0.0,51.531542863662644
171,post_1pct,2041.0,0.12106448350025811,0.8400000000001455,,,,
172,pre_cut,200087.0,,,24171.0,24709.909311122625,0.0,158.40980054964012
172,post_10pct,20023.0,0.02601986674562151,0.4000000000014552,2757.0,2908.179381747092,0.0,51.066359177798255
172,post_1pct,2003.0,0.12106448350025811,0.8400000000001455,351.0,359.76694974762034,0.0,18.41667745849318
173,pre_cut,200020.0,,,24184.0,24900.382797418875,0.0,159.12175170052274
173,post_10pct,20261.0,0.02601986674562151,0.4000000000014552,2729.0,2997.226965647464,0.0,51.82864375463553
173,post_1pct,2114.0,0.12106448350025811,0.8400000000001455,375.0,359.70542762090304,0.5761985550112779,18.178558955412694
174,pre_cut,200085.0,,,24036.0,24839.28602169134,0.0,159.13335222789846
174,post_10pct,20223.0,0.02601986674562151,0.4000000000014552,2688.0,2933.039463557743,0.0,51.413804245522684
174,post_1pct,2044.0,0.12106448350025811,0.8400000000001455,360.0,380.392785017511,0.0,19.258307368437315
175,pre_cut,199705.0,,,23883.0,24978.0826965209,0.0,159.53024503849798
175,post_10pct,20049.0,0.02601986674562151,0.4000000000014552,2766.0,2965.6713177592155,0.0,51.88250023795193
175,post_1pct,2010.0,0.12106448350025811,0.8400000000001455,337.0,386.39009215559554,0.0,19.452585169659496
176,pre_cut,199899.0,,,24397.0,24875.339683354796,0.0,159.11229488316687
176,post_10pct,19746.0,0.02601986674562151,0.4000000000014552,2657.0,2891.1940782259435,0.0,50.83494446056532
176,post_1pct,1983.0,0.12106448350025811,0.8400000000001455,350.0,370.55872653174345,0.0,18.93062851310036
177,pre_cut,200318.0,,,24066.0,24846.856551374854,0.0,159.29138142575044
177,post_10pct,20089.0,0.02601986674562151,0.4000000000014552,2664.0,2963.395081561308,0.0,51.66267198254016
177,post_1pct,1945.0,0.12106448350025811,0.8400000000001455,339.0,372.19393838005885,0.0,18.96721747610005
178,pre_cut,199934.0,,,24307.0,24788.358114631694,0.0,158.9552998786
178,post_10pct,19941.0,0.02601986674562151,0.4000000000014552,2736.0,2954.344647087552,0.0,51.81085474294571
178,post_1pct,2028.0,0.12106448350025811,0.8400000000001455,360.0,372.58652181103037,0.0,18.87528940595257
179,pre_cut,200734.0,,,24071.0,24894.566776099386,0.0,159.2755886507019
179,post_10pct,20121.0,0.02601986674562151,0.4000000000014552,2766.0,2954.2515984964484,0.0,51.75880060370714
179,post_1pct,2070.0,0.12106448350025811,0.8400000000001455,360.0,391.46305663479257,0.0,19.255288558659686
180,pre_cut,200603.0,,,24432.0,24935.42762360793,0.0,159.49717351525317
180,post_10pct,20176.0,0.02601986674562151,0.4000000000014552,2821.0,2990.4343147841605,0.0,52.066085919915096
180,post_1pct,2032.0,0.12106448350025811,0.8400000000001455,,,,
181,pre_cut,200108.0,,,23831.0,25026.516198152844,0.0,159.72792440222088
181,post_10pct,20028.0,0.02601986674562151,0.4000000000014552,2727.0,2960.482250281715,0.0,52.07416960234122
181,post_1pct,2062.0,0.12106448350025811,0.8400000000001455,403.0,340.58638205591745,2.3371072546860128,17.726902550287985
182,pre_cut,198911.0,,,23973.0,24466.426934001087,0.0,157.99797875545065
182,post_10pct,19911.0,0.02601986674562151,0.4000000000014552,2660.0,2948.4320028762654,0.0,51.80646392618936
182,post_1pct,2034.0,0.12106448350025811,0.8400000000001455,366.0,400.31267801563547,0.0,20.20065634392383
183,pre_cut,200648.0,,,24270.0,24863.48952691792,0.0,159.31157511974138
183,post_10pct,20216.0,0.02601986674562151,0.4000000000014552,2821.0,2878.6815098376865,0.0,50.66821757409887
183,post_1pct,1936.0,0.12106448350025811,0.8400000000001455,371.0,370.38475065397495,0.022669088257683524,19.120920825168994
184,pre_cut,199894.0,,,24191.0,24778.49921152371,0.0,158.68625128343356
184,post_10pct,19950.0,0.02601986674562151,0.4000000000014552,2665.0,2910.332091453067,0.0,51.04364266576839
184,post_1pct,1995.0,0.12106448350025811,0.8400000000001455,326.0,369.0425644639476,0.0,18.73215189968944
185,pre_cut,200032.0,,,24198.0,24669.74334304031,0.0,158.25770473445365
185,post_10pct,20366.0,0.02601986674562151,0.4000000000014552,2728.0,2920.1980612303973,0.0,50.94228095772051
185,post_1pct,2040.0,0.12106448350025811,0.8400000000001455,349.0,375.3514204822037,0.0,19.10086898124288
186,pre_cut,200316.0,,,24353.0,24835.93327125354,0.0,159.49155512363984
186,post_10pct,20232.0,0.02601986674562151,0.4000000000014552,2814.0,2985.597015923404,0.0,52.08798754225389
186,post_1pct,2135.0,0.12106448350025811,0.8400000000001455,381.0,386.4152457483342,0.0,19.2174142146522
187,pre_cut,200368.0,,,24228.0,24958.254491882057,0.0,159.45721806518884
187,post_10pct,20180.0,0.02601986674562151,0.4000000000014552,2753.0,3026.8306050526453,0.0,52.65163885313211
187,post_1pct,2015.0,0.12106448350025811,0.8400000000001455,364.0,370.2118585843213,0.0,18.89276934457611
188,pre_cut,200353.0,,,24050.0,24778.469111330814,0.0,159.2567696812264
188,post_10pct,19818.0,0.02601986674562151,0.4000000000014552,2776.0,2833.942356158006,0.0,50.37596655796308
188,post_1pct,1988.0,0.12106448350025811,0.8400000000001455,387.0,335.01723545224974,1.9488160135218118,18.056786778791686
189,pre_cut,199755.0,,,24288.0,24714.832040049325,0.0,158.61879857302324
189,post_10pct,19972.0,0.02601986674562151,0.4000000000014552,2655.0,2921.464610699739,0.0,51.512535389466024
189,post_1pct,2026.0,0.12106448350025811,0.8400000000001455,330.0,399.57701327070833,0.0,19.940071364375388
190,pre_cut,199687.0,,,23926.0,24884.283214927862,0.0,159.28909617549817
190,post_10pct,19869.0,0.02601986674562151,0.4000000000014552,2708.0,2890.6959665875015,0.0,50.79371747599956
190,post_1pct,1975.0,0.12106448350025811,0.8400000000001455,362.0,374.4817657666889,0.0,18.930590936480648
191,pre_cut,199800.0,,,24025.0,24659.54259282062,0.0,158.29616253275213
191,post_10pct,20290.0,0.02601986674562151,0.4000000000014552,2714.0,2949.241100787854,0.0,51.530314344780535
191,post_1pct,2091.0,0.12106448350025811,0.8400000000001455,363.0,370.4395785148946,0.0,18.842306654411637
192,pre_cut,199920.0,,,24189.0,25003.822873043875,0.0,159.65371961312692
192,post_10pct,19743.0,0.02601986674562151,0.4000000000014552,2773.0,2800.3567426782224,0.0,49.93454997292635
192,post_1pct,1952.0,0.12106448350025811,0.8400000000001455,366.0,365.33890872281495,0.02481922485733787,18.534202526648556
193,pre_cut,200198.0,,,24293.0,24678.12357062332,0.0,158.1680622798657
193,post_10pct,20063.0,0.02601986674562151,0.4000000000014552,2754.0,2949.446960870263,0.0,51.63556943561354
193,post_1pct,2014.0,0.12106448350025811,0.8400000000001455,365.0,367.0517898260707,0.0,18.787843896543666
194,pre_cut,199117.0,,,24147.0,24699.218078248286,0.0,158.73924661987311
194,post_10pct,19955.0,0.02601986674562151,0.4000000000014552,2638.0,2893.2897155462215,0.0,51.10368063467299
194,post_1pct,2011.0,0.12106448350025811,0.8400000000001455,326.0,375.0618404524201,0.0,18.82891603193337
195,pre_cut,199924.0,,,24275.0,24975.133808898216,0.0,159.89712781274997
195,post_10pct,19947.0,0.02601986674562151,0.4000000000014552,2740.0,2892.6119455795383,0.0,50.90236202123088
195,post_1pct,2025.0,0.12106448350025811,0.8400000000001455,355.0,360.3738067056312,0.0,18.57208917239097
196,pre_cut,199999.0,,,24064.0,24976.699074070773,0.0,159.811234963096
196,post_10pct,19927.0,0.02601986674562151,0.4000000000014552,2701.0,2987.5348545402817,0.0,52.2323417039086
196,post_1pct,1995.0,0.12106448350025811,0.8400000000001455,347.0,393.69010521905864,0.0,19.707293895559864
197,pre_cut,200330.0,,,24060.0,24993.143812144364,0.0,159.7033483749914
197,post_10pct,20230.0,0.02601986674562151,0.4000000000014552,2704.0,3007.742008968573,0.0,52.424314756476235
197,post_1pct,2077.0,0.12106448350025811,0.8400000000001455,377.0,394.37260374645314,0.0,19.648247115360174
198,pre_cut,199629.0,,,24073.0,24587.281470525006,0.0,158.1477703468219
198,post_10pct,19960.0,0.02601986674562151,0.4000000000014552,2835.0,2910.5817412741926,0.0,51.11193731977494
198,post_1pct,2067.0,0.12106448350025811,0.8400000000001455,423.0,378.4646448351551,1.5794495718662045,19.310699014096535
199,pre_cut,200654.0,,,24447.0,24919.828869308454,0.0,159.4855519445466
199,post_10pct,20091.0,0.02601986674562151,0.4000000000014552,2784.0,2899.034571506896,0.0,51.29621240753397
199,post_1pct,1985.0,0.12106448350025811,0.8400000000001455,329.0,379.3033287592311,0.0,18.910488619177496
200,pre_cut,199793.0,,,24087.0,24895.1966754612,0.0,159.8312507124706
200,post_10pct,20112.0,0.02601986674562151,0.4000000000014552,2718.0,2986.3463671231375,0.0,51.954165837005306
200,post_1pct,1944.0,0.12106448350025811,0.8400000000001455,351.0,365.0633834192713,0.0,18.745040866119595
201,pre_cut,199960.0,,,24146.0,24919.79733656229,0.0,159.7750150589743
201,post_10pct,19996.0,0.02601986674562151,0.4000000000014552,2764.0,2935.2306471862676,0.0,51.47595928329607
201,post_1pct,1987.0,0.12106448350025811,0.8400000000001455,330.0,396.630213913865,0.0,19.852576287358865
202,pre_cut,200418.0,,,24255.0,24732.68054723431,0.0,158.92166013909585
202,post_10pct,20087.0,0.02601986674562151,0.4000000000014552,2781.0,2831.7867137172034,0.0,50.316489423420286
202,post_1pct,1974.0,0.12106448350025811,0.8400000000001455,385.0,345.76788787214457,1.4674129247677088,18.199826920519623
203,pre_cut,199964.0,,,24197.0,24842.47390899113,0.0,159.12368531260924
203,post_10pct,20219.0,0.02601986674562151,0.4000000000014552,2711.0,2901.226537964939,0.0,50.92784156360689
203,post_1pct,1903.0,0.12106448350025811,0.8400000000001455,343.0,336.2714555348619,0.26228233574767085,17.75972084848066
204,pre_cut,199354.0,,,24225.0,24670.496181872873,0.0,158.5203622823817
204,post_10pct,19967.0,0.02601986674562151,0.4000000000014552,2876.0,2855.7203060611328,0.2752363622744703,50.54037849887316
204,post_1pct,2004.0,0.12106448350025811,0.8400000000001455,401.0,352.1520543384285,1.7992590313444925,18.382053590088507
205,pre_cut,200631.0,,,24129.0,25098.07640278573,0.0,160.00838914625183
205,post_10pct,20312.0,0.02601986674562151,0.4000000000014552,2748.0,3003.3701098761703,0.0,52.0004812786057
205,post_1pct,2114.0,0.12106448350025811,0.8400000000001455,368.0,383.7222743182349,0.0,18.8949129549082
206,pre_cut,200196.0,,,24109.0,24907.60863745813,0.0,159.58998858515358
206,post_10pct,20019.0,0.02601986674562151,0.4000000000014552,2689.0,2914.2098292128658,0.0,51.19027558135278
206,post_1pct,2019.0,0.12106448350025811,0.8400000000001455,364.0,366.3638467894367,0.0,18.793621171617687
207,pre_cut,199447.0,,,23941.0,24947.957749505433,0.0,159.6556425444946
207,post_10pct,20062.0,0.02601986674562151,0.4000000000014552,2720.0,2972.082304825066,0.0,51.66598798097721
207,post_1pct,1991.0,0.12106448350025811,0.8400000000001455,323.0,379.55116231022237,0.0,18.807653167646222
208,pre_cut,199816.0,,,23900.0,24941.38945008838,0.0,159.6302054110543
208,post_10pct,20118.0,0.02601986674562151,0.4000000000014552,2712.0,2917.556444040005,0.0,51.249523126607194
208,post_1pct,2002.0,0.12106448350025811,0.8400000000001455,361.0,381.27904151333917,0.0,19.257728408740263
209,pre_cut,200394.0,,,23931.0,24950.54710109626,0.0,159.65692309404804
209,post_10pct,20333.0,0.02601986674562151,0.4000000000014552,2759.0,3005.490818751374,0.0,52.310182633646676
209,post_1pct,2050.0,0.12106448350025811,0.8400000000001455,360.0,381.3357422404083,0.0,19.413742475516706
210,pre_cut,199984.0,,,24115.0,24771.04150285017,0.0,159.00841906881254
210,post_10pct,19973.0,0.02601986674562151,0.4000000000014552,2752.0,2939.682571133634,0.0,51.498722545642295
210,post_1pct,1996.0,0.12106448350025811,0.8400000000001455,351.0,389.5358240498158,0.0,19.814157414986546
211,pre_cut,199827.0,,,24194.0,24739.05657056887,0.0,158.64045625116802
211,post_10pct,19923.0,0.02601986674562151,0.4000000000014552,2703.0,2919.7275264207838,0.0,51.30236004235933
211,post_1pct,2054.0,0.12106448350025811,0.8400000000001455,378.0,383.42429274916907,0.0,19.438277305611955
212,pre_cut,199964.0,,,24076.0,24900.62727243344,0.0,159.66423460986624
212,post_10pct,20126.0,0.02601986674562151,0.4000000000014552,2796.0,2956.5683626033588,0.0,52.028138101590166
212,post_1pct,2041.0,0.12106448350025811,0.8400000000001455,397.0,350.6303361799636,1.7122758433381955,18.383528584167838
213,pre_cut,199616.0,,,24095.0,24787.395889155894,0.0,159.06622897638417
213,post_10pct,20267.0,0.02601986674562151,0.4000000000014552,2784.0,2936.580831224923,0.0,51.38504797184402
213,post_1pct,2040.0,0.12106448350025811,0.8400000000001455,372.0,364.23322320223446,0.28987904766212685,18.60494813576542
214,pre_cut,199686.0,,,23632.0,24725.637744218242,0.0,158.78725160565276
214,post_10pct,19973.0,0.02601986674562151,0.4000000000014552,2685.0,2961.450934598441,0.0,51.755952860688026
214,post_1pct,2034.0,0.12106448350025811,0.8400000000001455,363.0,390.27421963156536,0.0,19.53191882920956
215,pre_cut,199843.0,,,24153.0,24797.815325635966,0.0,158.86337868599907
215,post_10pct,20174.0,0.02601986674562151,0.4000000000014552,2726.0,2968.4602786686833,0.0,52.020615307424436
215,post_1pct,2032.0,0.12106448350025811,0.8400000000001455,341.0,388.46823507783535,0.0,19.310743233090992
216,pre_cut,200216.0,,,24057.0,24854.046730982926,0.0,158.9412590372232
216,post_10pct,20196.0,0.02601986674562151,0.4000000000014552,2682.0,2899.8221867032244,0.0,50.65295976891676
216,post_1pct,2015.0,0.12106448350025811,0.8400000000001455,354.0,384.0154008980601,0.0,19.264146438586167
217,pre_cut,198998.0,,,23844.0,24741.113986317214,0.0,158.80912022574915
217,post_10pct,19761.0,0.02601986674562151,0.4000000000014552,2746.0,2853.1303670131933,0.0,50.32520410750502
217,post_1pct,1905.0,0.12106448350025811,0.8400000000001455,360.0,344.44297725470494,0.5960321038259849,17.944153099316814
218,pre_cut,199615.0,,,24018.0,24795.81653674809,0.0,158.98377944048602
218,post_10pct,20075.0,0.02601986674562151,0.4000000000014552,2704.0,2958.3184732506415,0.0,51.49898525079842
218,post_1pct,2019.0,0.12106448350025811,0.8400000000001455,338.0,370.1306718668268,0.0,18.621246702387012
219,pre_cut,200498.0,,,24260.0,24886.31272751226,0.0,159.2644092041443
219,post_10pct,20114.0,0.02601986674562151,0.4000000000014552,2815.0,2924.7870474987653,0.0,51.32640068300637
219,post_1pct,2078.0,0.12106448350025811,0.8400000000001455,,,,
220,pre_cut,199553.0,,,23702.0,24729.96115753361,0.0,158.65340971741236
220,post_10pct,19952.0,0.02601986674562151,0.4000000000014552,2658.0,2981.3363536637175,0.0,52.153409011037326
220,post_1pct,2023.0,0.12106448350025811,0.8400000000001455,363.0,373.55254731344155,0.0,18.937226342613908
221,pre_cut,199229.0,,,23810.0,24799.61877572786,0.0,158.52762358946694
221,post_10pct,20107.0,0.02601986674562151,0.4000000000014552,2748.0,2908.8945307361537,0.0,51.07843487347793
221,post_1pct,2143.0,0.12106448350025811,0.8400000000001455,369.0,389.1531287392911,0.0,19.38634861442729
222,pre_cut,199796.0,,,24323.0,24717.117155904125,0.0,158.70512858897763
222,post_10pct,19998.0,0.02601986674562151,0.4000000000014552,2784.0,2937.7920419132306,0.0,51.560141141516546
222,post_1pct,1990.0,0.12106448350025811,0.8400000000001455,336.0,372.6172571718056,0.0,19.080110118574122
223,pre_cut,200435.0,,,24228.0,24964.56475959845,0.0,159.6078850060722
223,post_10pct,20391.0,0.02601986674562151,0.4000000000014552,2804.0,3000.201699308341,0.0,52.348086048071565
223,post_1pct,2105.0,0.12106448350025811,0.8400000000001455,386.0,409.85833217002425,0.0,20.32040402360409
224,pre_cut,199656.0,,,24127.0,24717.923571010913,0.0,158.72054022265635
224,post_10pct,20161.0,0.02601986674562151,0.4000000000014552,2738.0,2933.3322060381734,0.0,51.181065772737846
224,post_1pct,1983.0,0.12106448350025811,0.8400000000001455,333.0,360.15534197152886,0.0,18.238280892688884
225,pre_cut,200302.0,,,24209.0,24758.018173564225,0.0,158.78778352389503
225,post_10pct,20106.0,0.02601986674562151,0.4000000000014552,2765.0,2936.8091185222574,0.0,51.52296132896079
225,post_1pct,2036.0,0.12106448350025811,0.8400000000001455,369.0,389.3112669881935,0.0,19.44709384555103
226,pre_cut,200087.0,,,24153.0,24717.81052640921,0.0,158.46172581456577
226,post_10pct,20105.0,0.02601986674562151,0.4000000000014552,2771.0,2923.080387019169,0.0,51.24918528373571
226,post_1pct,2049.0,0.12106448350025811,0.8400000000001455,379.0,375.96222011681743,0.11129356432500727,19.133297273426397
227,pre_cut,199749.0,,,24332.0,24643.955801401542,0.0,158.64186141300715
227,post_10pct,19806.0,0.02601986674562151,0.4000000000014552,2770.0,2832.610982480004,0.0,50.47012674436022
227,post_1pct,1984.0,0.12106448350025811,0.8400000000001455,368.0,368.9880857676412,0.0,19.14827977993742
228,pre_cut,200087.0,,,24227.0,24958.268164536257,0.0,159.6283397062845
228,post_10pct,20044.0,0.02601986674562151,0.4000000000014552,2799.0,2902.3199042700553,0.0,51.13003845963872
228,post_1pct,2001.0,0.12106448350025811,0.8400000000001455,365.0,376.039944825108,0.0,18.960753812834668
229,pre_cut,200773.0,,,24102.0,24806.49360339206,0.0,158.6964626472634
229,post_10pct,20250.0,0.02601986674562151,0.4000000000014552,2713.0,2962.9320972719083,0.0,51.50985161880681
229,post_1pct,2039.0,0.12106448350025811,0.8400000000001455,360.0,369.33577473295156,0.0,18.80808975043233
230,pre_cut,199513.0,,,24199.0,24759.554163044202,0.0,158.85666154956328
230,post_10pct,19845.0,0.02601986674562151,0.4000000000014552,2749.0,2841.5749885969717,0.0,50.36811738853645
230,post_1pct,1923.0,0.12106448350025811,0.8400000000001455,359.0,348.3863585057629,0.40390355806987444,18.21748583756148
231,pre_cut,200172.0,,,23976.0,24864.95261518399,0.0,159.1777535751294
231,post_10pct,20108.0,0.02601986674562151,0.4000000000014552,2733.0,2982.4250921178336,0.0,51.94276404990642
231,post_1pct,1981.0,0.12106448350025811,0.8400000000001455,333.0,396.03140244844946,0.0,20.063183553926894
232,pre_cut,200009.0,,,24191.0,24777.319543580285,0.0,159.15713754663543
232,post_10pct,20216.0,0.02601986674562151,0.4000000000014552,2818.0,2973.957382644443,0.0,51.81815882951461
232,post_1pct,2000.0,0.12106448350025811,0.8400000000001455,358.0,350.06195778431226,0.3027951553502152,18.15478687224261
233,pre_cut,200723.0,,,24095.0,24912.70394442764,0.0,159.35941493724889
233,post_10pct,20218.0,0.02601986674562151,0.4000000000014552,2689.0,2992.39611458309,0.0,52.22730789563542
233,post_1pct,1998.0,0.12106448350025811,0.8400000000001455,351.0,361.18945433027346,0.0,18.563246555373983
234,pre_cut,199197.0,,,24053.0,24713.071802908496,0.0,158.58354213780845
234,post_10pct,19973.0,0.02601986674562151,0.4000000000014552,2674.0,2972.3405520881015,0.0,52.10036558329594
234,post_1pct,2031.0,0.12106448350025811,0.8400000000001455,375.0,404.2798583935212,0.0,20.035487844111913
235,pre_cut,199929.0,,,24186.0,24842.16160372865,0.0,159.16222391091827
235,post_10pct,20268.0,0.02601986674562151,0.4000000000014552,2757.0,2940.922604176622,0.0,51.559496215720664
235,post_1pct,2050.0,0.12106448350025811,0.8400000000001455,415.0,377.1823748529994,1.3525259719087992,19.176336499501016
236,pre_cut,199737.0,,,24267.0,24789.199550986752,0.0,158.97545085580057
236,post_10pct,20029.0,0.02601986674562151,0.4000000000014552,2739.0,2868.7579810013963,0.0,50.528636860965506
236,post_1pct,2108.0,0.12106448350025811,0.8400000000001455,372.0,373.63172837337595,0.0,18.7059720758305
237,pre_cut,199413.0,,,24165.0,24594.239987620917,0.0,158.31065099572572
237,post_10pct,19918.0,0.02601986674562151,0.4000000000014552,2650.0,2946.423092192753,0.0,51.67431492774851
237,post_1pct,2018.0,0.12106448350025811,0.8400000000001455,355.0,362.83576023216744,0.0,18.56871262338136
238,pre_cut,200566.0,,,24220.0,24949.44273342427,0.0,160.03398274612238
238,post_10pct,20180.0,0.02601986674562151,0.4000000000014552,2774.0,2975.5469995098756,0.0,52.3155046950345
238,post_1pct,2043.0,0.12106448350025811,0.8400000000001455,362.0,380.2038978516846,0.0,19.25528146401225
239,pre_cut,199468.0,,,24123.0,24896.03185362116,0.0,159.3889327400803
239,post_10pct,20120.0,0.02601986674562151,0.4000000000014552,2772.0,2915.6071090352307,0.0,51.11833048622123
239,post_1pct,2077.0,0.12106448350025811,0.8400000000001455,418.0,368.9785023419379,1.763464630117477,18.87773010645466
240,pre_cut,200013.0,,,23937.0,24834.505689686972,0.0,159.32365038407713
240,post_10pct,20038.0,0.02601986674562151,0.4000000000014552,2732.0,2961.1446453474873,0.0,51.81163043379914
240,post_1pct,2013.0,0.12106448350025811,0.8400000000001455,350.0,382.5253769523357,0.0,19.360061939770127
241,pre_cut,199488.0,,,24174.0,24884.41314973373,0.0,159.91088636334234
241,post_10pct,19880.0,0.02601986674562151,0.4000000000014552,2679.0,2909.9057710828383,0.0,51.220169410444925
241,post_1pct,2049.0,0.12106448350025811,0.8400000000001455,359.0,385.85344849589393,0.0,19.308307344261063
242,pre_cut,199690.0,,,24337.0,24777.000165072815,0.0,158.6742348962151
242,post_10pct,20033.0,0.02601986674562151,0.4000000000014552,2710.0,2914.1081440328526,0.0,51.020654142719295
242,post_1pct,1972.0,0.12106448350025811,0.8400000000001455,360.0,356.1253903381654,0.1465462751898461,18.416658762066813
243,pre_cut,200258.0,,,24232.0,24926.819097237734,0.0,159.57103119468277
243,post_10pct,20289.0,0.02601986674562151,0.4000000000014552,2822.0,2946.4597200283906,0.0,51.631769921698826
243,post_1pct,2055.0,0.12106448350025811,0.8400000000001455,387.0,388.99457765327384,0.0,19.561081480465955
244,pre_cut,199413.0,,,24003.0,24904.671379901498,0.0,159.9353983374514
244,post_10pct,19915.0,0.02601986674562151,0.4000000000014552,2760.0,2918.04284525646,0.0,51.651736360818305
244,post_1pct,2047.0,0.12106448350025811,0.8400000000001455,382.0,409.8428624280594,0.0,20.475332208592153
245,pre_cut,199784.0,,,24061.0,24864.05519685548,0.0,159.47110142646287
245,post_10pct,20177.0,0.02601986674562151,0.4000000000014552,2715.0,2981.90907037575,0.0,52.25913563603801
245,post_1pct,2136.0,0.12106448350025811,0.8400000000001455,362.0,402.85846149276574,0.0,19.899075104778323
246,pre_cut,200140.0,,,24250.0,24957.53401416708,0.0,159.76177403840143
246,post_10pct,20254.0,0.02601986674562151,0.4000000000014552,2780.0,2972.8922711283617,0.0,51.927734164465264
246,post_1pct,2123.0,0.12106448350025811,0.8400000000001455,352.0,415.41983760972585,0.0,19.962182750848935
247,pre_cut,200047.0,,,24053.0,24852.175063535462,0.0,159.27552553364077
247,post_10pct,20125.0,0.02601986674562151,0.4000000000014552,2745.0,2931.3672315489493,0.0,51.37832636712322
247,post_1pct,2043.0,0.12106448350025811,0.8400000000001455,371.0,401.96115566040027,0.0,19.80405663949108
248,pre_cut,200467.0,,,24256.0,24795.3591350283,0.0,159.09966808045763
248,post_10pct,20149.0,0.02601986674562151,0.4000000000014552,2785.0,2954.460445819688,0.0,51.86288146376102
248,post_1pct,2039.0,0.12106448350025811,0.8400000000001455,351.0,387.8544139247685,0.0,19.341187888430014
249,pre_cut,199990.0,,,24191.0,24846.070770214963,0.0,159.31246247504555
249,post_10pct,19969.0,0.02601986674562151,0.4000000000014552,2829.0,2929.718643849179,0.0,51.507914185737775
249,post_1pct,1978.0,0.12106448350025811,0.8400000000001455,372.0,356.1363846500811,0.5940151425258621,18.484651593105955
250,pre_cut,199763.0,,,24489.0,24604.815211485016,0.0,158.08984231632206
250,post_10pct,20123.0,0.02601986674562151,0.4000000000014552,2869.0,2968.5795734692247,0.0,52.022266972569625
250,post_1pct,2017.0,0.12106448350025811,0.8400000000001455,370.0,374.2002486513973,0.0,18.830859139073162
251,pre_cut,199808.0,,,24243.0,24884.109119472796,0.0,159.14154040527637
251,post_10pct,20058.0,0.02601986674562151,0.4000000000014552,2745.0,2923.70395543978,0.0,51.23273065305219
251,post_1pct,2016.0,0.12106448350025811,0.8400000000001455,348.0,385.44697809735453,0.0,19.420654737758632
252,pre_cut,200703.0,,,24325.0,24759.605929026726,0.0,158.40564223999132
252,post_10pct,20250.0,0.02601986674562151,0.4000000000014552,2752.0,2914.5140198409435,0.0,51.13224753007779
252,post_1pct,2024.0,0.12106448350025811,0.8400000000001455,,,,
253,pre_cut,200538.0,,,24125.0,24990.553130366574,0.0,159.44196477492315
253,post_10pct,20251.0,0.02601986674562151,0.4000000000014552,2700.0,2938.36749273854,0.0,51.36382986952858
253,post_1pct,2006.0,0.12106448350025811,0.8400000000001455,343.0,385.102951515164,0.0,19.43923301591624
254,pre_cut,200201.0,,,24284.0,24885.410288016847,0.0,159.59820942338547
254,post_10pct,20218.0,0.02601986674562151,0.4000000000014552,2757.0,2912.235769845579,0.0,51.23917626865528
254,post_1pct,1996.0,0.12106448350025811,0.8400000000001455,364.0,368.42181682830306,0.0,18.99366448198441
255,pre_cut,200270.0,,,24105.0,24917.49135583698,0.0,159.30277719818707
255,post_10pct,20091.0,0.02601986674562151,0.4000000000014552,2724.0,2961.9386460566893,0.0,51.73734616371841
255,post_1pct,2028.0,0.12106448350025811,0.8400000000001455,345.0,387.9177830364164,0.0,19.39440781580057
256,pre_cut,199881.0,,,24284.0,24829.783077914504,0.0,159.12653683276676
256,post_10pct,20121.0,0.02601986674562151,0.4000000000014552,2868.0,2921.003121349569,0.0,51.414112072160506
256,post_1pct,2042.0,0.12106448350025811,0.8400000000001455,382.0,408.72708149146484,0.0,20.337008263845902
257,pre_cut,199961.0,,,24048.0,24699.283397199026,0.0,158.63251396692468
257,post_10pct,19864.0,0.02601986674562151,0.4000000000014552,2719.0,2860.0135253761064,0.0,50.79692748294777
257,post_1pct,2020.0,0.12106448350025811,0.8400000000001455,333.0,387.44051864535305,0.0,19.48761852011337
258,pre_cut,199620.0,,,24110.0,24725.21641200561,0.0,158.69426602245807
258,post_10pct,19618.0,0.02601986674562151,0.4000000000014552,2674.0,2856.9370523147827,0.0,50.72682672601307
258,post_1pct,1996.0,0.12106448350025811,0.8400000000001455,356.0,367.66962238233884,0.0,18.85529402934654
259,pre_cut,200292.0,,,24057.0,24824.716757889633,0.0,159.06074257320205
259,post_10pct,20154.0,0.02601986674562151,0.4000000000014552,2737.0,2930.5491955075595,0.0,51.44278458709514
259,post_1pct,2041.0,0.12106448350025811,0.8400000000001455,350.0,407.18173307068287,0.0,20.034863321034475
260,pre_cut,199690.0,,,24351.0,24885.555739242933,0.0,159.47088346978163
260,post_10pct,20206.0,0.02601986674562151,0.4000000000014552,2825.0,3039.2909531536884,0.0,52.772915062359
260,post_1pct,2066.0,0.12106448350025811,0.8400000000001455,399.0,345.30602151220324,2.0051726707995696,17.92129172239611
261,pre_cut,200356.0,,,24164.0,24967.452784904563,0.0,159.46520747706347
261,post_10pct,19993.0,0.02601986674562151,0.4000000000014552,2814.0,2922.0782262717094,0.0,51.28509958008599
261,post_1pct,2041.0,0.12106448350025811,0.8400000000001455,392.0,357.44907276995696,1.2806394188939512,18.369475691791642
262,pre_cut,200115.0,,,24152.0,24680.93386517375,0.0,158.5246160268556
262,post_10pct,20093.0,0.02601986674562151,0.4000000000014552,2820.0,2922.1304063894568,0.0,51.45479590794187
262,post_1pct,2028.0,0.12106448350025811,0.8400000000001455,389.0,387.5316578069286,0.05269219596063782,19.68596209545387
263,pre_cut,200719.0,,,24352.0,24812.48088026928,0.0,159.21350921240582
263,post_10pct,20268.0,0.02601986674562151,0.4000000000014552,2811.0,2941.6386467923335,0.0,51.75698191965708
263,post_1pct,2043.0,0.12106448350025811,0.8400000000001455,359.0,386.9681261419689,0.0,19.663792312808816
264,pre_cut,200477.0,,,23938.0,25032.280979910844,0.0,160.04523337502533
264,post_10pct,20070.0,0.02601986674562151,0.4000000000014552,2708.0,2955.4497743544243,0.0,51.93065435635732
264,post_1pct,2032.0,0.12106448350025811,0.8400000000001455,362.0,419.05819073141805,0.0,20.89182847028064
265,pre_cut,200475.0,,,24076.0,24796.353711599655,0.0,159.0527433564576
265,post_10pct,20207.0,0.02601986674562151,0.4000000000014552,2720.0,2883.062273944499,0.0,50.562826541604196
265,post_1pct,2054.0,0.12106448350025811,0.8400000000001455,373.0,361.30215919427803,0.4397679570374795,18.307263497479365
266,pre_cut,199701.0,,,24225.0,24842.388543994093,0.0,159.1077136114535
266,post_10pct,20165.0,0.02601986674562151,0.4000000000014552,2752.0,2969.495585139356,0.0,51.93946152611408
266,post_1pct,1984.0,0.12106448350025811,0.8400000000001455,358.0,355.94983974637864,0.07777854107640575,18.35396916231563
267,pre_cut,201137.0,,,24247.0,24920.995085837785,0.0,159.16146724975872
267,post_10pct,20126.0,0.02601986674562151,0.4000000000014552,2735.0,2917.867986109184,0.0,51.05943140701177
267,post_1pct,1965.0,0.12106448350025811,0.8400000000001455,330.0,376.26271423855854,0.0,18.906406020420327
268,pre_cut,200249.0,,,24482.0,24847.402548418846,0.0,159.40406540404453
268,post_10pct,19983.0,0.02601986674562151,0.4000000000014552,2766.0,2848.7533319732615,0.0,50.687433553588086
268,post_1pct,2012.0,0.12106448350025811,0.8400000000001455,326.0,366.9985978258032,0.0,18.89584090534722
269,pre_cut,199768.0,,,23942.0,24911.469479419065,0.0,159.3056302343684
269,post_10pct,20254.0,0.02601986674562151,0.4000000000014552,2706.0,2913.004422684752,0.0,50.940643598403206
269,post_1pct,2082.0,0.12106448350025811,0.8400000000001455,363.0,382.7004162734788,0.0,18.88206492901459
270,pre_cut,199603.0,,,23590.0,24828.76344550411,0.0,159.35621492365985
270,post_10pct,20130.0,0.02601986674562151,0.4000000000014552,2756.0,2960.21719971571,0.0,51.87988812770985
270,post_1pct,1954.0,0.12106448350025811,0.8400000000001455,361.0,380.97030156297564,0.0,19.45449874276962
271,pre_cut,199332.0,,,23894.0,24706.246438367012,0.0,158.8127561746689
271,post_10pct,20060.0,0.02601986674562151,0.4000000000014552,2697.0,3009.2414247727247,0.0,52.22261729020067
271,post_1pct,2033.0,0.12106448350025811,0.8400000000001455,348.0,374.15721356923984,0.0,18.667385351698005
272,pre_cut,199682.0,,,23875.0,24845.78456353338,0.0,159.1234062582169
272,post_10pct,20040.0,0.02601986674562151,0.4000000000014552,2737.0,2912.4899218414366,0.0,51.06390475239027
272,post_1pct,1994.0,0.12106448350025811,0.8400000000001455,336.0,373.9664425750059,0.0,18.917744263127954
273,pre_cut,199880.0,,,23857.0,24847.529181561076,0.0,159.3255075507149
273,post_10pct,20280.0,0.02601986674562151,0.4000000000014552,2850.0,2948.4902689835644,0.0,51.79484453278996
273,post_1pct,1993.0,0.12106448350025811,0.8400000000001455,369.0,357.61825408284733,0.42811700586075396,18.39114290478385
274,pre_cut,200058.0,,,24021.0,24760.862366052723,0.0,158.72945588652274
274,post_10pct,20204.0,0.02601986674562151,0.4000000000014552,2781.0,2944.654210151655,0.0,51.73203953427171
274,post_1pct,2075.0,0.12106448350025811,0.8400000000001455,371.0,391.8158112571043,0.0,19.6651431193504
275,pre_cut,199568.0,,,24044.0,24714.81717281312,0.0,158.90658895911847
275,post_10pct,20113.0,0.02601986674562151,0.4000000000014552,2754.0,2930.6271750447513,0.0,51.23178867621031
275,post_1pct,2023.0,0.12106448350025811,0.8400000000001455,350.0,380.86383079673806,0.0,19.368487548476004
276,pre_cut,200098.0,,,24383.0,24615.88531472726,0.0,158.28840470172932
276,post_10pct,20170.0,0.02601986674562151,0.4000000000014552,2776.0,2926.688205295278,0.0,51.49415772989965
276,post_1pct,2068.0,0.12106448350025811,0.8400000000001455,402.0,357.74789006816735,1.630832308078461,18.34293334147279
277,pre_cut,199236.0,,,23929.0,24840.5794909466,0.0,159.42893013760195
277,post_10pct,20191.0,0.02601986674562151,0.4000000000014552,2770.0,2934.1996746140694,0.0,51.579042233089
277,post_1pct,2000.0,0.12106448350025811,0.8400000000001455,380.0,350.0311343092768,1.1217686293358708,18.297545495822874
278,pre_cut,198942.0,,,23849.0,24856.548154345226,0.0,159.41354753540608
278,post_10pct,20014.0,0.02601986674562151,0.4000000000014552,2720.0,2919.238527070538,0.0,51.18198383634253
278,post_1pct,2016.0,0.12106448350025811,0.8400000000001455,348.0,389.1769002547903,0.0,19.658441274773796
279,pre_cut,199408.0,,,24360.0,24829.77902424069,0.0,158.96397106719044
279,post_10pct,19980.0,0.02601986674562151,0.4000000000014552,2746.0,2938.2081439782537,0.0,51.63371626016055
279,post_1pct,2040.0,0.12106448350025811,0.8400000000001455,364.0,363.1392985792185,0.032552004157445975,18.30740039789272
280,pre_cut,200634.0,,,24351.0,24781.299952085967,0.0,158.98761097507418
280,post_10pct,20064.0,0.02601986674562151,0.4000000000014552,2717.0,2946.599069474291,0.0,51.4260573721209
280,post_1pct,1978.0,0.12106448350025811,0.8400000000001455,347.0,350.4242664440215,0.0,18.00915372551716
281,pre_cut,199618.0,,,23975.0,24801.080870346275,0.0,158.99139943729062
281,post_10pct,20096.0,0.02601986674562151,0.4000000000014552,2706.0,2904.7410326743643,0.0,51.02756588813153
281,post_1pct,2028.0,0.12106448350025811,0.8400000000001455,379.0,375.71662220604014,0.12054593660444136,19.051551191336724
282,pre_cut,199976.0,,,24155.0,24643.872789836758,0.0,158.41632110351514
282,post_10pct,19784.0,0.02601986674562151,0.4000000000014552,2720.0,2822.732500025646,0.0,50.155085914735004
282,post_1pct,1945.0,0.12106448350025811,0.8400000000001455,354.0,362.5342474061441,0.0,18.79230660373909
283,pre_cut,199654.0,,,23998.0,24813.74288341322,0.0,159.39410975932736
283,post_10pct,20086.0,0.02601986674562151,0.4000000000014552,2675.0,2902.853661045836,0.0,51.12693686777192
283,post_1pct,2007.0,0.12106448350025811,0.8400000000001455,324.0,369.0502164349831,0.0,19.054144762609624
284,pre_cut,199701.0,,,24306.0,24579.941111333334,0.0,158.138645580506
284,post_10pct,20017.0,0.02601986674562151,0.4000000000014552,2834.0,2832.7232665375277,0.017419027883046508,50.381489492384546
284,post_1pct,2062.0,0.12106448350025811,0.8400000000001455,379.0,373.89961395843795,0.1872903788412192,19.045121684829358
285,pre_cut,199942.0,,,24185.0,24857.25783164706,0.0,159.59030336126904
285,post_10pct,20044.0,0.02601986674562151,0.4000000000014552,2744.0,2921.105799653531,0.0,51.177472234605645
285,post_1pct,2017.0,0.12106448350025811,0.8400000000001455,367.0,390.2891899335731,0.0,19.40480694033966
286,pre_cut,199804.0,,,24088.0,24972.58796508344,0.0,159.6941216800078
286,post_10pct,19857.0,0.02601986674562151,0.4000000000014552,2734.0,2938.302756063645,0.0,51.85814493780425
286,post_1pct,2105.0,0.12106448350025811,0.8400000000001455,369.0,414.29492530691437,0.0,20.01658821156183
287,pre_cut,199790.0,,,24007.0,24705.77664552402,0.0,158.81515131891402
287,post_10pct,20055.0,0.02601986674562151,0.4000000000014552,2770.0,2953.809698851267,0.0,51.787337900344866
287,post_1pct,2008.0,0.12106448350025811,0.8400000000001455,369.0,385.0688139089465,0.0,19.66901537629492
288,pre_cut,199006.0,,,24093.0,24776.179757250924,0.0,159.1145629525097
288,post_10pct,20217.0,0.02601986674562151,0.4000000000014552,2873.0,2975.5974543572634,0.0,51.93340699169052
288,post_1pct,2112.0,0.12106448350025811,0.8400000000001455,,,,
289,pre_cut,199606.0,,,24087.0,24768.63586838801,0.0,159.21880023926434
289,post_10pct,20056.0,0.02601986674562151,0.4000000000014552,2787.0,2887.963270795202,0.0,51.01483869993557
289,post_1pct,2054.0,0.12106448350025811,0.8400000000001455,355.0,361.3009756494983,0.0,18.443551767124678
290,pre_cut,200066.0,,,24008.0,24746.018523012994,0.0,158.87153490788623
290,post_10pct,19890.0,0.02601986674562151,0.4000000000014552,2722.0,2876.2491542008083,0.0,51.13073694126143
290,post_1pct,2002.0,0.12106448350025811,0.8400000000001455,346.0,368.61689503575417,0.0,18.732865883269493
291,pre_cut,199253.0,,,23883.0,24712.940858607566,0.0,158.79816979236963
291,post_10pct,19899.0,0.02601986674562151,0.4000000000014552,2796.0,2933.9695047060613,0.0,51.732385211776084
291,post_1pct,2000.0,0.12106448350025811,0.8400000000001455,383.0,372.79640110580294,0.3724078050027227,19.178593900459376
292,pre_cut,200188.0,,,24241.0,24782.836685729104,0.0,158.78359487690636
292,post_10pct,20096.0,0.02601986674562151,0.4000000000014552,2751.0,2971.769914148902,0.0,51.82012251620698
292,post_1pct,2024.0,0.12106448350025811,0.8400000000001455,358.0,370.688487886556,0.0,18.849835825878305
293,pre_cut,199892.0,,,24389.0,24757.062838618935,0.0,158.82406376972946
293,post_10pct,20193.0,0.02601986674562151,0.4000000000014552,2844.0,2899.6312516444577,0.0,50.902145937631616
293,post_1pct,1952.0,0.12106448350025811,0.8400000000001455,362.0,359.09362191248255,0.10987846540161324,18.378359654724104
294,pre_cut,199390.0,,,23984.0,24809.10874714802,0.0,159.31724331745653
294,post_10pct,20099.0,0.02601986674562151,0.4000000000014552,2805.0,2920.0998761238984,0.0,51.512157142938754
294,post_1pct,2061.0,0.12106448350025811,0.8400000000001455,366.0,405.64162742635386,0.0,20.20126530984647
295,pre_cut,200414.0,,,24215.0,24854.56123425998,0.0,159.0867900634111
295,post_10pct,20290.0,0.02601986674562151,0.4000000000014552,2804.0,2938.2718997760894,0.0,51.25277527846925
295,post_1pct,2117.0,0.12106448350025811,0.8400000000001455,386.0,371.4725021211121,0.5340137701395365,18.829842055334414
296,pre_cut,200683.0,,,24303.0,24815.981012318614,0.0,159.07363362690404
296,post_10pct,20244.0,0.02601986674562151,0.4000000000014552,2802.0,2981.890744624823,0.0,51.867781875217474
296,post_1pct,2076.0,0.12106448350025811,0.8400000000001455,382.0,386.2164886226933,0.0,19.372826548118436
297,pre_cut,200741.0,,,24276.0,24966.856383436614,0.0,159.23323950897765
297,post_10pct,20072.0,0.02601986674562151,0.4000000000014552,2792.0,2911.2404190279094,0.0,51.05816002246893
297,post_1pct,1971.0,0.12106448350025811,0.8400000000001455,381.0,357.00566621292216,0.8909405382540608,18.573392334050073
298,pre_cut,199387.0,,,24340.0,24613.504575894076,0.0,157.99017834552754
298,post_10pct,20146.0,0.02601986674562151,0.4000000000014552,2757.0,2921.415182658645,0.0,50.97793630786189
298,post_1pct,2025.0,0.12106448350025811,0.8400000000001455,367.0,376.78352218943223,0.0,18.930014099414503
299,pre_cut,199977.0,,,24097.0,24891.232275819726,0.0,159.35861872965114
299,post_10pct,20042.0,0.02601986674562151,0.4000000000014552,2774.0,2928.355282388403,0.0,51.607428690043335
299,post_1pct,2048.0,0.12106448350025811,0.8400000000001455,374.0,379.3164254304495,0.0,18.994685996312054
300,pre_cut,200176.0,,,24157.0,24914.628337490492,0.0,159.3217527132356
300,post_10pct,20238.0,0.02601986674562151,0.4000000000014552,2778.0,2970.7602458682013,0.0,51.7256426447267
300,post_1pct,2109.0,0.12106448350025811,0.8400000000001455,372.0,387.7841482857616,0.0,19.126443889106795
301,pre_cut,200527.0,,,24237.0,24901.25268794078,0.0,159.53889613635042
301,post_10pct,20160.0,0.02601986674562151,0.4000000000014552,2829.0,2918.240148116613,0.0,51.53073583820793
301,post_1pct,1965.0,0.12106448350025811,0.8400000000001455,,,,
302,pre_cut,200118.0,,,24241.0,25034.569585928428,0.0,159.89067320079764
302,post_10pct,19924.0,0.02601986674562151,0.4000000000014552,2732.0,2927.521666238746,0.0,51.68281631578634
302,post_1pct,1965.0,0.12106448350025811,0.8400000000001455,,,,
303,pre_cut,200912.0,,,24188.0,25072.932835509113,0.0,159.92650677576506
303,post_10pct,20244.0,0.02601986674562151,0.4000000000014552,2856.0,2981.83148825446,0.0,52.12587629003348
303,post_1pct,2089.0,0.12106448350025811,0.8400000000001455,385.0,401.7540452090266,0.0,19.91659600511367
304,pre_cut,200165.0,,,24000.0,24759.975905793588,0.0,158.66888029533501
304,post_10pct,19991.0,0.02601986674562151,0.4000000000014552,2707.0,2871.5106315484018,0.0,50.841139563792005
304,post_1pct,1924.0,0.12106448350025811,0.8400000000001455,344.0,357.6426609691317,0.0,18.770868388543136
305,pre_cut,200385.0,,,24099.0,24846.933974429274,0.0,159.2219692312856
305,post_10pct,20084.0,0.02601986674562151,0.4000000000014552,2762.0,3011.2723342150693,0.0,52.483300315288915
305,post_1pct,2068.0,0.12106448350025811,0.8400000000001455,356.0,412.67416521640666,0.0,20.31549219650379
306,pre_cut,199749.0,,,24133.0,24880.60717867654,0.0,159.23968706066634
306,post_10pct,20161.0,0.02601986674562151,0.4000000000014552,2800.0,2905.9854603858385,0.0,51.1265648376349
306,post_1pct,2037.0,0.12106448350025811,0.8400000000001455,383.0,374.02061461929566,0.3307883757372565,18.820402904516808
307,pre_cut,200005.0,,,24335.0,24763.969003857746,0.0,158.62295097806313
307,post_10pct,20185.0,0.02601986674562151,0.4000000000014552,2868.0,2958.7516622208377,0.0,51.65215929780936
307,post_1pct,2096.0,0.12106448350025811,0.8400000000001455,401.0,390.18619160527714,0.3842887745998834,19.770190089135205
308,pre_cut,200228.0,,,24168.0,24990.300151015574,0.0,160.10279923951046
308,post_10pct,20155.0,0.02601986674562151,0.4000000000014552,2819.0,2934.6209385244742,0.0,51.549138318386625
308,post_1pct,2113.0,0.12106448350025811,0.8400000000001455,396.0,384.5390412091368,0.41493907104751526,19.164556690843693
309,pre_cut,200802.0,,,24493.0,24722.713761496267,0.0,158.5979778805416
309,post_10pct,20254.0,0.02601986674562151,0.4000000000014552,2796.0,2915.311734429739,0.0,51.34742151302136
309,post_1pct,2039.0,0.12106448350025811,0.8400000000001455,335.0,385.5377704227088,0.0,19.42757416788654
310,pre_cut,200676.0,,,24282.0,24946.828148597226,0.0,159.72968609446642
310,post_10pct,20287.0,0.02601986674562151,0.4000000000014552,2724.0,2992.712251383343,0.0,52.215102069197826
310,post_1pct,2015.0,0.12106448350025811,0.8400000000001455,331.0,372.96294291359186,0.0,19.060050814157545
311,pre_cut,200070.0,,,24160.0,24957.180129218727,0.0,159.5947144986522
311,post_10pct,19925.0,0.02601986674562151,0.4000000000014552,2706.0,2874.7841907135453,0.0,50.77454655962349
311,post_1pct,2010.0,0.12106448350025811,0.8400000000001455,364.0,367.25863885027877,0.0,19.057670108292697
312,pre_cut,199079.0,,,23887.0,24694.757252793348,0.0,158.3434253335082
312,post_10pct,19991.0,0.02601986674562151,0.4000000000014552,2744.0,2946.75917007476,0.0,51.45867927735374
312,post_1pct,1944.0,0.12106448350025811,0.8400000000001455,344.0,361.25077019718424,0.0,18.48512744711519
313,pre_cut,200625.0,,,24254.0,24791.153602520186,0.0,159.03012293940884
313,post_10pct,20113.0,0.02601986674562151,0.4000000000014552,2675.0,2913.9999313613353,0.0,51.13529837840781
313,post_1pct,2073.0,0.12106448350025811,0.8400000000001455,335.0,374.41906551349393,0.0,18.627827833674758
314,pre_cut,200215.0,,,24177.0,24905.627316069877,0.0,159.38589214581344
314,post_10pct,20007.0,0.02601986674562151,0.4000000000014552,2738.0,2916.3299459750533,0.0,51.42005289996972
314,post_1pct,2006.0,0.12106448350025811,0.8400000000001455,368.0,374.33776829131097,0.0,18.96652675732519
315,pre_cut,199382.0,,,23765.0,24838.17167388852,0.0,159.20330080970817
315,post_10pct,20242.0,0.02601986674562151,0.4000000000014552,2679.0,2987.5858871581904,0.0,51.979161111599645
315,post_1pct,2021.0,0.12106448350025811,0.8400000000001455,369.0,368.92985768890026,0.00262054069141078,18.63974922169656
316,pre_cut,199952.0,,,24356.0,24858.29747821167,0.0,159.26010623277568
316,post_10pct,20061.0,0.02601986674562151,0.4000000000014552,2884.0,2894.0820428213037,0.0,51.17267446774364
316,post_1pct,2038.0,0.12106448350025811,0.8400000000001455,400.0,360.5935655521928,1.4496512249984415,18.458494514133424
317,pre_cut,200703.0,,,24222.0,24985.71481730981,0.0,159.75642456166852
317,post_10pct,20142.0,0.02601986674562151,0.4000000000014552,2786.0,2934.7535764908653,0.0,51.50112882342558
317,post_1pct,2025.0,0.12106448350025811,0.8400000000001455,358.0,362.7460311918042,0.0,18.454586989540086
318,pre_cut,200246.0,,,24256.0,24882.7891288865,0.0,159.15021947807452
318,post_10pct,20140.0,0.02601986674562151,0.4000000000014552,2730.0,2995.1659032272814,0.0,52.122749932411644
318,post_1pct,2035.0,0.12106448350025811,0.8400000000001455,330.0,392.18119395297947,0.0,19.46324559634415
319,pre_cut,201053.0,,,24030.0,25069.75880174413,0.0,160.20233928038505
319,post_10pct,20046.0,0.02601986674562151,0.4000000000014552,2706.0,2906.4892935240887,0.0,51.08195540037705
319,post_1pct,1953.0,0.12106448350025811,0.8400000000001455,343.0,376.30376505779566,0.0,19.060572440375964
320,pre_cut,199536.0,,,23796.0,24683.9601729637,0.0,158.3467253297438
320,post_10pct,20230.0,0.02601986674562151,0.4000000000014552,2699.0,2981.5921973383997,0.0,51.87044205529291
320,post_1pct,2045.0,0.12106448350025811,0.8400000000001455,367.0,376.03964354757136,0.0,18.832233170283924
321,pre_cut,200016.0,,,24256.0,24854.755193605415,0.0,159.38580950738796
321,post_10pct,20108.0,0.02601986674562151,0.4000000000014552,2795.0,2899.7738574916484,0.0,51.05481878911646
321,post_1pct,2017.0,0.12106448350025811,0.8400000000001455,400.0,372.0106925137824,1.0117160846666038,19.126931077499922
322,pre_cut,199470.0,,,24127.0,24684.383340353015,0.0,158.13733719961775
322,post_10pct,19922.0,0.02601986674562151,0.4000000000014552,2753.0,2815.2266849812236,0.0,49.96726026951734
322,post_1pct,1959.0,0.12106448350025811,0.8400000000001455,335.0,382.91095803960457,0.0,19.18531214164416
323,pre_cut,199973.0,,,24400.0,24757.93363893689,0.0,158.6894118540898
323,post_10pct,20195.0,0.02601986674562151,0.4000000000014552,2772.0,2965.733847609701,0.0,51.95201205337863
323,post_1pct,2007.0,0.12106448350025811,0.8400000000001455,370.0,373.34454837496946,0.0,18.850933677682114
324,pre_cut,199876.0,,,24272.0,24997.975921661575,0.0,159.7562422744673
324,post_10pct,20136.0,0.02601986674562151,0.4000000000014552,2755.0,2942.6246845025835,0.0,51.56209456172008
324,post_1pct,2016.0,0.12106448350025811,0.8400000000001455,362.0,354.0008137979991,0.30423685538098155,18.15717389069995
325,pre_cut,199056.0,,,24050.0,24622.960257428458,0.0,158.26393491893884
325,post_10pct,20056.0,0.02601986674562151,0.4000000000014552,2786.0,2914.5068588040604,0.0,51.37679719265337
325,post_1pct,2080.0,0.12106448350025811,0.8400000000001455,371.0,398.2858301460843,0.0,19.769371845763448
326,pre_cut,201247.0,,,24367.0,24869.548770164365,0.0,159.41798498792207
326,post_10pct,20143.0,0.02601986674562151,0.4000000000014552,2785.0,2921.6587663682712,0.0,51.43239524007361
326,post_1pct,1958.0,0.12106448350025811,0.8400000000001455,,,,
327,pre_cut,200070.0,,,24174.0,24905.438412285344,0.0,159.29563070589904
327,post_10pct,20113.0,0.02601986674562151,0.4000000000014552,2717.0,2957.3615462932426,0.0,51.79157988438146
327,post_1pct,2017.0,0.12106448350025811,0.8400000000001455,369.0,385.72000673698193,0.0,19.365713880260767
328,pre_cut,199797.0,,,24164.0,24761.02257656362,0.0,158.86994909591573
328,post_10pct,20186.0,0.02601986674562151,0.4000000000014552,2803.0,2897.8347579189003,0.0,51.04727009833519
328,post_1pct,2010.0,0.12106448350025811,0.8400000000001455,368.0,366.47868267770605,0.05655676267083098,18.85693454023011
329,pre_cut,200048.0,,,24202.0,24833.820750016643,0.0,159.24559738862365
329,post_10pct,20034.0,0.02601986674562151,0.4000000000014552,2719.0,2912.04545790838,0.0,51.12709937388846
329,post_1pct,1973.0,0.12106448350025811,0.8400000000001455,344.0,342.6656262542674,0.0517811065000328,17.892081504813973
330,pre_cut,200186.0,,,23991.0,24933.807448667692,0.0,159.41970412708383
330,post_10pct,20096.0,0.02601986674562151,0.4000000000014552,2725.0,2908.6421472666534,0.0,50.866954321063666
330,post_1pct,2033.0,0.12106448350025811,0.8400000000001455,358.0,375.2062869111594,0.0,18.93488651926372
331,pre_cut,199770.0,,,24020.0,24804.498231901307,0.0,159.04598783959207
331,post_10pct,20042.0,0.02601986674562151,0.4000000000014552,2717.0,2951.884754410783,0.0,51.611337324931554
331,post_1pct,2009.0,0.12106448350025811,0.8400000000001455,345.0,414.52583541064666,0.0,20.381753070020554
332,pre_cut,200999.0,,,23975.0,25068.696136339655,0.0,160.0431688942677
332,post_10pct,20152.0,0.02601986674562151,0.4000000000014552,2769.0,2945.1727480129116,0.0,51.64652068355851
332,post_1pct,2014.0,0.12106448350025811,0.8400000000001455,342.0,387.9895554164724,0.0,19.367167138960404
333,pre_cut,199943.0,,,24356.0,24807.93573406143,0.0,159.34318796795225
333,post_10pct,20087.0,0.02601986674562151,0.4000000000014552,2836.0,2976.409740923961,0.0,52.27842095466991
333,post_1pct,2046.0,0.12106448350025811,0.8400000000001455,375.0,374.6822480962356,0.01171415861314166,18.994690842486904
334,pre_cut,200020.0,,,24278.0,24906.053446394362,0.0,159.26627273901155
334,post_10pct,20020.0,0.02601986674562151,0.4000000000014552,2727.0,2978.6973913927613,0.0,52.12667054953909
334,post_1pct,1999.0,0.12106448350025811,0.8400000000001455,331.0,401.0040759284376,0.0,20.206018845249716
335,pre_cut,199673.0,,,24151.0,24840.62011158416,0.0,159.13684275199367
335,post_10pct,20131.0,0.02601986674562151,0.4000000000014552,2750.0,2978.200806966738,0.0,51.82133893209796
335,post_1pct,2049.0,0.12106448350025811,0.8400000000001455,358.0,380.92928183010366,0.0,18.99688556178863
336,pre_cut,200195.0,,,24415.0,24778.444010552812,0.0,158.92661522941768
336,post_10pct,20034.0,0.02601986674562151,0.4000000000014552,2635.0,2946.3113897921917,0.0,51.57519292059962
336,post_1pct,2097.0,0.12106448350025811,0.8400000000001455,367.0,400.0962845217643,0.0,19.751442361185607
337,pre_cut,199772.0,,,24042.0,24866.957750304937,0.0,159.52774316372015
337,post_10pct,20262.0,0.02601986674562151,0.4000000000014552,2770.0,2934.108962158117,0.0,51.34051622100298
337,post_1pct,2096.0,0.12106448350025811,0.8400000000001455,349.0,399.8450689526956,0.0,19.625888876413843
338,pre_cut,200355.0,,,24286.0,24862.92381403048,0.0,159.4079488521874
338,post_10pct,20187.0,0.02601986674562151,0.4000000000014552,2774.0,2923.6940847969663,0.0,51.27144936315817
338,post_1pct,2132.0,0.12106448350025811,0.8400000000001455,365.0,384.11525070764816,0.0,18.998304552980343
339,pre_cut,200448.0,,,24029.0,24805.58765648795,0.0,158.6356760508654
339,post_10pct,20149.0,0.02601986674562151,0.4000000000014552,2665.0,2994.082672210994,0.0,52.176811474254976
339,post_1pct,2013.0,0.12106448350025811,0.8400000000001455,350.0,378.44806474075705,0.0,19.273892657464938
340,pre_cut,200015.0,,,24165.0,24758.78701843995,0.0,158.99839083514945
340,post_10pct,20193.0,0.02601986674562151,0.4000000000014552,2747.0,2932.175978751863,0.0,51.35731855951714
340,post_1pct,2052.0,0.12106448350025811,0.8400000000001455,390.0,344.91880640284967,1.6949022410139087,17.89048400090971
341,pre_cut,199419.0,,,24222.0,24762.11985667992,0.0,159.0383369695041
341,post_10pct,20078.0,0.02601986674562151,0.4000000000014552,2680.0,2934.5358033069933,0.0,51.566325076720084
341,post_1pct,2017.0,0.12106448350025811,0.8400000000001455,360.0,356.8045013089329,0.12089145459342843,18.406583035007266
342,pre_cut,200048.0,,,24001.0,24790.864758268468,0.0,159.15936756373682
342,post_10pct,20101.0,0.02601986674562151,0.4000000000014552,2744.0,2964.501991553841,0.0,51.838234199135016
342,post_1pct,2056.0,0.12106448350025811,0.8400000000001455,360.0,402.192082303191,0.0,20.184472209142502
343,pre_cut,199690.0,,,24098.0,24733.45079413317,0.0,158.94035369920098
343,post_10pct,19941.0,0.02601986674562151,0.4000000000014552,2764.0,2834.075895126159,0.0,50.38485029285715
343,post_1pct,1966.0,0.12106448350025811,0.8400000000001455,365.0,340.1435997863638,0.9563291531954945,17.66534898260267
344,pre_cut,199574.0,,,24118.0,24800.745632588973,0.0,159.27552135540026
344,post_10pct,20001.0,0.02601986674562151,0.4000000000014552,2732.0,2921.1899711870956,0.0,51.008534875817546
344,post_1pct,1988.0,0.12106448350025811,0.8400000000001455,356.0,354.92890098734927,0.04084118704149231,18.216675266463028
345,pre_cut,199776.0,,,24085.0,24954.443397650117,0.0,159.50824215490957
345,post_10pct,20051.0,0.02601986674562151,0.4000000000014552,2705.0,2917.7160448006316,0.0,51.44478190068846
345,post_1pct,2039.0,0.12106448350025811,0.8400000000001455,370.0,377.7601218152757,0.0,19.19485923344378
346,pre_cut,199717.0,,,24045.0,24619.141313282922,0.0,158.37799468361465
346,post_10pct,19858.0,0.02601986674562151,0.4000000000014552,2717.0,2837.777647033417,0.0,50.41775329383119
346,post_1pct,1931.0,0.12106448350025811,0.8400000000001455,340.0,347.5872767585694,0.0,18.320148560141497
347,pre_cut,199686.0,,,24114.0,24746.02133136845,0.0,158.48417814016562
347,post_10pct,20166.0,0.02601986674562151,0.4000000000014552,2765.0,3031.0186789918134,0.0,52.644958602176175
347,post_1pct,1994.0,0.12106448350025811,0.8400000000001455,355.0,368.6368527506843,0.0,18.775529461043067
348,pre_cut,199598.0,,,24269.0,24829.05337432629,0.0,159.1160863711032
348,post_10pct,20134.0,0.02601986674562151,0.4000000000014552,2745.0,3040.8102405975433,0.0,52.651454837440205
348,post_1pct,1982.0,0.12106448350025811,0.8400000000001455,333.0,388.68013038306094,0.0,19.284078768481088
349,pre_cut,200448.0,,,24169.0,24970.404638480322,0.0,159.454020567313
349,post_10pct,20407.0,0.02601986674562151,0.4000000000014552,2758.0,2974.4934292832736,0.0,51.84253210156697
349,post_1pct,2059.0,0.12106448350025811,0.8400000000001455,331.0,387.93688695957036,0.0,19.263132763636467
350,pre_cut,200487.0,,,24313.0,24928.499927270346,0.0,159.33134676879425
350,post_10pct,20309.0,0.02601986674562151,0.4000000000014552,2837.0,2952.446706406836,0.0,51.63073628900762
350,post_1pct,2022.0,0.12106448350025811,0.8400000000001455,374.0,384.6381606994479,0.0,19.405418163549164
351,pre_cut,200185.0,,,24050.0,24991.805930245522,0.0,159.5946917675407
351,post_10pct,20024.0,0.02601986674562151,0.4000000000014552,2712.0,2927.729353099634,0.0,51.28253731167536
351,post_1pct,2000.0,0.12106448350025811,0.8400000000001455,373.0,367.96869499704883,0.18752037096496185,18.630163833801447
352,pre_cut,199330.0,,,24205.0,24565.020209231414,0.0,158.55301045573538
352,post_10pct,20194.0,0.02601986674562151,0.4000000000014552,2784.0,2929.1066815753397,0.0,51.422184840307516
352,post_1pct,2019.0,0.12106448350025811,0.8400000000001455,373.0,382.82109124994895,0.0,19.442935630057466
353,pre_cut,200457.0,,,24271.0,24867.75959379753,0.0,159.1426539197935
353,post_10pct,20144.0,0.02601986674562151,0.4000000000014552,2814.0,2966.0125423738446,0.0,51.76359219640626
353,post_1pct,2085.0,0.12106448350025811,0.8400000000001455,395.0,372.82248702525015,0.8117480357694044,18.77061970775936
354,pre_cut,199561.0,,,24468.0,24524.47180413168,0.0,158.0461535750852
354,post_10pct,20136.0,0.02601986674562151,0.4000000000014552,2717.0,2987.130299034764,0.0,52.05817231707753
354,post_1pct,2066.0,0.12106448350025811,0.8400000000001455,353.0,370.0732173851249,0.0,18.720095821003053
355,pre_cut,199304.0,,,24167.0,24680.06513620877,0.0,157.97375983216696
355,post_10pct,20097.0,0.02601986674562151,0.4000000000014552,2745.0,2921.5359350589933,0.0,51.038488028238476
355,post_1pct,1962.0,0.12106448350025811,0.8400000000001455,367.0,367.1008685017281,0.0,18.72664008204734
356,pre_cut,200001.0,,,24042.0,24791.40107959356,0.0,158.8731700488582
356,post_10pct,20060.0,0.02601986674562151,0.4000000000014552,2663.0,2897.353378346964,0.0,50.793273742134105
356,post_1pct,1932.0,0.12106448350025811,0.8400000000001455,339.0,343.5588460432116,0.0,17.830338242989402
357,pre_cut,200025.0,,,24023.0,24825.62327019988,0.0,159.0398183770787
357,post_10pct,19931.0,0.02601986674562151,0.4000000000014552,2690.0,2946.926039333741,0.0,51.49389445709416
357,post_1pct,2011.0,0.12106448350025811,0.8400000000001455,336.0,384.61913906366306,0.0,19.23836531514817
358,pre_cut,200097.0,,,24412.0,24788.881310678702,0.0,159.09495012124222
358,post_10pct,19917.0,0.02601986674562151,0.4000000000014552,2691.0,2925.9362043484844,0.0,51.5274557036388
358,post_1pct,1944.0,0.12106448350025811,0.8400000000001455,390.0,358.0886836133452,1.1610280036003784,19.111536646488716
359,pre_cut,200656.0,,,24308.0,25000.40837278501,0.0,159.55661915389857
359,post_10pct,20126.0,0.02601986674562151,0.4000000000014552,2787.0,2916.874400962964,0.0,51.25172522400453
359,post_1pct,2013.0,0.12106448350025811,0.8400000000001455,370.0,346.7608734362185,0.8843607287592943,17.937808432544163
360,pre_cut,199663.0,,,24019.0,24912.581953226458,0.0,159.54932849050795
360,post_10pct,20010.0,0.02601986674562151,0.4000000000014552,2737.0,2905.611299793862,0.0,51.07145797868787
360,post_1pct,1979.0,0.12106448350025811,0.8400000000001455,359.0,357.75577154323486,0.04713340541675717,18.382102885452188
361,pre_cut,200060.0,,,24382.0,24660.78405422953,0.0,158.3680135951958
361,post_10pct,20122.0,0.02601986674562151,0.4000000000014552,2814.0,2920.6513180847796,0.0,51.28874228886452
361,post_1pct,2055.0,0.12106448350025811,0.8400000000001455,379.0,370.51097839790873,0.3138354135526888,18.786894526651707
362,pre_cut,200647.0,,,24264.0,24895.313898038927,0.0,159.30853563020955
362,post_10pct,20014.0,0.02601986674562151,0.4000000000014552,2692.0,2970.0134339280667,0.0,51.828161430972315
362,post_1pct,2060.0,0.12106448350025811,0.8400000000001455,350.0,382.9160889007365,0.0,19.1192551590373
363,pre_cut,199852.0,,,24011.0,24788.690143062224,0.0,159.1381421879426
363,post_10pct,20057.0,0.02601986674562151,0.4000000000014552,2640.0,2874.116535295164,0.0,50.979522683592585
363,post_1pct,1991.0,0.12106448350025811,0.8400000000001455,335.0,388.44405098611423,0.0,19.85790794263143
364,pre_cut,199741.0,,,24213.0,24836.802374816725,0.0,159.12484175711612
364,post_10pct,20195.0,0.02601986674562151,0.4000000000014552,2759.0,2914.4625796835453,0.0,51.142951107163434
364,post_1pct,2027.0,0.12106448350025811,0.8400000000001455,378.0,365.0937304310597,0.4828470258739459,18.361958146455237
365,pre_cut,199822.0,,,24077.0,25002.141857464572,0.0,159.69946556244798
365,post_10pct,19895.0,0.02601986674562151,0.4000000000014552,2776.0,2892.3052985644717,0.0,50.96717713926618
365,post_1pct,2080.0,0.12106448350025811,0.8400000000001455,374.0,400.203755459398,0.0,19.984317517103356
366,pre_cut,200360.0,,,24285.0,25053.51404268959,0.0,160.5389551251537
366,post_10pct,20066.0,0.02601986674562151,0.4000000000014552,2847.0,2963.370875639189,0.0,51.88529739841688
366,post_1pct,2054.0,0.12106448350025811,0.8400000000001455,385.0,372.8728075125732,0.4456710117727947,18.863829631654045
367,pre_cut,200063.0,,,24134.0,24819.723972847343,0.0,159.1245991212489
367,post_10pct,20093.0,0.02601986674562151,0.4000000000014552,2802.0,2930.7046622390058,0.0,51.49449746818496
367,post_1pct,1952.0,0.12106448350025811,0.8400000000001455,320.0,359.8044252651185,0.0,18.520118416534505
368,pre_cut,199457.0,,,24057.0,24547.587612504416,0.0,157.8881174464072
368,post_10pct,19880.0,0.02601986674562151,0.4000000000014552,2685.0,2834.5301531929636,0.0,50.15384769808921
368,post_1pct,1961.0,0.12106448350025811,0.8400000000001455,341.0,356.1480906310676,0.0,18.419490345076273
369,pre_cut,200550.0,,,24308.0,24876.344334782418,0.0,159.09421560965927
369,post_10pct,19958.0,0.02601986674562151,0.4000000000014552,2772.0,2952.625006856351,0.0,51.730011900793
369,post_1pct,2017.0,0.12106448350025811,0.8400000000001455,382.0,404.21239694008744,0.0,19.97148196898798
370,pre_cut,199931.0,,,24066.0,25009.390494485917,0.0,159.81172911871434
370,post_10pct,19903.0,0.02601986674562151,0.4000000000014552,2779.0,2986.1231375882635,0.0,52.17940234366947
370,post_1pct,2010.0,0.12106448350025811,0.8400000000001455,358.0,366.9768586964769,0.0,18.63046237094566
371,pre_cut,199910.0,,,24125.0,24756.497701955046,0.0,158.84530034654898
371,post_10pct,20099.0,0.02601986674562151,0.4000000000014552,2779.0,2919.5448512030257,0.0,51.25615107380051
371,post_1pct,2039.0,0.12106448350025811,0.8400000000001455,,,,
372,pre_cut,200204.0,,,24126.0,24904.47965023035,0.0,159.0214424320217
372,post_10pct,20220.0,0.02601986674562151,0.4000000000014552,2815.0,2972.379155995921,0.0,51.50859471161581
372,post_1pct,2010.0,0.12106448350025811,0.8400000000001455,356.0,350.84270574061907,0.19804898375580832,17.95528862408645
373,pre_cut,199776.0,,,24186.0,24808.24398234037,0.0,159.2296578243229
373,post_10pct,20297.0,0.02601986674562151,0.4000000000014552,2859.0,2888.0784255341146,0.0,50.74453669414569
373,post_1pct,2065.0,0.12106448350025811,0.8400000000001455,363.0,391.15683368410066,0.0,19.54947015626261
374,pre_cut,199944.0,,,24104.0,24822.443425598634,0.0,159.27184970538974
374,post_10pct,20291.0,0.02601986674562151,0.4000000000014552,2719.0,3024.873344626384,0.0,52.42330112702552
374,post_1pct,2084.0,0.12106448350025811,0.8400000000001455,365.0,396.57622553631944,0.0,19.496052689164625
375,pre_cut,199903.0,,,24040.0,24852.356699779335,0.0,159.15741071536382
375,post_10pct,20110.0,0.02601986674562151,0.4000000000014552,2714.0,2963.6506447329552,0.0,51.577937843528154
375,post_1pct,2103.0,0.12106448350025811,0.8400000000001455,377.0,410.2877710771136,0.0,20.174921823350427
376,pre_cut,199984.0,,,24245.0,24859.45175899282,0.0,159.3264457542253
376,post_10pct,20248.0,0.02601986674562151,0.4000000000014552,2787.0,2849.8651714582993,0.0,50.40534014078461
376,post_1pct,2002.0,0.12106448350025811,0.8400000000001455,370.0,342.047852365146,1.0611410925983384,18.027407691399922
377,pre_cut,198927.0,,,23897.0,24835.474589984056,0.0,159.73498214694902
377,post_10pct,20055.0,0.02601986674562151,0.4000000000014552,2755.0,2926.142030012181,0.0,51.186154845563586
377,post_1pct,2007.0,0.12106448350025811,0.8400000000001455,374.0,360.489397001383,0.5076566739928555,18.302041287408894
378,pre_cut,200446.0,,,24154.0,24764.391733030607,0.0,158.88023189159767
378,post_10pct,20334.0,0.02601986674562151,0.4000000000014552,2770.0,2872.6965783715164,0.0,50.644876978047584
378,post_1pct,2000.0,0.12106448350025811,0.8400000000001455,,,,
379,pre_cut,199911.0,,,23960.0,24827.50800834183,0.0,159.32034492338315
379,post_10pct,20079.0,0.02601986674562151,0.4000000000014552,2742.0,2854.076749903603,0.0,50.518675910844074
379,post_1pct,1997.0,0.12106448350025811,0.8400000000001455,379.0,359.847937706578,0.708269631519275,18.77597876512105
380,pre_cut,200724.0,,,24283.0,25139.45066472389,0.0,160.83988784423482
380,post_10pct,20103.0,0.02601986674562151,0.4000000000014552,2773.0,2927.8667554433378,0.0,51.44463111010318
380,post_1pct,2020.0,0.12106448350025811,0.8400000000001455,331.0,390.16083728090393,0.0,19.3586096270423
381,pre_cut,200136.0,,,24288.0,24894.606090028527,0.0,159.69150352444737
381,post_10pct,20169.0,0.02601986674562151,0.4000000000014552,2781.0,2962.934521756578,0.0,52.04710974744547
381,post_1pct,1986.0,0.12106448350025811,0.8400000000001455,346.0,363.7237136085414,0.0,18.62126795899235
382,pre_cut,200475.0,,,24126.0,24782.27027790432,0.0,158.80666569461675
382,post_10pct,20264.0,0.02601986674562151,0.4000000000014552,2767.0,2973.006929114853,0.0,52.00817583439674
382,post_1pct,2030.0,0.12106448350025811,0.8400000000001455,359.0,366.87091100992245,0.0,18.804203944884005
383,pre_cut,199309.0,,,24151.0,24770.106168265524,0.0,159.25806309712692
383,post_10pct,20052.0,0.02601986674562151,0.4000000000014552,2703.0,2972.4350708835195,0.0,51.81853880778766
383,post_1pct,2110.0,0.12106448350025811,0.8400000000001455,376.0,390.91115317361437,0.0,19.3807412341511
384,pre_cut,201261.0,,,24153.0,25022.533956724903,0.0,159.46696167110872
384,post_10pct,19967.0,0.02601986674562151,0.4000000000014552,2647.0,2900.306260937876,0.0,50.62957543302645
384,post_1pct,2054.0,0.12106448350025811,0.8400000000001455,356.0,386.28771950666203,0.0,19.29995783671427
385,pre_cut,200031.0,,,24145.0,24791.297167045595,0.0,159.02052608611163
385,post_10pct,19998.0,0.02601986674562151,0.4000000000014552,2706.0,2937.427182075562,0.0,51.633838233526305
385,post_1pct,2027.0,0.12106448350025811,0.8400000000001455,377.0,377.7480763923987,0.0,19.05582755619644
386,pre_cut,199401.0,,,23926.0,24764.568848397845,0.0,158.9028810412077
386,post_10pct,19997.0,0.02601986674562151,0.4000000000014552,2784.0,2828.8501486354603,0.0,50.44528430972291
386,post_1pct,1933.0,0.12106448350025811,0.8400000000001455,367.0,341.9495459148648,0.94167691173909,18.462522402690066
387,pre_cut,200151.0,,,24349.0,24605.6989291024,0.0,158.0953400463323
387,post_10pct,20325.0,0.02601986674562151,0.4000000000014552,2788.0,2939.523984515875,0.0,51.279271993321046
387,post_1pct,2041.0,0.12106448350025811,0.8400000000001455,370.0,375.76920543927554,0.0,18.835518018816643
388,pre_cut,199979.0,,,24188.0,24950.01714637882,0.0,159.3685994988582
388,post_10pct,20148.0,0.02601986674562151,0.4000000000014552,2824.0,2979.1355744584007,0.0,52.026832126615226
388,post_1pct,2103.0,0.12106448350025811,0.8400000000001455,411.0,399.0098507525198,0.42410145316145564,19.71138450080643
389,pre_cut,200656.0,,,24353.0,24861.27894612875,0.0,159.46813122732172
389,post_10pct,20075.0,0.02601986674562151,0.4000000000014552,2817.0,2908.6858621563915,0.0,51.16749612747666
389,post_1pct,1975.0,0.12106448350025811,0.8400000000001455,337.0,360.10851151072075,0.0,18.42681058800558
390,pre_cut,199601.0,,,24057.0,24868.658453094824,0.0,159.6690184858853
390,post_10pct,20213.0,0.02601986674562151,0.4000000000014552,2780.0,2979.228024277063,0.0,51.91474729433264
390,post_1pct,2047.0,0.12106448350025811,0.8400000000001455,377.0,394.93090248502887,0.0,19.754129487609845
391,pre_cut,200432.0,,,24251.0,25007.07573279403,0.0,159.88542459541685
391,post_10pct,20216.0,0.02601986674562151,0.4000000000014552,2650.0,2963.87372421766,0.0,51.731154250306936
391,post_1pct,1958.0,0.12106448350025811,0.8400000000001455,364.0,382.10756211207183,0.0,19.243996106980358
392,pre_cut,198844.0,,,24202.0,24879.666113363102,0.0,159.74224021196684
392,post_10pct,19999.0,0.02601986674562151,0.4000000000014552,2745.0,2931.6136469899848,0.0,51.520661176828725
392,post_1pct,1977.0,0.12106448350025811,0.8400000000001455,370.0,359.352274674618,0.3985178641261581,18.552441951494412
393,pre_cut,199462.0,,,24231.0,24956.743211235014,0.0,159.92352343235208
393,post_10pct,20105.0,0.02601986674562151,0.4000000000014552,2708.0,3018.7702740756163,0.0,52.46931739674612
393,post_1pct,2011.0,0.12106448350025811,0.8400000000001455,347.0,423.28821578428494,0.0,20.853999546116885
394,pre_cut,200620.0,,,24227.0,25104.01044922501,0.0,160.12159411978087
394,post_10pct,20060.0,0.02601986674562151,0.4000000000014552,2721.0,2916.8368563206104,0.0,51.207713313585316
394,post_1pct,1980.0,0.12106448350025811,0.8400000000001455,382.0,379.1738270718953,0.10266764795105372,19.38494558830852
395,pre_cut,200421.0,,,24252.0,25017.714695345523,0.0,159.95832580491026
395,post_10pct,20080.0,0.02601986674562151,0.4000000000014552,2824.0,2969.8252557687383,0.0,51.8045304194318
395,post_1pct,2003.0,0.12106448350025811,0.8400000000001455,356.0,398.02196253466195,0.0,19.67705991347623
396,pre_cut,199252.0,,,23879.0,24999.647890005348,0.0,159.7660849896177
396,post_10pct,20057.0,0.02601986674562151,0.4000000000014552,2731.0,2953.7197445853726,0.0,51.61671735845072
396,post_1pct,2033.0,0.12106448350025811,0.8400000000001455,349.0,359.7490203780696,0.0,18.21950896874007
397,pre_cut,199735.0,,,24197.0,24855.08740914066,0.0,159.67723377743764
397,post_10pct,19781.0,0.02601986674562151,0.4000000000014552,2729.0,2885.651215481842,0.0,51.11928852584899
397,post_1pct,1955.0,0.12106448350025811,0.8400000000001455,359.0,363.7657856399111,0.0,18.926706332867283
398,pre_cut,199719.0,,,24047.0,24699.713516087017,0.0,158.3967353544754
398,post_10pct,20016.0,0.02601986674562151,0.4000000000014552,2806.0,2901.922380739413,0.0,51.253763678094934
398,post_1pct,2072.0,0.12106448350025811,0.8400000000001455,389.0,381.00386927226975,0.2916429158114604,19.052217334775712
399,pre_cut,200548.0,,,24191.0,24864.20651499086,0.0,159.53220143629923
399,post_10pct,20342.0,0.02601986674562151,0.4000000000014552,2729.0,2986.818785812966,0.0,52.03833611189913
399,post_1pct,2070.0,0.12106448350025811,0.8400000000001455,345.0,364.59459501144727,0.0,18.56189520871855
400,pre_cut,199566.0,,,23957.0,24761.418373101413,0.0,158.79524239250844
400,post_10pct,19874.0,0.02601986674562151,0.4000000000014552,2704.0,2928.425759321295,0.0,51.605702658912044
400,post_1pct,2008.0,0.12106448350025811,0.8400000000001455,342.0,388.72148700352756,0.0,19.47182726106653
401,pre_cut,199865.0,,,24148.0,24733.635898574343,0.0,158.81745145965178
401,post_10pct,20283.0,0.02601986674562151,0.4000000000014552,2836.0,2893.566837607464,0.0,50.677949170316566
401,post_1pct,2078.0,0.12106448350025811,0.8400000000001455,397.0,366.698500380914,1.1108760480230346,18.661534853264154
402,pre_cut,199564.0,,,24070.0,24848.07179070628,0.0,159.21351243425403
402,post_10pct,19895.0,0.02601986674562151,0.4000000000014552,2722.0,2907.189127663133,0.0,51.46421522653093
402,post_1pct,1901.0,0.12106448350025811,0.8400000000001455,334.0,365.6608036726508,0.0,19.004405746186187
403,pre_cut,199659.0,,,24069.0,24816.245303345,0.0,159.16864955051176
403,post_10pct,20207.0,0.02601986674562151,0.4000000000014552,2806.0,2978.8572664773983,0.0,51.92739221966705
403,post_1pct,2020.0,0.12106448350025811,0.8400000000001455,350.0,386.2001396932561,0.0,19.47875274670859
404,pre_cut,199780.0,,,24025.0,24688.560110995757,0.0,158.81358163917227
404,post_10pct,19996.0,0.02601986674562151,0.4000000000014552,2707.0,2938.83976921729,0.0,51.57315240764773
404,post_1pct,2059.0,0.12106448350025811,0.8400000000001455,375.0,370.9437103518019,0.15069008854405935,18.701385110774005
405,pre_cut,200455.0,,,24301.0,24938.123040074817,0.0,160.02476467300997
405,post_10pct,20066.0,0.02601986674562151,0.4000000000014552,2736.0,3006.797679420938,0.0,52.66461750805189
405,post_1pct,2060.0,0.12106448350025811,0.8400000000001455,362.0,385.5299267640487,0.0,19.194146435890982
406,pre_cut,199859.0,,,23910.0,24966.033342340525,0.0,159.759486427159
406,post_10pct,20191.0,0.02601986674562151,0.4000000000014552,2751.0,2968.9394534497314,0.0,51.80754862539719
406,post_1pct,2062.0,0.12106448350025811,0.8400000000001455,388.0,404.94527991574347,0.0,20.126833247888435
407,pre_cut,199811.0,,,24022.0,24920.472830261875,0.0,159.66630199955023
407,post_10pct,20138.0,0.02601986674562151,0.4000000000014552,2803.0,2952.1170194665237,0.0,51.68050865601231
407,post_1pct,2015.0,0.12106448350025811,0.8400000000001455,392.0,358.5209297817768,1.234599998137259,18.559880581693214
408,pre_cut,198806.0,,,23757.0,24826.700373640448,0.0,159.31863953193192
408,post_10pct,19886.0,0.02601986674562151,0.4000000000014552,2728.0,2921.7450112229803,0.0,51.562134635742325
408,post_1pct,2018.0,0.12106448350025811,0.8400000000001455,366.0,365.36210741294616,0.023693853447791412,18.942463912284907
409,pre_cut,199877.0,,,24332.0,24764.774239060633,0.0,158.79395710154867
409,post_10pct,20130.0,0.02601986674562151,0.4000000000014552,2751.0,2923.264862471953,0.0,51.271607048304304
409,post_1pct,1976.0,0.12106448350025811,0.8400000000001455,346.0,360.26299133698626,0.0,18.57050135756027
410,pre_cut,200742.0,,,24103.0,24780.501330795803,0.0,159.07220471120908
410,post_10pct,20042.0,0.02601986674562151,0.4000000000014552,2797.0,2884.079127990268,0.0,51.17639622366117
410,post_1pct,2001.0,0.12106448350025811,0.8400000000001455,343.0,358.1119805056415,0.0,18.49812799619319
411,pre_cut,199673.0,,,24098.0,24772.774034447164,0.0,158.86976197492623
411,post_10pct,20071.0,0.02601986674562151,0.4000000000014552,2735.0,2903.4355302505546,0.0,50.878388589333014
411,post_1pct,2015.0,0.12106448350025811,0.8400000000001455,351.0,400.70113349868086,0.0,19.778886702765135
412,pre_cut,200781.0,,,24218.0,24969.327555076492,0.0,159.42340828758503
412,post_10pct,20170.0,0.02601986674562151,0.4000000000014552,2773.0,2973.319389387628,0.0,51.676553789801204
412,post_1pct,1957.0,0.12106448350025811,0.8400000000001455,393.0,360.7712914896456,1.1855203545002604,18.63009632314094
413,pre_cut,200716.0,,,24477.0,25007.830418937796,0.0,159.64414136268053
413,post_10pct,20089.0,0.02601986674562151,0.4000000000014552,2711.0,2941.608242424578,0.0,51.455877093588825
413,post_1pct,2018.0,0.12106448350025811,0.8400000000001455,351.0,376.8770864519603,0.0,19.064647685009458
414,pre_cut,199958.0,,,24224.0,24946.910236116048,0.0,159.59876894360207
414,post_10pct,20174.0,0.02601986674562151,0.4000000000014552,2703.0,3017.5422250632696,0.0,52.391898858723394
414,post_1pct,1995.0,0.12106448350025811,0.8400000000001455,,,,
415,pre_cut,200325.0,,,24167.0,24853.666808974223,0.0,159.3607951847912
415,post_10pct,20067.0,0.02601986674562151,0.4000000000014552,2710.0,2878.8246920879155,0.0,50.68895351380783
415,post_1pct,2096.0,0.12106448350025811,0.8400000000001455,384.0,392.5857121066259,0.0,19.52209890346548
416,pre_cut,200184.0,,,24136.0,24698.484863932157,0.0,158.46818949286478
416,post_10pct,20272.0,0.02601986674562151,0.4000000000014552,2863.0,2917.6783812340836,0.0,51.152869061869744
416,post_1pct,1945.0,0.12106448350025811,0.8400000000001455,343.0,363.15575422463723,0.0,18.632274357451667
417,pre_cut,199383.0,,,24211.0,24689.053093471124,0.0,158.5993009452127
417,post_10pct,20245.0,0.02601986674562151,0.4000000000014552,2851.0,2970.5488297915927,0.0,51.642803856927145
417,post_1pct,2060.0,0.12106448350025811,0.8400000000001455,385.0,372.99817910441027,0.44290116260128365,18.70399708858813
418,pre_cut,199787.0,,,24043.0,24825.36502539531,0.0,159.09197106724753
418,post_10pct,20028.0,0.02601986674562151,0.4000000000014552,2696.0,2943.3124290813175,0.0,51.5970133628116
418,post_1pct,1980.0,0.12106448350025811,0.8400000000001455,342.0,398.9585255929381,0.0,20.184343077356143
419,pre_cut,199876.0,,,24015.0,24796.30107004969,0.0,159.01255619640696
419,post_10pct,19930.0,0.02601986674562151,0.4000000000014552,2723.0,2834.443536081394,0.0,50.264965471971195
419,post_1pct,1945.0,0.12106448350025811,0.8400000000001455,355.0,343.8536317035781,0.42904899129488866,17.901267791109724
420,pre_cut,200603.0,,,24034.0,24915.164031022614,0.0,159.45916557806922
420,post_10pct,20159.0,0.02601986674562151,0.4000000000014552,2765.0,2937.039257517772,0.0,51.62405859417989
420,post_1pct,2047.0,0.12106448350025811,0.8400000000001455,389.0,381.4368892319775,0.27387091014167647,19.332244237025122
421,pre_cut,200057.0,,,24242.0,24709.710889616887,0.0,158.564169656803
421,post_10pct,20127.0,0.02601986674562151,0.4000000000014552,2859.0,2983.523120144838,0.0,52.16205437223297
421,post_1pct,2016.0,0.12106448350025811,0.8400000000001455,354.0,358.9099453864525,0.0,18.089546972457132
422,pre_cut,199792.0,,,23946.0,24754.786245439827,0.0,158.90094080016675
422,post_10pct,20068.0,0.02601986674562151,0.4000000000014552,2673.0,2907.8729524292976,0.0,51.15906640344401
422,post_1pct,2044.0,0.12106448350025811,0.8400000000001455,,,,
423,pre_cut,199290.0,,,24049.0,24658.840506392822,0.0,158.38822131070492
423,post_10pct,20223.0,0.02601986674562151,0.4000000000014552,2769.0,2927.574808349649,0.0,51.392507225141756
423,post_1pct,2047.0,0.12106448350025811,0.8400000000001455,376.0,385.9283374875888,0.0,19.267989157694608
424,pre_cut,200552.0,,,24155.0,25007.636064597362,0.0,159.8309688082298
424,post_10pct,20302.0,0.02601986674562151,0.4000000000014552,2766.0,3009.687616822852,0.0,52.31504817512661
424,post_1pct,2057.0,0.12106448350025811,0.8400000000001455,363.0,372.25231541587914,0.0,18.790510774862458
425,pre_cut,200220.0,,,24279.0,24677.668336386567,0.0,158.87121020259323
425,post_10pct,19971.0,0.02601986674562151,0.4000000000014552,2652.0,2915.9665846694525,0.0,51.43197679988335
425,post_1pct,2018.0,0.12106448350025811,0.8400000000001455,,,,
426,pre_cut,200282.0,,,24316.0,24775.5990084047,0.0,158.74449577200528
426,post_10pct,20031.0,0.02601986674562151,0.4000000000014552,2763.0,2931.023442416704,0.0,51.3705054566568
426,post_1pct,2060.0,0.12106448350025811,0.8400000000001455,375.0,379.4941962189382,0.0,19.142511360616826
427,pre_cut,199457.0,,,24146.0,24813.207468083987,0.0,159.01898643366692
427,post_10pct,19776.0,0.02601986674562151,0.4000000000014552,2755.0,2837.6722816624615,0.0,50.15101909038694
427,post_1pct,2044.0,0.12106448350025811,0.8400000000001455,367.0,366.143995756216,0.0320808163431471,18.57422939262662
428,pre_cut,199118.0,,,24093.0,24563.308118723013,0.0,158.29469483069846
428,post_10pct,20122.0,0.02601986674562151,0.4000000000014552,2804.0,2827.380702567526,0.0,50.14845347196227
428,post_1pct,1974.0,0.12106448350025811,0.8400000000001455,380.0,350.82919244782283,1.0921810539680683,18.288122004139662
429,pre_cut,200428.0,,,24114.0,24918.80246807819,0.0,159.83115084819983
429,post_10pct,20330.0,0.02601986674562151,0.4000000000014552,2726.0,2980.8174969208812,0.0,51.94556333377384
429,post_1pct,1986.0,0.12106448350025811,0.8400000000001455,344.0,376.18931890199815,0.0,19.212460965318755
430,pre_cut,200286.0,,,24236.0,24851.93815763801,0.0,159.18679877238088
430,post_10pct,19938.0,0.02601986674562151,0.4000000000014552,2746.0,2951.595342542101,0.0,51.779257774872235
430,post_1pct,2046.0,0.12106448350025811,0.8400000000001455,356.0,377.275643056959,0.0,18.96219935284045
431,pre_cut,200635.0,,,24237.0,24883.17974070858,0.0,159.1417844125192
431,post_10pct,20288.0,0.02601986674562151,0.4000000000014552,2773.0,2903.6565451935453,0.0,50.86544280287239
431,post_1pct,2066.0,0.12106448350025811,0.8400000000001455,372.0,377.8542952587935,0.0,18.907495710371673
432,pre_cut,200195.0,,,24089.0,24725.954984389442,0.0,158.5900961359756
432,post_10pct,20198.0,0.02601986674562151,0.4000000000014552,2763.0,2899.610813381743,0.0,50.90217490911478
432,post_1pct,2042.0,0.12106448350025811,0.8400000000001455,357.0,366.92182974480124,0.0,18.713019863875168
433,pre_cut,200269.0,,,24482.0,24762.833577913523,0.0,159.06617670696812
433,post_10pct,20370.0,0.02601986674562151,0.4000000000014552,2864.0,2940.903724740916,0.0,51.515856051525375
433,post_1pct,2019.0,0.12106448350025811,0.8400000000001455,381.0,372.02950935386235,0.3288251342170654,19.06248834217851
434,pre_cut,199587.0,,,23998.0,24987.285940500202,0.0,159.7453488067192
434,post_10pct,20152.0,0.02601986674562151,0.4000000000014552,2813.0,2938.252883090655,0.0,51.68126494782988
434,post_1pct,1965.0,0.12106448350025811,0.8400000000001455,338.0,370.3181220355144,0.0,19.132574878716813
435,pre_cut,200186.0,,,24326.0,24988.67099694896,0.0,159.94391459623068
435,post_10pct,20093.0,0.02601986674562151,0.4000000000014552,2711.0,2956.1571545278116,0.0,51.68115844381197
435,post_1pct,1983.0,0.12106448350025811,0.8400000000001455,357.0,388.81742389394526,0.0,19.84992042927965
436,pre_cut,200255.0,,,24308.0,24687.67514358028,0.0,158.7801240769229
436,post_10pct,20038.0,0.02601986674562151,0.4000000000014552,2737.0,2913.0942448007327,0.0,51.347295327738
436,post_1pct,2043.0,0.12106448350025811,0.8400000000001455,346.0,373.9765119047344,0.0,18.98408881505432
437,pre_cut,199916.0,,,24255.0,24810.2946376538,0.0,159.06620902135913
437,post_10pct,20146.0,0.02601986674562151,0.4000000000014552,2805.0,2882.5402739549395,0.0,50.7404109307958
437,post_1pct,2007.0,0.12106448350025811,0.8400000000001455,357.0,371.7801456975591,0.0,18.74178883297838
438,pre_cut,200762.0,,,24225.0,24753.23305959469,0.0,158.64533614630446
438,post_10pct,19969.0,0.02601986674562151,0.4000000000014552,2742.0,2895.981597434101,0.0,51.1840238063777
438,post_1pct,2059.0,0.12106448350025811,0.8400000000001455,398.0,366.4596669526577,1.153027034178029,18.744112368694292
439,pre_cut,199710.0,,,24092.0,24841.951780807893,0.0,159.05080821371203
439,post_10pct,19966.0,0.02601986674562151,0.4000000000014552,2792.0,2887.5058999819666,0.0,51.071609734900434
439,post_1pct,2033.0,0.12106448350025811,0.8400000000001455,355.0,401.3628097699662,0.0,19.92828316651241
440,pre_cut,199663.0,,,24189.0,24809.860955503762,0.0,159.3577388397214
440,post_10pct,19934.0,0.02601986674562151,0.4000000000014552,2686.0,2940.0269198208957,0.0,51.66533154077457
440,post_1pct,1941.0,0.12106448350025811,0.8400000000001455,353.0,360.05854485075736,0.0,18.456968933349263
441,pre_cut,200069.0,,,24093.0,24956.264755753007,0.0,159.67416786776585
441,post_10pct,20198.0,0.02601986674562151,0.4000000000014552,2796.0,2871.41166219753,0.0,50.486550822794655
441,post_1pct,2023.0,0.12106448350025811,0.8400000000001455,386.0,353.78046934480926,1.1979890620276117,18.39786790714274
442,pre_cut,199685.0,,,24362.0,24780.06252235922,0.0,159.114757617573
442,post_10pct,20026.0,0.02601986674562151,0.4000000000014552,2789.0,2918.086679087627,0.0,51.355527201573665
442,post_1pct,2022.0,0.12106448350025811,0.8400000000001455,390.0,361.305350551085,1.0630981987022852,18.43517908898934
443,pre_cut,200070.0,,,24122.0,24856.823536772426,0.0,158.8681933865624
443,post_10pct,20270.0,0.02601986674562151,0.4000000000014552,2743.0,2906.999419396698,0.0,51.072839350503855
443,post_1pct,1959.0,0.12106448350025811,0.8400000000001455,362.0,351.7659668120103,0.38864478479200504,18.215851820839692
444,pre_cut,199909.0,,,23870.0,24832.51788867616,0.0,159.28323837042637
444,post_10pct,20183.0,0.02601986674562151,0.4000000000014552,2700.0,2968.6535179245193,0.0,51.97805372396309
444,post_1pct,2085.0,0.12106448350025811,0.8400000000001455,371.0,368.4202422836234,0.09620106892263532,18.660393909776605
445,pre_cut,199460.0,,,24111.0,24839.50412293287,0.0,159.45673658520028
445,post_10pct,19945.0,0.02601986674562151,0.4000000000014552,2722.0,2884.6368754519317,0.0,51.060561928734714
445,post_1pct,2021.0,0.12106448350025811,0.8400000000001455,360.0,368.8514555320408,0.0,18.897130661361068
446,pre_cut,199893.0,,,23945.0,24770.628900536794,0.0,158.85274146174734
446,post_10pct,20200.0,0.02601986674562151,0.4000000000014552,2818.0,2905.5914211575855,0.0,51.198587358210006
446,post_1pct,2005.0,0.12106448350025811,0.8400000000001455,357.0,370.712277944875,0.0,18.829383769223494
447,pre_cut,200570.0,,,24130.0,24700.18633233563,0.0,158.58124218598968
447,post_10pct,20359.0,0.02601986674562151,0.4000000000014552,2754.0,2918.4495824548876,0.0,51.324986283980586
447,post_1pct,2055.0,0.12106448350025811,0.8400000000001455,360.0,375.7126803521395,0.0,19.095752362035146
448,pre_cut,199424.0,,,23976.0,24866.866694696793,0.0,159.5956762323081
448,post_10pct,20131.0,0.02601986674562151,0.4000000000014552,2750.0,2996.0591786674518,0.0,52.45606950167283
448,post_1pct,1949.0,0.12106448350025811,0.8400000000001455,326.0,395.1873339442658,0.0,19.91305658191184
449,pre_cut,199407.0,,,24094.0,24849.31230513521,0.0,159.25284505363496
449,post_10pct,20179.0,0.02601986674562151,0.4000000000014552,2767.0,2953.3526751056443,0.0,51.72274017167935
449,post_1pct,1986.0,0.12106448350025811,0.8400000000001455,371.0,388.0097179161819,0.0,19.754627882738916
450,pre_cut,200105.0,,,24379.0,24748.089330839306,0.0,159.23065662568303
450,post_10pct,20071.0,0.02601986674562151,0.4000000000014552,2760.0,2929.3852998785924,0.0,51.67415969617634
450,post_1pct,2028.0,0.12106448350025811,0.8400000000001455,346.0,386.61729520472556,0.0,19.275907518216677
451,pre_cut,199401.0,,,24032.0,24596.81878482471,0.0,158.65911240093087
451,post_10pct,19786.0,0.02601986674562151,0.4000000000014552,2745.0,2837.8253025932095,0.0,50.750597806077614
451,post_1pct,1959.0,0.12106448350025811,0.8400000000001455,341.0,362.9232606321892,0.0,18.831333270891296
452,pre_cut,199491.0,,,24201.0,24674.716124622308,0.0,158.52793673800505
452,post_10pct,19898.0,0.02601986674562151,0.4000000000014552,2741.0,2899.357450012939,0.0,50.95229263221686
452,post_1pct,2035.0,0.12106448350025811,0.8400000000001455,344.0,382.79849370676334,0.0,19.069010746429154
453,pre_cut,200286.0,,,24183.0,24896.663815400152,0.0,159.34490167423905
453,post_10pct,20153.0,0.02601986674562151,0.4000000000014552,2829.0,2875.140186135429,0.0,50.630328648333496
453,post_1pct,2061.0,0.12106448350025811,0.8400000000001455,363.0,374.11507198351615,0.0,18.94812516690517
454,pre_cut,200015.0,,,24041.0,24855.20851446908,0.0,159.20404935242175
454,post_10pct,20060.0,0.02601986674562151,0.4000000000014552,2728.0,2930.9678398596097,0.0,51.42182720921223
454,post_1pct,2080.0,0.12106448350025811,0.8400000000001455,382.0,391.01434708538557,0.0,19.595831069243005
455,pre_cut,199516.0,,,23616.0,24836.224658380914,0.0,158.9037208414173
455,post_10pct,20152.0,0.02601986674562151,0.4000000000014552,2693.0,2928.487297605893,0.0,51.205437804642344
455,post_1pct,1986.0,0.12106448350025811,0.8400000000001455,345.0,377.74435097414755,0.0,19.162696575661155
456,pre_cut,200254.0,,,23992.0,24746.75625472323,0.0,158.7664415796358
456,post_10pct,19943.0,0.02601986674562151,0.4000000000014552,2677.0,2906.0013020784,0.0,51.06453079478919
456,post_1pct,2048.0,0.12106448350025811,0.8400000000001455,356.0,385.95598499965354,0.0,19.321285566271715
457,pre_cut,199844.0,,,24028.0,24669.158169938484,0.0,158.76593317660036
457,post_10pct,20070.0,0.02601986674562151,0.4000000000014552,2750.0,2895.6662563227246,0.0,51.17811859803031
457,post_1pct,2009.0,0.12106448350025811,0.8400000000001455,364.0,350.2683018196842,0.523542492288561,18.017845234068126
458,pre_cut,200079.0,,,23632.0,24993.454653712477,0.0,160.13301686694646
458,post_10pct,19992.0,0.02601986674562151,0.4000000000014552,2716.0,2971.2187682751373,0.0,52.0924267097332
458,post_1pct,2056.0,0.12106448350025811,0.8400000000001455,347.0,398.00496203364236,0.0,19.869490351397573
459,pre_cut,199149.0,,,24109.0,24717.26651995555,0.0,158.78812530636318
459,post_10pct,19973.0,0.02601986674562151,0.4000000000014552,2748.0,2846.152522681046,0.0,50.41174112109328
459,post_1pct,1986.0,0.12106448350025811,0.8400000000001455,359.0,369.1491744048117,0.0,18.670090291987695
460,pre_cut,200422.0,,,24355.0,24903.02306110281,0.0,159.2252946025539
460,post_10pct,19910.0,0.02601986674562151,0.4000000000014552,2715.0,2921.3910755404786,0.0,51.368378302313175
460,post_1pct,1959.0,0.12106448350025811,0.8400000000001455,333.0,377.2396510198227,0.0,19.336477420207686
461,pre_cut,200369.0,,,24231.0,24751.25779014988,0.0,158.87347196868475
461,post_10pct,20055.0,0.02601986674562151,0.4000000000014552,2745.0,2900.8530773557986,0.0,51.18243340064165
461,post_1pct,1943.0,0.12106448350025811,0.8400000000001455,371.0,343.75182122271974,1.0350404994508486,17.980333470246304
462,pre_cut,199551.0,,,24062.0,24796.160467213173,0.0,158.97511760250345
462,post_10pct,19986.0,0.02601986674562151,0.4000000000014552,2698.0,2922.1368856722975,0.0,51.42884103310445
462,post_1pct,2085.0,0.12106448350025811,0.8400000000001455,382.0,385.18366513938975,0.0,19.33564407104898
463,pre_cut,199634.0,,,24130.0,24709.55162740982,0.0,158.61795537386192
463,post_10pct,19896.0,0.02601986674562151,0.4000000000014552,2646.0,2906.06423844193,0.0,51.30733921040902
463,post_1pct,1956.0,0.12106448350025811,0.8400000000001455,336.0,358.3505309060263,0.0,18.333888513741986
464,pre_cut,199886.0,,,24118.0,24922.291047334875,0.0,159.63004829318396
464,post_10pct,20075.0,0.02601986674562151,0.4000000000014552,2717.0,2926.5012608927113,0.0,51.29827987896982
464,post_1pct,1981.0,0.12106448350025811,0.8400000000001455,353.0,365.09655642910855,0.0,18.675899898376272
465,pre_cut,200236.0,,,24223.0,24655.10883926758,0.0,158.43943270571015
465,post_10pct,20161.0,0.02601986674562151,0.4000000000014552,2810.0,2891.567085131198,0.0,50.88530233762294
465,post_1pct,2051.0,0.12106448350025811,0.8400000000001455,379.0,395.97238997281823,0.0,19.62122381295733
466,pre_cut,200149.0,,,24409.0,24842.877580477336,0.0,159.05681199595892
466,post_10pct,20094.0,0.02601986674562151,0.4000000000014552,2795.0,2953.798124471473,0.0,51.60130136999854
466,post_1pct,1973.0,0.12106448350025811,0.8400000000001455,364.0,353.8852367478929,0.38359763951915393,18.21332042056272
467,pre_cut,199839.0,,,24287.0,24698.496139847462,0.0,158.7520794855148
467,post_10pct,20156.0,0.02601986674562151,0.4000000000014552,2760.0,2957.030027819593,0.0,51.64186649877828
467,post_1pct,2030.0,0.12106448350025811,0.8400000000001455,350.0,384.6901867899575,0.0,19.259017278798744
468,pre_cut,199848.0,,,24148.0,24716.31694918352,0.0,158.58754103200152
468,post_10pct,20153.0,0.02601986674562151,0.4000000000014552,2770.0,2922.8949970079,0.0,51.13430600334082
468,post_1pct,2026.0,0.12106448350025811,0.8400000000001455,369.0,377.70705531909334,0.0,19.108923930348514
469,pre_cut,200199.0,,,24373.0,24771.136626415802,0.0,158.81070098613378
469,post_10pct,20195.0,0.02601986674562151,0.4000000000014552,2834.0,2922.96019574397,0.0,51.33964640112424
469,post_1pct,2086.0,0.12106448350025811,0.8400000000001455,387.0,372.44800127560006,0.5349561562088041,18.801595604335148
470,pre_cut,200274.0,,,24341.0,24739.53751377383,0.0,158.76090950063085
470,post_10pct,20231.0,0.02601986674562151,0.4000000000014552,2802.0,2921.9025156407242,0.0,51.15541484618151
470,post_1pct,2084.0,0.12106448350025811,0.8400000000001455,380.0,375.8127648860605,0.15402030469111397,18.953085171411566
471,pre_cut,200003.0,,,23957.0,24853.837697499155,0.0,159.06334429835755
471,post_10pct,20003.0,0.02601986674562151,0.4000000000014552,2627.0,2918.919151243602,0.0,51.06656913146939
471,post_1pct,2038.0,0.12106448350025811,0.8400000000001455,334.0,373.0389603161906,0.0,18.692178636200673
472,pre_cut,199185.0,,,24386.0,24642.790028264833,0.0,158.27763462161136
472,post_10pct,20313.0,0.02601986674562151,0.4000000000014552,2749.0,2980.448915254134,0.0,51.770270502503706
472,post_1pct,1997.0,0.12106448350025811,0.8400000000001455,358.0,385.7631461834024,0.0,19.158471055545267
473,pre_cut,199710.0,,,,,,
473,post_10pct,20078.0,0.02601986674562151,0.4000000000014552,2732.0,2941.9294432392203,0.0,51.6110688455712
473,post_1pct,1984.0,0.12106448350025811,0.8400000000001455,333.0,375.82077872400316,0.0,18.99596762327509
474,pre_cut,199678.0,,,24374.0,24744.472200253993,0.0,159.13542913201147
474,post_10pct,20107.0,0.02601986674562151,0.4000000000014552,2787.0,2964.426863821709,0.0,52.13457011311869
474,post_1pct,2018.0,0.12106448350025811,0.8400000000001455,387.0,372.2346077937756,0.5381806276197756,19.129420934716144
475,pre_cut,200229.0,,,24096.0,24914.29083678923,0.0,159.24834815340006
475,post_10pct,20042.0,0.02601986674562151,0.4000000000014552,2679.0,2995.480679265919,0.0,52.139942322052136
475,post_1pct,2036.0,0.12106448350025811,0.8400000000001455,351.0,394.93831359509545,0.0,19.594780947603404
476,pre_cut,199969.0,,,24126.0,24730.047047852153,0.0,158.73975127334091
476,post_10pct,20070.0,0.02601986674562151,0.4000000000014552,2757.0,2893.841930130659,0.0,50.82297715976666
476,post_1pct,2008.0,0.12106448350025811,0.8400000000001455,336.0,379.4057262697437,0.0,19.143492397368025
477,pre_cut,200039.0,,,24215.0,24650.112209777377,0.0,158.68913739788852
477,post_10pct,19959.0,0.02601986674562151,0.4000000000014552,2698.0,2856.8863518825992,0.0,50.60740464760307
477,post_1pct,1984.0,0.12106448350025811,0.8400000000001455,387.0,357.07490793579865,1.1158477474903616,18.267951458700125
478,pre_cut,200728.0,,,24171.0,24861.89847507761,0.0,159.3572269478585
478,post_10pct,20015.0,0.02601986674562151,0.4000000000014552,2687.0,2888.0552892544592,0.0,50.95992950211967
478,post_1pct,1971.0,0.12106448350025811,0.8400000000001455,342.0,359.4216106993407,0.0,18.40298347636357
479,pre_cut,198812.0,,,23824.0,24659.512285120254,0.0,158.71419976194434
479,post_10pct,19779.0,0.02601986674562151,0.4000000000014552,2686.0,2938.34174587798,0.0,51.7736715892457
479,post_1pct,1961.0,0.12106448350025811,0.8400000000001455,353.0,366.86706421905717,0.0,18.63852628659937
480,pre_cut,200157.0,,,24269.0,24718.330692985095,0.0,159.12719387214307
480,post_10pct,20040.0,0.02601986674562151,0.4000000000014552,2783.0,2899.928540974718,0.0,51.20232941546133
480,post_1pct,2049.0,0.12106448350025811,0.8400000000001455,384.0,374.846831954232,0.33478746774919715,19.070611665373356
481,pre_cut,200105.0,,,24133.0,24927.701696124743,0.0,159.38092881152474
481,post_10pct,20111.0,0.02601986674562151,0.4000000000014552,2789.0,2934.27428851645,0.0,51.3777822330836
481,post_1pct,2021.0,0.12106448350025811,0.8400000000001455,,,,
482,pre_cut,199952.0,,,24254.0,24910.70210352183,0.0,159.75920311932546
482,post_10pct,20029.0,0.02601986674562151,0.4000000000014552,2790.0,2866.5564711274037,0.0,50.78457201964532
482,post_1pct,1980.0,0.12106448350025811,0.8400000000001455,387.0,338.9249240365515,1.8077113823309712,17.954107926266904
483,pre_cut,199876.0,,,24083.0,24826.90368412716,0.0,159.16260492207113
483,post_10pct,20109.0,0.02601986674562151,0.4000000000014552,2737.0,2976.5822967437985,0.0,51.915587681894365
483,post_1pct,1996.0,0.12106448350025811,0.8400000000001455,339.0,373.9287518714681,0.0,18.910453345140613
484,pre_cut,200022.0,,,24227.0,24778.632845707576,0.0,159.05950073372068
484,post_10pct,20074.0,0.02601986674562151,0.4000000000014552,2791.0,2939.0568599594594,0.0,51.44634307301951
484,post_1pct,2098.0,0.12106448350025811,0.8400000000001455,359.0,371.8057505352566,0.0,18.568632136695665
485,pre_cut,199960.0,,,24286.0,24607.638328415862,0.0,158.07460556733662
485,post_10pct,20132.0,0.02601986674562151,0.4000000000014552,2791.0,2908.7923600316,0.0,51.00952738467792
485,post_1pct,1913.0,0.12106448350025811,0.8400000000001455,322.0,356.774631398068,0.0,18.455038931665264
486,pre_cut,198963.0,,,24057.0,24621.958027979836,0.0,158.27610335798045
486,post_10pct,20027.0,0.02601986674562151,0.4000000000014552,2726.0,2885.97699729177,0.0,50.77461073992014
486,post_1pct,2033.0,0.12106448350025811,0.8400000000001455,369.0,381.305380237937,0.0,19.20852595467352
487,pre_cut,200788.0,,,24087.0,25027.572608054204,0.0,160.15514235503107
487,post_10pct,20344.0,0.02601986674562151,0.4000000000014552,2802.0,2973.411110617787,0.0,51.78342782419953
487,post_1pct,2041.0,0.12106448350025811,0.8400000000001455,362.0,393.6297472311983,0.0,19.442869090270268
488,pre_cut,200329.0,,,24229.0,24939.14964092326,0.0,159.48533985235207
488,post_10pct,20244.0,0.02601986674562151,0.4000000000014552,2708.0,2949.6597710600063,0.0,51.7230484580728
488,post_1pct,2003.0,0.12106448350025811,0.8400000000001455,327.0,393.96475381896585,0.0,19.618945676027813
489,pre_cut,200772.0,,,24431.0,24756.264714937242,0.0,158.76376934506487
489,post_10pct,20357.0,0.02601986674562151,0.4000000000014552,2803.0,2936.50965456596,0.0,51.57641632763094
489,post_1pct,2078.0,0.12106448350025811,0.8400000000001455,364.0,396.9285831705928,0.0,19.928323885733686
490,pre_cut,199689.0,,,24286.0,24765.667960137296,0.0,158.97449322750214
490,post_10pct,20141.0,0.02601986674562151,0.4000000000014552,2816.0,2916.7158945326505,0.0,51.35479139249559
490,post_1pct,2066.0,0.12106448350025811,0.8400000000001455,381.0,366.8682372806883,0.5263671166770252,18.45318949613316
491,pre_cut,200184.0,,,24314.0,24745.07226761071,0.0,158.77515227882662
491,post_10pct,20287.0,0.02601986674562151,0.4000000000014552,2827.0,2956.7479809914685,0.0,51.56482840905843
491,post_1pct,2000.0,0.12106448350025811,0.8400000000001455,372.0,354.18952255292686,0.652566710466845,19.2969140322882
492,pre_cut,199895.0,,,24013.0,24934.601174845786,0.0,159.83495231124576
492,post_10pct,19971.0,0.02601986674562151,0.4000000000014552,2736.0,2961.3888087584255,0.0,52.079553700249036
492,post_1pct,2019.0,0.12106448350025811,0.8400000000001455,368.0,391.08763330030536,0.0,19.718749259563484
493,pre_cut,199576.0,,,24264.0,24831.068514514503,0.0,159.20313638094171
493,post_10pct,19920.0,0.02601986674562151,0.4000000000014552,2785.0,2945.557964298524,0.0,51.729662654570035
493,post_1pct,2061.0,0.12106448350025811,0.8400000000001455,343.0,383.6485105445728,0.0,19.32844518228
494,pre_cut,199341.0,,,23944.0,24766.524269451453,0.0,159.04559461601522
494,post_10pct,20091.0,0.02601986674562151,0.4000000000014552,2689.0,2907.381457238143,0.0,51.22349058087945
494,post_1pct,1988.0,0.12106448350025811,0.8400000000001455,366.0,348.5727438739881,0.6597474331309646,18.23085032053538
495,pre_cut,200182.0,,,24340.0,24875.19881668013,0.0,159.3407500119116
495,post_10pct,20136.0,0.02601986674562151,0.4000000000014552,2901.0,2929.9691820040207,0.0,51.31462899814091
495,post_1pct,2036.0,0.12106448350025811,0.8400000000001455,416.0,365.38687793453505,1.8259642932139188,18.812676310350636
496,pre_cut,199571.0,,,23984.0,24771.723425150674,0.0,159.23743342510542
496,post_10pct,20088.0,0.02601986674562151,0.4000000000014552,2655.0,2980.852720137402,0.0,51.89067211741609
496,post_1pct,2011.0,0.12106448350025811,0.8400000000001455,353.0,382.29574821444817,0.0,19.312432562408492
497,pre_cut,199643.0,,,24131.0,24757.524581129204,0.0,158.75309728238065
497,post_10pct,19996.0,0.02601986674562151,0.4000000000014552,2666.0,2926.814154594037,0.0,51.73017742210139
497,post_1pct,2017.0,0.12106448350025811,0.8400000000001455,335.0,374.3006586024941,0.0,19.00155236951939
498,pre_cut,199990.0,,,24106.0,24997.73757327893,0.0,159.70476379055577
498,post_10pct,20418.0,0.02601986674562151,0.4000000000014552,2803.0,2963.6275146963635,0.0,51.49310081958353
498,post_1pct,2151.0,0.12106448350025811,0.8400000000001455,381.0,365.97107677288557,0.5620455122770566,18.30053908449251
499,pre_cut,200400.0,,,24092.0,24875.641533968534,0.0,159.34455974467247
499,post_10pct,20227.0,0.02601986674562151,0.4000000000014552,2724.0,3012.4967844755674,0.0,52.3961830120351
499,post_1pct,2133.0,0.12106448350025811,0.8400000000001455,393.0,439.1326404415951,0.0,21.152582767027592
